S5,S2,S1,ITTH
TCGA.OR.A5LC.01,0.466430338330989,0.382159275227546,0.151410386441465,0.918571553042582
TCGA.OR.A5JJ.01,0.54164822632481,0.157142023116506,0.301209750558684,0.895993444881969
TCGA.OR.A5K3.01,0.00390770331227037,0.18959535650035,0.806496940187379,0.464567835594268
TCGA.PK.A5HA.01,0.581198042375873,0.223995939196556,0.194806018427571,0.882181720908686
TCGA.OR.A5LN.01,0.0885456096363685,0.530071736428515,0.381382653935117,0.83628180845831
TCGA.OR.A5JA.01,0.103884633965343,0.119206613656457,0.7769087523782,0.623423933879473
TCGA.OR.A5K0.01,0.694726911084667,0.0849003466437063,0.220372742271627,0.724306538120175
TCGA.OR.A5JY.01,0.923189321148321,0.00098331748541736,0.075827361366262,0.251382991275607
TCGA.OR.A5J9.01,0.58477862728823,0.188176971407318,0.227044401304452,0.878099044997244
TCGA.OR.A5K4.01,0.20731320864952,0.257056335907269,0.535630455443211,0.9191714550215
TCGA.OR.A5L9.01,0.00115048705567014,0.997824638886738,0.00102487405759205,0.0154862578356873
TCGA.OR.A5KV.01,0.413683988254144,0.397634189909598,0.188681821836258,0.952574529070246
TCGA.OR.A5KY.01,0.355413962410757,0.259890266937269,0.384695770651973,0.987944235121316
TCGA.OR.A5K9.01,0.59903800283753,0.0967427613915156,0.304219235770954,0.814618733460543
TCGA.OR.A5J2.01,0.985310367301819,0.0146758524057756,1.37802924052156e-05,0.0698065304368637
TCGA.OR.A5JD.01,0.316610331886575,0.140774315807994,0.542615352305431,0.884625495903469
TCGA.OR.A5JX.01,0.309409012412769,0.262427205695197,0.428163781892034,0.980532428891634
TCGA.OR.A5KZ.01,0.466111442219199,0.379260606900751,0.15462795088005,0.921299931357123
TCGA.OR.A5LB.01,0.246174303359769,0.095407077740176,0.658418618900055,0.768603838690475
TCGA.OR.A5JR.01,0.00436321917074383,0.000567089593745281,0.995069691235511,0.0299188690922681
TCGA.OR.A5J6.01,2.4703446558085e-05,0.0786396999357817,0.92133559661766,0.250970393642876
TCGA.OR.A5J1.01,0.444476947970501,0.325714578880334,0.229808473149164,0.968228542324295
TCGA.OR.A5LD.01,1.42533172676814e-05,0.999981271515843,4.47516688932752e-06,0.000211989918678744
TCGA.OR.A5JK.01,0.35453488228121,0.249990108860813,0.395475008857977,0.984035581628794
TCGA.OR.A5LH.01,0.000143685305340618,0.000239164164664958,0.999617150529994,0.00332084782207355
TCGA.OR.A5JG.01,0.101709303905754,0.275430495687953,0.622860200406293,0.803284993033892
TCGA.OR.A5LS.01,0.386826785606337,0.0385834589603235,0.57458975543334,0.7385369619619
TCGA.OR.A5L8.01,0.699071479303096,0.125542469869125,0.175386050827778,0.742836942873132
TCGA.OR.A5LJ.01,0.519020506724519,0.264481260992709,0.216498232282772,0.931553043604277
TCGA.OR.A5KT.01,1.75368913238384e-05,4.71541646023422e-05,0.999935308944074,0.000661282410698262
TCGA.OR.A5JC.01,0.173199021714171,0.296377880926041,0.530423097359789,0.910634419626594
TCGA.OR.A5JI.01,0.158218740565939,0.442097814315953,0.399683445118108,0.927637179407191
TCGA.OR.A5LP.01,0.363667538979927,0.000408339530654062,0.635924121489419,0.599765077550851
TCGA.OR.A5J5.01,5.13755653196524e-05,0.613650367661332,0.386298256773349,0.607673078392271
TCGA.OR.A5JO.01,0.245883906089906,0.753602375539605,0.000513718370488554,0.511579197388307
TCGA.OR.A5LM.01,1.53855571883045e-06,4.99815748980893e-05,0.999948479869383,0.000516216859144014
TCGA.OR.A5LL.01,0.190689879795616,2.01290064474936e-06,0.80930810730374,0.443513827116404
TCGA.OR.A5K1.01,5.79876687225249e-06,0.334566324973559,0.665427876259568,0.580221756671539
TCGA.OR.A5J7.01,0.24270685899611,0.218029441704807,0.539263699299082,0.918210744703257
TCGA.OR.A5K6.01,0.657461392890822,0.0833938247949305,0.259144782314247,0.758070306521959
TCGA.OR.A5LA.01,0.000123981445912293,0.433436691028906,0.566439327525181,0.623903685974354
TCGA.OR.A5LO.01,0.158152694321664,0.116118271701685,0.72572903397665,0.70483197004947
TCGA.OR.A5L3.01,0.501033901134936,0.327519376470409,0.171446722394655,0.923144932039004
TCGA.OU.A5PI.01,0.337652600328404,0.000196004276203984,0.662151395395392,0.583695236668983
TCGA.OR.A5JP.01,0.303867899532976,0.440697626127263,0.255434474339762,0.975481728810005
TCGA.OR.A5JZ.01,0.367299729859852,0.0331899107143695,0.599510359425779,0.716942853614095
TCGA.OR.A5KU.01,0.647743526285904,0.00778407739972429,0.344472396314372,0.624610538695336
TCGA.OR.A5JW.01,0.040800298423413,3.6849665362538e-05,0.959162851911225,0.155551466144142
TCGA.OR.A5JL.01,1.13282796714762e-05,4.23492042144047e-05,0.999946322516114,0.000554447415649485
TCGA.OR.A5JB.01,0.414012841293672,0.123341479937617,0.462645678768712,0.891883285360217
TCGA.OR.A5K8.01,0.0822423385549053,0.226373669206367,0.691383992238728,0.725373280248402
TCGA.OR.A5LE.01,0.678865265301117,0.161109946263773,0.16002478843511,0.773988824813065
TCGA.OR.A5KO.01,0.152375875146918,0.204593166410552,0.64303095844253,0.814894865305963
TCGA.OR.A5K5.01,0.797570935095001,0.202394483107994,3.45817970052226e-05,0.458838859114245
TCGA.PA.A5YG.01,0.55312871237643,0.01545771624323,0.43141357138034,0.68693996347391
TCGA.OR.A5JF.01,0.412849242906591,0.0495060261817614,0.537644730911647,0.771586281477486
TCGA.PK.A5H9.01,0.189144180900156,0.0565670171266831,0.754288801973161,0.628197007533448
TCGA.OR.A5J3.01,0.233474303797884,1.87081495847064e-05,0.766506988052531,0.494858676280253
TCGA.OR.A5JS.01,0.560494789135315,0.0334454643422667,0.406059746522419,0.73191963845102
TCGA.PK.A5HB.01,0.315039799787568,0.0921889994346229,0.592771200777809,0.813432727335316
TCGA.OR.A5JE.01,0.546321999826669,0.453633495307634,4.45048656970023e-05,0.627432293099974
TCGA.OR.A5L6.01,0.296024020591849,0.496070142628045,0.207905836780106,0.941797076287007
TCGA.OR.A5LG.01,0.214977109907687,0.383405918196487,0.401616971895827,0.968860355097508
TCGA.OR.A5L4.01,0.0778724517185287,0.0233897910334669,0.898737757248004,0.34823553567641
TCGA.OR.A5LK.01,5.38786356780869e-05,0.999890554405611,5.5566958711238e-05,0.00107721477641786
TCGA.OR.A5K2.01,0.259508885339132,0.486534800672809,0.253956313988059,0.954532783276136
TCGA.OR.A5JT.01,0.187245021896402,0.00859984114675049,0.804155136956848,0.48231358040912
TCGA.OR.A5KW.01,0.13311376967995,0.0676107123023138,0.799275518017736,0.573132634553699
TCGA.OR.A5J8.01,0.407621912892813,0.252699672214198,0.339678414892988,0.983220233349509
TCGA.OR.A5JQ.01,0.885893951770713,0.103330766502597,0.01077528172669,0.355623944900045
TCGA.OR.A5JV.01,0.332733396531069,6.85894035524376e-05,0.667198014065379,0.579636646534573
TCGA.OR.A5KX.01,0.148313950995872,0.525526014135265,0.326160034868863,0.898010136827687
TCGA.OR.A5L5.01,0.544399457952152,0.390268607892141,0.0653319341557066,0.797814725491266
TCGA.P6.A5OG.01,0.434467343658134,0.532625114308775,0.0329075420330907,0.737344363301262
TCGA.OR.A5LR.01,0.328413187627942,0.0534146824499762,0.618172129922082,0.745944115769589
TCGA.OR.A5LT.01,0.342997844513156,0.239576711466177,0.417425444020667,0.977622947091483
