S3,S2,S1,S4,S7,ITTH
TCGA.DK.AA6S.01,0.0660967286931708,0.117327069986151,0.601582052079724,0.127651394654165,0.0873427545867895,0.753297723046445
TCGA.DK.A6B2.01,0.0369699955062606,0.613734808646983,0.34929519483811,3.97588534823583e-10,6.11057510165878e-10,0.490193892316627
TCGA.GU.A763.01,0.591388584535188,0.166759748936536,0.180060660149552,0.0617910062245015,1.54223741118164e-10,0.677304219046191
TCGA.XF.A9T4.01,0.00473996308751636,0.290826368633524,0.0981229781682426,0.602759317510203,0.00355137260051457,0.582509101444355
TCGA.FD.A5C1.01,5.95007366889456e-06,0.531012007143408,0.349017652085034,0.119961116031067,3.27466682161926e-06,0.595241004990875
TCGA.GU.A42Q.01,0.0807998539707283,1.56371967668147e-06,0.172924739758778,0.746266409527519,7.43302329775418e-06,0.450629698257158
TCGA.DK.A3IL.01,0.157939263853229,0.411307039422145,0.400458904662543,0.021042054546703,0.00925273751538051,0.713261663623359
TCGA.XF.AAMH.01,0.416246699535064,4.61241095166824e-11,0.558729956449357,2.12656391607445e-11,0.0250233439481894,0.486098924881359
TCGA.FT.A61P.01,2.37585583072393e-06,0.294898670625513,0.615223663906969,0.0527615539949514,0.0371137356167365,0.581856782031026
TCGA.G2.A2EF.01,1.13473590076444e-05,0.0185942418648256,0.840306199825604,0.140953493822094,0.000134717128469222,0.309302908031552
TCGA.XF.A9T2.01,0.127735099850974,0,0.82647720527591,0.045787694873116,0,0.348918501400758
TCGA.G2.A2EK.01,0.0870891792414711,0.484434444500739,0.358650721211012,0.0503519042894032,0.0194737507573746,0.719894647316122
TCGA.UY.A9PD.01,0.116163567871635,0.47001188310348,0.413645459779569,1.77381231986876e-05,0.000161351122117304,0.603736477399544
TCGA.DK.AA6P.01,0.0531867611017545,0.50341541371535,0.443260913617093,6.86306394942791e-05,6.8280926308298e-05,0.536528622207827
TCGA.GV.A3QK.01,0.11993486670099,0.612854943796318,0.245477825204882,0.00849247979943192,0.0132398844983784,0.619450864366823
TCGA.GC.A3I6.01,0.0407745975621742,0.249055191998877,0.344511776134994,0.319546025595032,0.0461124087089229,0.838940320842342
TCGA.UY.A8OC.01,0.133946479754263,5.20581776340034e-06,0.394608082220658,0.471434094514142,6.13769317419624e-06,0.615649628594608
TCGA.FD.A3B7.01,4.3837967660639e-05,3.27605896295964e-06,0.678426185277944,0.321447216657636,7.94840377960337e-05,0.390984094843862
TCGA.ZF.A9R1.01,0.138983275048601,0.421987760148807,0.295348706185631,0.142289644906854,0.00139061371010713,0.798512043202726
TCGA.ZF.A9RF.01,0.0775588145100165,4.9286819973195e-07,0.897721590390442,4.53393950577012e-06,0.0247145682918361,0.240252703319761
TCGA.4Z.AA7Q.01,0.0963408549728102,0.184777911717491,0.392468357060875,0.268235543970343,0.0581773322784806,0.884132106742084
TCGA.E7.A519.01,0.949304919245546,7.28849932581172e-06,9.49222469310743e-06,7.44366636783499e-05,0.0506038633667568,0.125061979945712
TCGA.G2.A3VY.01,0.0242315977830154,0.360016381849945,0.602100700367846,8.82017438364327e-06,0.0136424998248095,0.510795765236892
TCGA.C4.A0EZ.01,0.0216630905662137,1.1127387795706e-06,0.978321547683712,2.45789105216617e-06,1.17911202423498e-05,0.0650156664340194
TCGA.XF.A9SY.01,0.00075293145272461,0.00033036110448394,0.725619313195844,0.271520927588149,0.00177646665879842,0.376545859930431
TCGA.FD.A43U.01,0.407674192811956,0.290192332540592,0.302070591345462,4.20746980661411e-05,2.08086039232663e-05,0.675444083330742
TCGA.4Z.AA7S.01,0.104510417397262,0.490556588867587,0.335243100204035,0.0610663679759153,0.00862352555520001,0.722936175432535
TCGA.XF.AAML.01,0.0502224020124612,0.31404080814717,0.592632674216746,4.00575902236689e-06,0.0431001098646003,0.596222122290479
TCGA.DK.A6B5.01,0.11409951117496,0.186304246950922,0.366330590669437,0.213694394480418,0.119571256724264,0.939667544229191
TCGA.KQ.A41R.01,0.297322308192027,0.472134051555212,0.220332331282162,0.000151442582036078,0.0100598663885631,0.680886599903712
TCGA.4Z.AA87.01,0.0859604979752122,0.346567207995746,0.567433946889492,2.61446901877373e-05,1.22024493616165e-05,0.559279137028843
TCGA.FD.A6TE.01,0.0476137369524821,0.304582417024105,0.515385569248055,0.038089193916642,0.0943290828587158,0.74302512715615
TCGA.YC.A9TC.01,0.178891228086248,3.9972156436004e-07,0.736844884412778,0.0828398620907292,0.00142362568867964,0.465107918585306
TCGA.BT.A2LA.01,0.071701891377382,3.52432335914223e-07,0.928297015053279,4.57828552624148e-07,2.83308450238351e-07,0.16032698798671
TCGA.FD.A3NA.01,0.0604625281621917,0.409126162682306,0.416478372188681,0.0919553451897211,0.0219775917771002,0.7477419707282
TCGA.BT.A42F.01,0.0813297770226503,0.182577769868537,0.254461863192708,0.464220740537713,0.017409849378392,0.801264117091648
TCGA.2F.A9KW.01,0.0186845957440958,0.276155130681281,0.705144617411474,1.23758125289195e-05,3.28035062066783e-06,0.420174825342244
TCGA.4Z.AA80.01,0.0130141378001866,0.461168305710989,0.521915904734005,0.00378853813318168,0.000113113621637734,0.481516875229337
TCGA.XF.A8HD.01,0.0516834210168803,0.658508238713498,0.200358072973715,0.000194322783295025,0.0892559445126117,0.601240502525969
TCGA.2F.A9KT.01,0.11200895019954,0.235507800678401,0.417791850009484,0.234591369424123,0.000100029688451701,0.802422362592348
TCGA.E7.A677.01,0.141741930319363,0.334183136599698,0.364604234228432,0.15947038251828,3.16334226678215e-07,0.810130961539989
TCGA.SY.A9G0.01,0.0452024427461762,0.305427069753361,0.586811647445204,0.0538822997634419,0.00867654029181656,0.629785846062717
TCGA.CU.A0YR.01,9.79714614154411e-07,0.602982777163894,0.372092520127527,0.0249229608181666,7.62175798141749e-07,0.475273564074451
TCGA.K4.A83P.01,0.0653405264315248,0.472543304954818,0.449647986317441,9.08771124043274e-07,0.0124672735250924,0.588134203780242
TCGA.ZF.A9RL.01,0.128039115104243,0.465889587324708,0.359640493720912,0.0462462422477425,0.000184561602395125,0.702448621285614
TCGA.FD.A43S.01,0.436663186279928,0.313541753010371,0.206897436280578,2.0178782005846e-05,0.0428774456471172,0.737337729607592
TCGA.GV.A3QH.01,0.0468105838922583,0.442693749069951,0.495913662693222,7.83213725819518e-05,0.0145036829719867,0.567905644443038
TCGA.4Z.AA84.01,0.0943166799878198,0.01746672706807,0.726685994635476,0.0897960324052847,0.0717345659033495,0.57835205893231
TCGA.K4.A4AC.01,0.0649122731181218,4.16157179327187e-06,0.512797520999873,0.421891133576545,0.000394910733667174,0.551274988256456
TCGA.K4.A6MB.01,0.0446888388053108,0.384412306146528,0.475520121211126,0.0890441188165374,0.00633461502049765,0.68801162257626
TCGA.S5.A6DX.01,0.654144889362716,0.345850557060562,4.23415938977583e-06,1.66494480104496e-07,1.5292285240758e-07,0.400698940233342
TCGA.GU.A766.01,8.23719763513715e-06,0.215290604276198,0.754826504013002,0.0298746545131642,0,0.402577116471069
TCGA.HQ.A5ND.01,0.0701216340910368,0.104033870451604,0.517930209099687,0.284429469263549,0.0234848170941236,0.750723049598408
TCGA.E7.A7XN.01,0.159731813560289,0.111415758685073,0.233213407657768,0.377254576766844,0.118384443330026,0.930370854020482
TCGA.XF.AAMW.01,1.08305359307798e-05,0.0389951174679438,0.328119488141435,0.63283661718543,3.79466692610845e-05,0.486021614587364
TCGA.GC.A4ZW.01,0.0511100460092381,0.118818055492074,0.769552988163484,0.019291547939846,0.0412273623953577,0.505951073148129
TCGA.G2.AA3B.01,0.195766078065537,0.381343542044681,0.418740636699491,0.00108161719131294,0.00306812599897875,0.66890081346298
TCGA.DK.A2HX.01,0,0.314555096817465,0.178925976693297,0.00877097288086894,0.49774795360837,0.658930392333788
TCGA.GC.A3RB.01,0.0659673974104985,0.130729788102089,0.681222195609801,0.109388532812658,0.0126920860649536,0.624010899180712
TCGA.GV.A40E.01,0.0624415569438237,0.0810940677377831,0.69878449365448,0.135383456212604,0.0222964254513095,0.610695200038567
TCGA.XF.A9SU.01,0.283064947045922,0.330553907470647,0.386223478473599,8.3828577362946e-06,0.000149284152095964,0.678504786164622
TCGA.ZF.A9R9.01,0.190040583102424,0.482265042407095,0.319463984997138,0,0.00823038949334412,0.665643600180749
TCGA.DK.A2I2.01,0.00050883758519831,2.1967922418396e-05,0.541757957425231,0.389263546807477,0.0684476902596753,0.551112951566886
TCGA.FD.A3SQ.01,0.070084678178994,0.508182214168086,0.240146552172056,0.159507323719061,0.0220792317618021,0.77657434513383
TCGA.XF.A9SH.01,0.21370279997181,0.397421086177647,0.244211146916499,0.14465927738225,5.6895517934596e-06,0.820486722342553
TCGA.XF.A8HC.01,0.0767165964357008,0.476845126643294,0.342399122304289,1.32020059101543e-05,0.104025952610806,0.716188805059409
TCGA.K4.A5RI.01,0.114850787801256,0.059066218381862,0.308885490063803,0.460390993339646,0.0568065104134332,0.8068479627968
TCGA.BT.A20W.01,0.0667286142245095,0.431513136659281,0.500566599513158,0.000705897542938742,0.000485752060112192,0.558293336558403
TCGA.CU.A3YL.01,0.234881215713486,0.438980072677984,0.282557932876835,0.0418740038300516,0.00170677490164309,0.747182574258865
TCGA.DK.A1AD.01,0.0970617533009709,0.416167036068651,0.438175196992882,0.0485959732960731,4.03414225272859e-08,0.683311743416893
TCGA.XF.A9T8.01,0.0355192615996342,0.085911753720316,0.111068203952411,0.698506132688853,0.0689946480387857,0.626682217493692
TCGA.C4.A0F6.01,0.0807766056432379,0.359193019023365,0.509383366878593,0.0494344328913998,0.00121257556340407,0.665710308386325
TCGA.DK.AA6U.01,0.0623548664262744,0.248715864268156,0.671929585210381,8.3708869743421e-05,0.0169159752254453,0.531899052450002
TCGA.CF.A9FM.01,0.230939310838587,0.403486882677463,0.254274255590797,0.102782779139948,0.00851677175320485,0.82469527724678
TCGA.E7.A7DU.01,0.396230286120879,0.384976085373193,0.154587643866428,0.0642054930593052,4.91580195057954e-07,0.745111343929658
TCGA.UY.A9PA.01,0.00010407674618535,0.816450021597145,2.80255236814112e-06,0.146441486181301,0.0370016129230008,0.354084819903339
TCGA.FD.A3SJ.01,0.0688851031905443,0.228611790510739,0.692387781616729,0.000101785798581848,0.0100135388834059,0.511497130000462
TCGA.CF.A47X.01,0.146718779183643,0.614491450136313,0.238553857467183,0.000234724628564015,1.1885842970906e-06,0.574538991797237
TCGA.GV.A40G.01,0.0721478960446381,0.336464379149209,0.435218249055856,2.05837577461898e-07,0.156169269912719,0.750709088124683
TCGA.2F.A9KO.01,0.0569593273869505,0.522197271690096,0.276861926096357,0.130448651659551,0.0135328231670454,0.73439713563016
TCGA.HQ.A2OF.01,0.015742260935491,0.120963648506924,0.756561398242223,0.0392602631958862,0.0674724291194765,0.522501573948428
TCGA.DK.AA71.01,0.190632275267357,0.339819353162482,0.310659541076619,0.120816555521708,0.0380722749718333,0.885830761788084
TCGA.XF.A8HF.01,0.306774968760476,0.392721263468113,0.300473052939638,3.68154498831708e-06,2.70332867842741e-05,0.677985240739191
TCGA.CF.A5UA.01,0.436125979855014,0.246019197035346,0.259793379943417,0.0338667092672912,0.0241947338989309,0.783983356592555
TCGA.XF.A9T3.01,0.0814128777592092,0.0157161679913541,0.770102884786149,0.0771136994705118,0.055654369992776,0.515093798200872
TCGA.CF.A47W.01,0.53679971672274,0.187397552611131,0.24203325757186,0.0337144813697136,5.4991724555287e-05,0.687168024401857
TCGA.GC.A3RD.01,0.0511374046945241,0.449059928778523,0.415420703175313,0.0843781441102992,3.81924134122732e-06,0.674248245607654
TCGA.HQ.A5NE.01,0.0215506515750972,0.283523436759398,0.379689486446597,0.289062346932525,0.0261740782863821,0.784043995164625
TCGA.FD.A3N5.01,5.72149638620829e-07,2.74891394967712e-07,0.382200654993544,0.615173408360585,0.00262508960483778,0.423812087984076
TCGA.E7.A3Y1.01,0.337746284868095,0.262233452330597,0.322921449775116,0.0770122135055536,8.65995206384476e-05,0.795856283316336
TCGA.4Z.AA81.01,0.0711725583502381,0.301299622317611,0.3915445290726,0.134279307987709,0.101703982271842,0.881516663226565
TCGA.K4.A5RJ.01,0.00831697955555568,0.150045171121828,0.813523404799178,3.37315469694492e-05,0.0280807129764691,0.368456760522303
TCGA.CF.A5U8.01,0.387084018456157,0.372032996649072,0.221000220283542,0.019818677084064,6.40875271651797e-05,0.712791226944163
TCGA.K4.A3WS.01,0.0697011391209928,0.319697528475695,0.59774974844777,0.0127862460875133,6.53378680289015e-05,0.568018188153198
TCGA.XF.A9SW.01,0.133156805442949,0.16865231204459,0.600041992972686,4.9858482244878e-07,0.0981483909549533,0.685315568882959
TCGA.DK.AA6W.01,0.0388175583258259,2.87262257202736e-07,0.960468682873779,5.56059899465827e-07,0.000712915478238462,0.105646427863326
TCGA.DK.A3IS.01,0.273941113519825,0.384312286174328,0.218317000357947,0.118985710053815,0.00444388989408513,0.827509267906473
TCGA.GV.A3QG.01,1.37908244629658e-06,0.431252699768524,0.568744372232137,1.51970703039834e-06,2.92098629431395e-08,0.424810136543814
TCGA.G2.A2EO.01,0.246359758516923,0.198507184835543,0.472038134174395,0.0796361294890723,0.00345879298406631,0.771432420062465
TCGA.XF.A9T0.01,0.219429055400926,0.265783482979769,0.506783055149994,0.00759204545741231,0.000412361011899012,0.664648645995803
TCGA.FD.A5BU.01,0.0310948159543048,7.61608737162403e-05,0.161170747307614,0.807173739058119,0.000484536806245928,0.360023130551944
TCGA.GV.A3JX.01,0.0426888243123856,0.163011154736575,0.658992249947433,2.36715433642178e-05,0.135284099460243,0.606438203828969
TCGA.FD.A62S.01,0.00285567260645037,5.03856909743727e-06,0.717175568398792,0.279927985486076,3.57349395841067e-05,0.380245717086221
TCGA.BT.A2LB.01,0.0626831560232688,0.676332025719345,0.229835985225119,0.0311337803474854,1.5052684782006e-05,0.549408038621304
TCGA.FD.A6TI.01,0.00170922305736341,0.786252228613891,6.21275903544107e-06,0.0954034826340015,0.116628852935708,0.419284489029019
TCGA.XF.AAMJ.01,0.121230914982857,0.178791392913313,0.589025060315536,0.110873349065499,7.92827227945841e-05,0.695872040748402
TCGA.XF.A9SZ.01,0.103459344497906,0.473089523972088,0.269580139416904,0.100202763813244,0.0536682282998577,0.826181175736763
TCGA.CF.A9FL.01,0.204157003597776,0.435546530067619,0.266872565250837,0.0934202731910771,3.6278926907962e-06,0.783149514405128
TCGA.ZF.A9RD.01,0.0739886248755045,0.0149905652048452,0.280998553432739,0.602862054776755,0.0271602017101558,0.630872219924298
TCGA.GD.A3OS.01,0.0400153994465691,1.24663378345071e-06,0.959977529254915,5.23618049687995e-06,5.88484235868772e-07,0.104439523844118
TCGA.K4.A54R.01,0.06999389115334,0.345425185289654,0.495146067339732,0.0892898406324836,0.000145015584790233,0.694870808645715
TCGA.FT.A3EE.01,0.0480590319086393,0.290346909075984,0.460857516692835,0.186485640429113,0.0142509018934294,0.767793096171577
TCGA.FD.A43P.01,0.0215788935258327,0.338392895715837,0.616813672445781,3.83011274572073e-06,0.0232107081998039,0.5187353948065
TCGA.XF.A9SJ.01,0.159290307097974,0.429314044222922,0.284941281461037,4.10894424421781e-08,0.126454326128625,0.792116521251569
TCGA.K4.A5RH.01,2.73922033623536e-07,1.61753205765877e-05,0.999980919056024,1.42241913941067e-06,1.2092822261817e-06,0.000147438842084762
TCGA.R3.A69X.01,0.0582629232978713,0.418477202231149,0.366366958038538,0.127803967244066,0.0290889491883748,0.785292576280485
TCGA.UY.A78K.01,0.0521133711809666,0.342580171208318,0.50302506007452,0.000640708331758717,0.101640689204437,0.685754138300288
TCGA.CU.A3QU.01,2.08035975394953e-05,0.554351825771087,0.342352549552738,0,0.103274821078636,0.57704063237415
TCGA.DK.A3IV.01,0.0165642250407389,0.386236026168979,0.472387467108988,1.31595994968026e-05,0.124799122081796,0.652079479495303
TCGA.GU.A762.01,0.184772563136717,2.51756819571603e-05,0.718379466630301,0.0965977659832315,0.000225028567793191,0.483116896879561
TCGA.XF.AAMX.01,0.10151175130023,0.342375671156501,0.503800623681434,0.0523115716349956,3.82226839783184e-07,0.682807585925658
TCGA.CF.A1HS.01,4.82821349478726e-09,4.14385537505298e-09,0.458606589987587,0.541393391250649,9.78969521641612e-09,0.428545134620306
TCGA.GU.A42R.01,0.0985949354146917,0.384260205286019,0.331864644868934,0.150502531007563,0.0347776834227925,0.847390870355272
TCGA.YC.A8S6.01,0.132696645991111,0.36602481831216,0.369079439005343,0.1321240772264,7.50194649854794e-05,0.790270781795677
TCGA.ZF.AA4W.01,0.166340469508126,7.85125440405924e-05,0.166163106683326,0.648222739946021,0.0191951713184866,0.59289997815811
TCGA.BT.A42E.01,0.0752546040686711,0.068965403788439,0.42919144137352,0.426587481299755,1.06946961497411e-06,0.686930251344984
TCGA.E7.A7PW.01,0.263810635565101,0.346224647716974,0.374822467338392,9.98231595011954e-06,0.0151322670635835,0.714603911279106
TCGA.BT.A20U.01,0.0641647788066527,0.0774095555720927,0.373668400441391,0.435490391294308,0.0492668738855559,0.778189163564377
TCGA.GU.A764.01,0.0692769960036167,0.0264973175408938,0.725765105427326,0.133646428870914,0.0448141521572493,0.572813043479082
TCGA.ZF.AA4R.01,0.0198483594377474,0.137162588577922,0.727428634002961,0.0962215244855827,0.0193388934957862,0.548855598877905
TCGA.CF.A8HX.01,0.37948872943698,0.300639589338465,0.280509827254539,0.0374503687961377,0.00191148517387822,0.758382285900697
TCGA.E5.A4U1.01,0.393918199204327,0.228617038708729,0.377453481611701,1.12804752427422e-05,0,0.666217141773205
TCGA.FD.A3SN.01,0.146035358386166,0.242310906015966,0.395730789877336,0.21186202706146,0.00406091865907217,0.834095921840346
TCGA.4Z.AA86.01,4.25291848739098e-05,0.0238150301010173,0.690735357212867,0.28522034639236,0.000186737108882029,0.437678655753385
TCGA.CF.A47V.01,0.396842280726932,0.533412660855293,0.0263832533101593,0.0431077025064435,0.00025410260117178,0.581281663736855
TCGA.FD.A5BR.01,0.125861311174656,0.42735714248282,0.394210637134029,0.0455515946820028,0.00701931452649255,0.72487500265748
TCGA.GV.A3QF.01,0.0904356120761497,0.543492271103099,0.224007487879595,0.137594363889759,0.00447026505139714,0.733762273760335
TCGA.XF.AAN4.01,2.12356410205127e-06,0.0824197062511189,0.862192756780669,0.0553839171006368,1.49630347278685e-06,0.306849998296913
TCGA.XF.A9ST.01,0.0979531750836525,3.55620700554546e-06,0.902032782374848,1.05860537273406e-06,9.42772912120662e-06,0.19928889110035
TCGA.GV.A6ZA.01,0.230694324108124,0.312590684682344,0.440614385094541,0.0157802407365433,0.000320365378447165,0.702742742946038
TCGA.PQ.A6FN.01,0.236542791832096,5.15424460138653e-05,0.476841948965799,0.265346393600193,0.0212173231558986,0.701138727481586
TCGA.XF.A9T6.01,0.224150583787267,1.17317094122055e-09,0.655761087696378,0.10398195769084,0.0161063696523443,0.567757331989147
TCGA.CF.A3MG.01,0.153770337118261,0.521769938558457,0.199345768883467,0.11955740935021,0.00555654608960534,0.765240066817155
TCGA.ZF.A9RE.01,0.0591463288735944,0.0849785244834468,0.389033858476116,0.425596696442909,0.0412445917239342,0.769898866494407
TCGA.DK.A1A5.01,0.0013969424204876,0.435967025203663,0.348707409768795,0.213898850619266,2.97719877882855e-05,0.664011210612928
TCGA.ZF.AA56.01,0.0956515918793421,0.146767341245753,0.238060458852995,0.438117260008649,0.0814033480132609,0.878290803800328
TCGA.GU.A767.01,0.313720284028172,0.412071449707587,0.274192843037523,3.94477596575946e-07,1.50287491207844e-05,0.673504768315713
TCGA.GC.A3WC.01,0.0337628141014349,0.00450050540848689,0.26002308018173,0.694787354496178,0.00692624581216992,0.482413419035853
TCGA.H4.A2HO.01,0.0102521797209175,0.95275337467473,0.036916458919105,4.54437726874443e-05,3.25429125602867e-05,0.133992036729614
TCGA.XF.AAMZ.01,0.147684842711674,0.399748637139268,0.436544123547365,0.0157479461089538,0.000274450492738828,0.670089819154225
TCGA.2F.A9KQ.01,0.131786595822163,0.61785553281805,0.167919855894324,0.082000552653348,0.000437462812115093,0.666478776872594
TCGA.4Z.AA7M.01,0.0640115113276868,0.264105557397336,0.643059934886565,0.0288210274679527,1.96892045935707e-06,0.567742229115304
TCGA.FD.A62O.01,0.127666459864359,0.510779117678433,0.287463560308861,0.0740058772942191,8.49848541281459e-05,0.719368548049612
TCGA.FD.A3B5.01,0.0360807752885552,4.77942949351526e-07,0.13751880834241,0.798236115658217,0.0281638227678683,0.4182352964036
TCGA.ZF.A9RM.01,0.021540105731077,0.545480414528601,0.427798716729556,0.0039942926470925,0.00118647036367426,0.501153074563406
TCGA.FJ.A871.01,0.203312418881288,1.55975168955186e-05,0.796633597819914,1.81426023938421e-05,2.02431795083343e-05,0.31414163940776
TCGA.XF.AAMT.01,0.0850663498442915,1.25338475879379e-05,0.477835406626999,0.437084987936147,7.21744974387583e-07,0.574363552234161
TCGA.FD.A6TD.01,0.144082288285231,0.0693208016818083,0.57039168011173,0.162908383711477,0.053296846209754,0.768133362848602
TCGA.UY.A78L.01,0.026693943689682,0.0590439998839078,0.488564510547939,0.321311918909985,0.104385626968486,0.754555625606231
TCGA.ZF.AA4V.01,0.0626863256040137,0.0646056234727512,0.637685247949608,0.12418753543235,0.110835267541276,0.708544384133662
TCGA.ZF.A9R7.01,0.199798758324671,0.558940291670176,0.212201403637816,0.0105041303690772,0.0185554159982602,0.682041348588088
TCGA.GV.A3QI.01,0.0303687167817298,0.176503185289996,0.743172353585297,0.0487263307705103,0.00122941357246702,0.489804204100655
TCGA.XF.A8HH.01,0.0532352122404576,0.627539488295896,0.292546832422559,0.00826867529272431,0.018409791748363,0.572445556321096
TCGA.GC.A3YS.01,0.0754436874611122,4.96620796852178e-08,0.690502668697067,0.234053594179742,0,0.491219067728277
TCGA.CU.A5W6.01,0.124239820087282,0.468058261594528,0.209064431747997,0.168304353679061,0.030333132891133,0.837307308214693
TCGA.BL.A3JM.01,0.0320296984486792,7.00133988903473e-08,0.96009221059414,0.00787788831200907,1.3263177268988e-07,0.116487338844919
TCGA.E5.A2PC.01,0.202141302277536,0.192866614596451,0.0742875500325862,0.507058555258753,0.0236459778346747,0.787000337482609
TCGA.FD.A5C0.01,0.0496444355942243,0.440292212958357,0.352053313356417,0.137082668000437,0.0209273700905646,0.764934961921715
TCGA.CF.A9FF.01,0.341737608083235,0.544748694110568,0.0821690014032383,0.0310875505586052,0.000257145844354272,0.629531667158455
TCGA.G2.A3IB.01,0.053719851056978,9.61379741952364e-08,0.0473098041233833,0.842225477193751,0.0567447714879135,0.378299153777714
TCGA.XF.AAME.01,0.0535560055670182,0.0800122587600271,0.636770251050267,0.202170385645753,0.0274910989769344,0.663734491676415
TCGA.FD.A43N.01,0.0875410087293718,0.558906535290845,0.263983695306838,0.0718879676970563,0.0176807929758893,0.714889163301393
TCGA.GC.A3BM.01,0.104775124501129,0.389299244831404,0.361304699069104,0.138986398557126,0.0056345330412363,0.792144538716268
TCGA.E7.A4IJ.01,0.143670745079112,0.284305761755902,0.547963730186979,1.87642887926574e-05,0.0240409986892141,0.655994020869688
TCGA.FD.A43Y.01,0.142618215658155,6.94046027080413e-06,0.0651494535219428,0.777771124889736,0.0144542654698955,0.442690144550542
TCGA.GV.A3JV.01,0.145104160716849,0.617307382257789,0.232687594154492,0.00482931180167046,7.15510691985096e-05,0.586283512186709
TCGA.FD.A3SL.01,9.562728134457e-07,0.615303946344752,0.260472852931678,7.45205427573907e-07,0.124221499245329,0.564376886720227
TCGA.XF.AAMG.01,0.0492276108176362,0.11624415157627,0.834414739754697,8.94525737786572e-05,2.40452776181644e-05,0.342071661352019
TCGA.E7.A6ME.01,0.0746458812582168,0.256413546100766,0.652778314311175,0.000270579082266421,0.0158916792475761,0.552455346592679
TCGA.BT.A20R.01,6.64102926341516e-06,0.260412813802223,0.586527493662223,4.23244884876567e-06,0.153048819057442,0.590715173374814
TCGA.UY.A8OD.01,0.238212229841607,0.281974399182193,0.448948550934216,6.78067576628103e-06,0.0308580393662184,0.724262267318863
TCGA.2F.A9KR.01,0.202824628693859,0.263831121352606,0.275543972482327,0.247753163720951,0.0100471137502564,0.883678247261985
TCGA.BT.A20O.01,0.000129564788907857,0.0519261238488567,0.830966285459409,0.116852979588604,0.000125046314223093,0.348325836094277
TCGA.LT.A5Z6.01,0.0706157661151433,0.395791553566658,0.486654104987872,6.19844939077854e-05,0.0468765908364183,0.651504903879802
TCGA.ZF.A9RC.01,0.179232407357425,0.271673042570266,0.506522773734805,0.042544305682139,2.74706553647384e-05,0.709120386743693
TCGA.BT.A20N.01,0.0388104218428496,0.175243954828652,0.589795758830434,0.194107082510396,0.00204278198766804,0.667039397495548
TCGA.DK.A3WX.01,5.11853324449318e-09,1.50549834398052e-05,0.625383168322397,0.374600812930575,9.58645055624622e-07,0.411042903792278
TCGA.CU.A0YN.01,4.43914562283322e-06,2.56319838737472e-07,0.51461149923828,0.467639299644086,0.0177445056521728,0.477750842486431
TCGA.CF.A9FH.01,0.324913565037271,0.516453121614813,0.0956399742602285,0.0625546428194097,0.000438696268277504,0.688303607343726
TCGA.FD.A3SP.01,7.4765821605013e-06,1.25910853254003e-06,0.914238388865613,0.085745699194655,7.1762490388325e-06,0.181919204421144
TCGA.GU.AATP.01,0.234015961733894,0.432903149186088,0.282520709699927,0.00106513144415949,0.0494950479359315,0.755229567598222
TCGA.FD.A5BT.01,0.98736513604475,0.00184000004573169,0.00182726237768176,0.00658273081309867,0.00238487071873824,0.0516529113044395
TCGA.CF.A3MI.01,0.415176765614605,0.449094176204162,0.0895523878638752,0.0459758135907381,0.000200856726619046,0.6734364657642
TCGA.LT.A8JT.01,0.174565972218161,0.537025147997744,0.247883431038562,0.0400687828057374,0.000456665939794855,0.693868188912954
TCGA.CF.A47T.01,0.45785017607813,0.230375614652203,0.265079464041552,0.0463485779766659,0.000346167251448553,0.741224080919106
TCGA.FJ.A3Z9.01,0.248851509729889,0.417548526741131,0.246451120044703,0.0866773272131059,0.000471516271171464,0.790064037534199
TCGA.DK.A6AW.01,0.365216917302168,0.302646212405837,0.199692672072896,0.00230231139946645,0.130141886819632,0.826779262832101
TCGA.E7.A97P.01,4.77424063457297e-07,0.212704231990706,0.33684756043662,0.37650221081222,0.0739455193363908,0.780482914501306
TCGA.E7.A6MF.01,0.118244299319631,0.221523891108235,0.428734292070733,0.161350276378567,0.0701472411228342,0.88861139027677
TCGA.S5.AA26.01,0.275590938774483,0.316204825860341,0.299435230846742,0.105361845665803,0.0034071588526316,0.830597968457282
TCGA.ZF.AA52.01,0.139600171670437,0.104403807239179,0.516279356893355,1.6112157076451e-05,0.239700552039954,0.742272750486758
TCGA.CU.A3KJ.01,1.21664101824723e-05,0.0174785141297428,0.228367335929763,0.75412994057145,1.20429588615531e-05,0.385890663302493
TCGA.DK.AA76.01,0.0307271349725206,0.56115318089862,0.401869962453447,0.00619768164608432,5.20400293282233e-05,0.51545842350792
TCGA.CF.A1HR.01,0.13064691945136,0.47610767706871,0.222937471951656,0.0786918519639652,0.0916160795643095,0.853000536244096
TCGA.DK.A6B1.01,0.0314153217896717,0.55773458318903,0.378412176298242,0.000252965571146801,0.0321849531519098,0.568383563543034
TCGA.CF.A47Y.01,0.474400980583353,0.325230331417173,0.120133736407482,0.0800596206683226,0.000175330923669759,0.731506745939454
TCGA.4Z.AA82.01,0.0213743177847798,0.115120192270163,0.457386647760972,0.401710592659241,0.00440824952484418,0.670495902550217
TCGA.GC.A3RC.01,2.55513336061227e-05,1.82669188595207e-05,0.227582234263752,0.77227198945812,0.000101958025662619,0.334186916925908
TCGA.E7.A678.01,0.398783947735847,0.278043882879697,0.273295612921039,0.0495727864963894,0.000303769967027474,0.76325884226453
TCGA.UY.A9PB.01,0.0235330291277282,0.0435801080344429,0.858974774918012,0.0727198728900249,0.00119221502979235,0.344212958416961
TCGA.ZF.AA5H.01,5.07067367366059e-07,0.0600306972453586,0.65811269888304,0.248883319029944,0.03297277777429,0.560974414722495
TCGA.KQ.A41O.01,0.397824141139853,0.236847148464314,0.365236289281401,8.26278470365475e-05,9.79326739540743e-06,0.668924635287659
TCGA.MV.A51V.01,0.0830486191377391,0.587233587921018,0.263653211641462,3.57043586290014e-11,0.066064581264077,0.652552650516195
TCGA.BT.A0S7.01,0.0671516010594784,0.0144608304974876,0.616220490464033,0.264608002840466,0.037559075138535,0.631293674485781
TCGA.XF.A8HI.01,0.200136176785427,0.386602654517563,0.269307935225007,0.135015998129932,0.00893723534207149,0.842032478621261
TCGA.2F.A9KP.01,0.0938372596389525,0.421351681945157,0.438085573083316,0.0467216939322485,3.79140032670903e-06,0.677849988837769
TCGA.CF.A8HY.01,0.631192813930735,0.14629270392224,0.0648706169154754,0.157643740525985,1.24705564055422e-07,0.646384523679064
TCGA.E7.A3X6.01,0.133437178845842,0.353363760175687,0.190979512494146,0.265486845281448,0.0567327032028769,0.911751219857895
TCGA.DK.AA6Q.01,0.138373996281429,7.16459712033512e-07,0.246341704681545,0.615283324954479,2.57622834628137e-07,0.570167457318983
TCGA.FD.A3B4.01,0.0704070521253523,1.28441327047398e-05,0.30578988771357,0.623752018837249,3.81971911241687e-05,0.524459751935268
TCGA.E7.A97Q.01,0.0597784668071335,0.742284244004191,0.197911801753232,1.68192790957854e-05,8.66815634701565e-06,0.441464838261683
TCGA.DK.A3X1.01,0.149037440458883,0.297850024353908,0.509036560061446,0.0440713006299994,4.67449576442149e-06,0.69950638261607
TCGA.DK.A3IK.01,0.156442897903916,0.532677603088433,0.31087593091559,1.60363225750184e-06,1.96445980366164e-06,0.614484931035439
TCGA.DK.AA6M.01,0.199682058840685,5.58484512559749e-05,0.696080672758153,0.0358798992340306,0.0683015207158757,0.544988854611605
TCGA.DK.A3IT.01,0.0437979588777108,0.483894202082375,0.385265657585916,0.0829244362458162,0.00411774520818162,0.674036348895505
TCGA.FD.A5BZ.01,0.088748273530225,0.422313712580135,0.385168156635776,0.103765008965103,4.84828876116915e-06,0.734177311582097
TCGA.ZF.AA53.01,0.147161627636708,3.72586467215204e-05,0.301039920751372,0.551761192344506,6.20693103157982e-10,0.603860497375487
TCGA.YC.A89H.01,0.215344760033127,0.369559295541471,0.23774282738256,0.177352607562227,5.09480613874573e-07,0.836834459707685
TCGA.UY.A9PE.01,0.218777249053062,0.260369091127034,0.520844976158528,7.30307266903366e-06,1.38058870694072e-06,0.63543718184302
TCGA.BT.A3PK.01,5.45003172015351e-07,0.042589730462785,0.515598519915845,0.385618614880528,0.0561925897376703,0.624571272466775
TCGA.GU.A42P.01,0.0481861386643637,0.321194783799047,0.597967400218208,4.94144419924748e-05,0.0326022628763882,0.578153752598988
TCGA.KQ.A41Q.01,0.0731536169216795,0.395091470656286,0.531754042038458,8.13500131674037e-07,5.68834445750847e-08,0.555512154186283
TCGA.SY.A9G5.01,0.126339928170494,0.425267090233534,0.270829432412326,0.12451996911966,0.0530435800639869,0.866106879433423
TCGA.UY.A78P.01,0.147562367897593,0.149887857400753,0.423028995925991,0.185403250090402,0.0941175286852603,0.910648249001854
TCGA.UY.A78O.01,0.296724601012085,0.534852394221172,0.164523779978263,5.19039595582877e-06,0.00389403439252386,0.629898165246089
TCGA.DK.A3WW.01,0.0828378309502333,2.51895936061492e-05,0.242475924084444,0.652301952495424,0.0223591028762927,0.567793579746537
TCGA.G2.AA3D.01,0.148050599349619,0.426949810035106,0.322896116014985,0.0824917206590563,0.0196117539412335,0.804079491336029
TCGA.ZF.A9R5.01,0.232723473189304,0.268060235145547,0.444713812454728,0.0544777722248714,2.47069855492475e-05,0.752656766441738
TCGA.KQ.A41P.01,0.266528707406643,0.271489597569193,0.311119454674586,0.115708828280669,0.0351534120689082,0.892795137240315
TCGA.DK.A1AG.01,0.254980065387896,0.242687168406622,0.35319996636194,0.139780780754846,0.00935201908869484,0.856453877618681
TCGA.ZF.A9R2.01,0.137611044773119,0.310295147800076,0.401095668420887,0.150992814363956,5.32464196166656e-06,0.80027165079529
TCGA.DK.A1AC.01,3.41634191792366e-05,0.41851272227618,0.560854150227483,8.06337848201939e-05,0.0205183302923373,0.478265130994882
TCGA.BT.A20P.01,0.338297824891175,0.35575002293857,0.142417321756234,0.163534321643566,5.08770455641019e-07,0.812724011424511
TCGA.XF.AAMY.01,0.0341504570556608,0.498951561549636,0.400287734340297,0.0655591219504818,0.0010511251039243,0.630379016425783
TCGA.K4.A4AB.01,0.122888264044121,0.351783149235681,0.250317336173946,0.204174300797322,0.07083694974893,0.921918766746815
TCGA.BT.A3PH.01,0.0218224644523154,0.703636465592034,0.0756267753471435,0.160252049740875,0.0386622448676326,0.587311534409952
TCGA.BT.A3PJ.01,1.88099117873938e-05,4.97510564205404e-05,0.718642333973237,0.281257855331605,3.12497269503077e-05,0.369834728495297
TCGA.FD.A43X.01,0.365953166782999,0.343332372482773,0.21476753050447,0.0753900512483383,0.00055687898142012,0.785574469993229
TCGA.4Z.AA83.01,0.259034359086658,0.363683764269799,0.157794919737274,0.2170314913402,0.00245546556606798,0.842180514471663
TCGA.DK.AA6T.01,0.148338180605899,3.86188072795418e-05,0.851424173502832,0.000131227975401595,6.77991085879787e-05,0.262347065552538
TCGA.FD.A3B6.01,0.00908161639654592,0.0408457163255894,0.811585288783907,0.107744597413682,0.0307427810802761,0.428630824853147
TCGA.E7.A7DV.01,0.0966592252952068,0.188637355023182,0.647868214443191,5.12851325010972e-06,0.0668300767251705,0.622938615734202
TCGA.ZF.AA5N.01,0.189296801495815,0.374762594031704,0.224646908106309,0.17355649591074,0.0377372004554323,0.898417392986181
TCGA.GU.AATO.01,0.179867817796192,0.180375936452542,0.296929045904453,2.92110623943481e-06,0.342824278740573,0.83575407852824
TCGA.GD.A3OP.01,0.0190041897993806,0.674147171820341,0.277708715781252,0.00530168641344041,0.0238382361855867,0.505631147471395
TCGA.XF.AAN5.01,0.0191686223732949,0.107069516089701,0.571446049249594,0.28426514071758,0.0180506715698309,0.661613397484687
TCGA.XF.A8HG.01,0.107315244343034,0.540525503452222,0.327846855821932,0.0241878749732677,0.000124521409545225,0.639245978737975
TCGA.E7.A5KE.01,0.135829533341063,0.292411274786717,0.524350997844108,0.00200644478360887,0.0454017492445031,0.697189504104284
TCGA.XF.AAN3.01,0.166668022072298,0.0910655139341726,0.143908894538627,0.499721673191519,0.0986358962633825,0.851816670261563
TCGA.GD.A3OQ.01,0.0387353744082977,0.28233266695458,0.343664983729662,0.296918968178408,0.0383480067290521,0.829887898919603
TCGA.DK.A1AE.01,0.0691201528646839,8.75309881821656e-05,0.384149530571384,0.546638201966505,4.58360924457535e-06,0.548784039637938
TCGA.GV.A3JW.01,0.0562660849849464,0.459115918284775,0.472464228241127,0.00622302520637869,0.00593074328277381,0.581312054143697
TCGA.FD.A3SM.01,0.0967831030062015,0.390907099412303,0.0496316734211076,0.410961892059704,0.0517162321006836,0.783423737127415
TCGA.GU.AATQ.01,0.170560138145569,0.0265213541746695,0.33899275308823,0.443698054915239,0.0202276996762923,0.748150673025965
TCGA.CF.A47S.01,0.383040927779072,0.408850506231514,0.167700439407763,0.0404074850737254,6.41507924614536e-07,0.722213378633928
TCGA.XF.A8HB.01,0.20130161817548,0.128349267586583,0.479271265114065,0.138614021134622,0.0524638279892499,0.84950783253679
TCGA.XF.AAMQ.01,0.119339221039503,0.29817159657079,0.453893223644229,0.0778169615082923,0.0507789972371853,0.822065161944383
TCGA.DK.A1A7.01,0.20184452054674,0.365871973621958,0.432283180158594,3.02515406798697e-07,2.31573005910576e-08,0.654530971726405
TCGA.DK.AA77.01,0.125481905642576,0.401109891564951,0.332656201664585,0.124411566307088,0.0163404348208001,0.819868811688763
TCGA.E7.A6MD.01,0.146620288887463,0.334728902242281,0.453244154582829,0.056779945794033,0.00862670849339472,0.752050592039375
TCGA.FD.A3SR.01,1.43296733343558e-07,0.350537017513229,0.430317868758541,7.01443670898946e-08,0.21914490028713,0.660473892776145
TCGA.BL.A0C8.01,0,0.652674006344611,0.347325993655389,0,0,0.40124293439426
TCGA.ZF.A9RN.01,0.0465584613389604,5.04638192370515e-06,0.898763636849701,0.0457282484076495,0.00894460702176583,0.262234863074505
TCGA.CF.A3MH.01,0.306279945741912,0.399167752775946,0.14289415958783,0.131945147302644,0.0197129945916681,0.839830474421009
TCGA.XF.A9SP.01,0.176350894702605,0.267299686954362,0.531801930853771,0.0105686566653569,0.0139788308239054,0.684892681709654
TCGA.G2.AA3F.01,0.0431138501840227,0.487172057870366,0.469698590603208,1.37297284550089e-05,1.77161394836982e-06,0.52254363821658
TCGA.4Z.AA7W.01,0.458594788168336,0.10611573502308,0.155495617247626,0.121303710230586,0.158490149330372,0.890241998753083
TCGA.GC.A6I1.01,0.147601313078626,0.00792177568335871,0.564223300289751,0.277464864858312,0.00278874608995211,0.631128488243735
TCGA.GV.A3JZ.01,0.0398473422355752,0.200857229687328,0.749685195225362,0.00010847113974242,0.0095017617119929,0.442417190030455
TCGA.DK.A1AA.01,0.173788431921706,0.397536986051276,0.220822673966306,0.199160409644901,0.00869149841581116,0.849351512242659
TCGA.E7.A541.01,0.155872188157814,0.286887039170529,0.53605545154946,2.93683518149365e-07,0.0211850274386792,0.661007295915592
TCGA.DK.A6AV.01,0.130236082668916,0.334186208973031,0.461992579951907,0.0735726550657073,1.24733404385223e-05,0.733574236392608
TCGA.E7.A5KF.01,0.2179930832416,0.567696510094469,0.144623508068888,0.0696510522414141,3.58463536288044e-05,0.695311858327735
TCGA.GD.A2C5.01,0.12180633744649,0.413932457852916,0.439902907842793,0.0132937330886108,0.0110645637691903,0.677298935832927
TCGA.YF.AA3L.01,0.417439314677958,0.278123555101424,0.275078647609707,0.00227971605280093,0.0270787665581091,0.737669739033778
TCGA.DK.AA74.01,0.926544912748635,1.38891555909364e-08,0.0379899236285882,1.28049909523754e-08,0.0354651369286301,0.194700315002081
TCGA.FD.A3N6.01,0.0304076795345601,1.10849888387023e-05,4.29397830684271e-05,0.969495018835734,4.32768577987925e-05,0.0852744056710339
TCGA.DK.AA6R.01,0.00713942538294838,3.58966998165198e-11,0.376205081512135,0.576826470702589,0.0398290223664309,0.527403399799737
TCGA.4Z.AA89.01,0.269412307752123,0.436650261636337,0.154662024154822,0.139187950718755,8.7455737962373e-05,0.79476237862289
TCGA.BT.A20X.01,0.0377563438261554,7.9330665903528e-05,0.155840951811881,0.806283095575259,4.02781208009542e-05,0.365453093177961
TCGA.DK.A1AB.01,1.53508483262348e-07,0.0951469918832502,0.3132205599907,0.511281844602201,0.0803504500153653,0.703971683337578
TCGA.DK.A3IU.01,1.41031599395474e-06,0.274724765374322,0.59691479953136,6.89204271455728e-07,0.128358335574053,0.575652175104537
TCGA.C4.A0F0.01,0.00623929303954329,3.4581741497557e-05,0.706065778728047,0.287564450033829,9.58964570825526e-05,0.395825534266958
TCGA.GC.A6I3.01,0.458952847238271,0.100834439376337,0.439389648458839,1.51440367546122e-05,0.000807920889798206,0.594020813528958
TCGA.XF.A9SV.01,0.113736286019258,0.572358384283626,0.26941713393488,0.0443250821780042,0.000163113584231794,0.658308123144923
TCGA.FD.A62N.01,0.135506972029655,0.0691180281763202,0.795274030773068,7.94588502584085e-05,2.15101706990651e-05,0.396831017971263
TCGA.FD.A6TA.01,0.106959178841137,0.528010579107953,0.257417806832771,0.0805938052870487,0.0270186299310898,0.761854452099569
TCGA.XF.AAMR.01,0.0576667727383802,0.366725012362539,0.367652155012835,0.170713706126433,0.0372423537598129,0.823023691340911
TCGA.FD.A6TF.01,0.0736302807493242,0.0759138602858492,0.723020194308021,0.0506337827103005,0.0768018819465051,0.602972669062098
TCGA.CF.A3MF.01,0.425227667132901,0.508740870187987,0.0659321018596873,6.18502819983763e-06,9.31757912254968e-05,0.55153263615997
TCGA.5N.A9KI.01,0.101003430443051,0.0916468513957358,0.305056081326386,0.000175973162210456,0.502117663672616,0.720873254973047
TCGA.ZF.AA4X.01,0.0550163358922243,0.386967875550407,0.4669805246983,0.00246739960477441,0.0885678642542937,0.690949563510665
TCGA.BL.A13J.01,0.0310284464529407,0.344399037302172,0.345875139539645,0.273631077700241,0.00506629900500153,0.760186926460104
TCGA.ZF.A9R0.01,0.228505745259219,0.638483298197569,0.0874673380131536,0.0454303483058577,0.000113270224200822,0.607898135811088
TCGA.ZF.AA51.01,0.17007734884651,0.381356641021861,0.432663632741956,0.0158753497596747,2.70276299978831e-05,0.681894495739554
TCGA.G2.A2ES.01,0.040009915866512,0.0280464522746478,0.32076152451457,0.547720654809709,0.063461452534561,0.682500569320801
TCGA.CU.A0YO.01,0.0608927338151525,0.421057075704791,0.245917910811849,0.146722402824302,0.125409876843905,0.883260200965045
TCGA.GC.A3OO.01,0.0765377212096687,0.278203136092253,0.424099545698485,0.115995883166637,0.105163713832956,0.871827981921454
TCGA.DK.A6B6.01,0.0820713534583706,0.533187674522431,0.379274881355663,4.6715750867101e-05,0.00541937491266907,0.582160823004608
TCGA.BT.A20T.01,0.183646554242067,0.432248689262246,0.211792508226541,0.172292085897525,2.01623716214084e-05,0.811290694175911
TCGA.K4.A6FZ.01,0.0571059425268127,0.315355273742233,0.242182572561973,0.316644518158785,0.0687116930101964,0.88166518421559
TCGA.G2.A2EJ.01,0.0187963346760859,0.000255125064692874,0.197988587413139,0.743664916014055,0.0392950368320265,0.462827863438194
TCGA.DK.A2I6.01,0.0958365315680336,0.0347778902243143,0.669656079560886,0.193702625793333,0.00602687285343331,0.595761103811325
TCGA.XF.A8HE.01,0.0609883784599315,0.0169526751793012,0.374355489154679,0.490345957706857,0.057357499499231,0.696472405080528
TCGA.XF.A9SI.01,0.0670630337805493,0.0951917048311266,0.809880522565412,7.12939873831411e-05,0.0277934448355294,0.420104478198042
TCGA.XF.A9T5.01,0.110141684048851,7.77102940250449e-07,0.554741223788464,0.164631221284246,0.1704850937755,0.726013914852774
TCGA.XF.AAN7.01,0.0277993918759747,2.02451746714674e-08,0.966965679663456,1.42815677736895e-06,0.00523348005861736,0.0991588252598817
TCGA.DK.A2I1.01,0.19324738609119,0.506741498761501,0.299937839465432,4.6480163423225e-05,2.67955184535526e-05,0.636272839015303
TCGA.BT.A0YX.01,0.0635193444922983,0.0359871709233785,0.0711221999417367,0.788757656633631,0.0406136280089558,0.49707443850927
TCGA.DK.A1AF.01,3.59508766808547e-06,0.475229070195334,0.39475079178122,0.112143824505446,0.0178727184303317,0.644829390054352
TCGA.XF.A9SX.01,0.231561829091346,0.177202254384236,0.580427240714358,7.54070918589755e-05,0.0107332687182011,0.627876153725613
TCGA.UY.A9PF.01,0.0313629906319609,0.880391822376618,0.0882451869745578,4.66838761097554e-12,1.21947442880836e-11,0.270256711347023
TCGA.K4.A3WV.01,0.0552028472045443,0.0456144092693306,0.717091150815908,0.124668244200251,0.0574233485099661,0.598259930490625
TCGA.E7.A8O7.01,0.128452306214487,0.499723470901294,0.293618625675899,0.0618160402614193,0.016389556946901,0.751529262029906
TCGA.FD.A5BY.01,0.115517192848862,0.104942997332093,0.4638339564756,0.259554315151182,0.0561515381922638,0.841297536742109
TCGA.BT.A20V.01,0.0436142432430903,0.0526673215514981,0.699243257680283,0.169633181822368,0.0348419957027604,0.59631139051809
TCGA.ZF.AA4U.01,0.245758079049928,0.34997203689447,0.256416429724671,0.146983947403479,0.000869506927452947,0.838345682066508
TCGA.PQ.A6FI.01,0.0777772806922185,4.92629770906569e-05,0.384379030233565,0.537780093722333,1.43323747931321e-05,0.559441980930326
TCGA.DK.A3IM.01,4.32814965040377e-07,0,0.435616700588608,0.564382866596427,0,0.42551515679944
TCGA.ZF.AA4T.01,0.0564376667431658,0.3106026642542,0.615450337609726,0.00774333380297697,0.00976599758993123,0.563545418300102
TCGA.G2.A2EL.01,8.17221508843072e-08,0,0.999999918277849,0,0,8.79451637633403e-07
TCGA.FD.A5BS.01,0.29563299087229,0.075473308518911,0.622828828983098,0.00153626803847365,0.00452860358722784,0.549623294713254
TCGA.FD.A6TC.01,0.108973409568706,0.51812978553466,0.248485961648437,0.122740803255017,0.00167003999317997,0.743350546134063
TCGA.DK.A3X2.01,0.0712857402281638,0.0889045327823399,0.674115135058102,0.149873328889504,0.0158212630418903,0.633346417310575
TCGA.UY.A78N.01,0.173804948427851,0.142941504836842,0.683230706463978,8.02333799909047e-07,2.20379375285535e-05,0.52359909780221
TCGA.FD.A3SS.01,0.0363469001866053,0.155538987468198,0.561034787140519,0.144824276572201,0.102255048632477,0.774917065801578
TCGA.4Z.AA7R.01,0.0600225568902216,0.132119853598509,0.792846790083419,5.87049279076079e-06,0.0150049289350605,0.424610364668435
TCGA.DK.A1A3.01,1.42286365312922e-07,0.412368522322738,0.42713558995928,3.19755837261107e-06,0.160492547873245,0.635191459115538
TCGA.E7.A85H.01,0.119367738197582,0.339552618581252,0.541077664307749,1.19301518717171e-06,7.85898229405651e-07,0.592029377243776
TCGA.DK.AA6X.01,0.0595706074128311,0.179341935607117,0.568955342862062,0.0393720247534394,0.152760089364551,0.752720180729214
TCGA.CF.A27C.01,0.224053302675941,0.50911420257993,0.197530795052331,0.067882950798699,0.00141874889309861,0.740086896787444
TCGA.KQ.A41N.01,0.277027890564037,0.364075129669598,0.339278267755557,5.60955049667271e-06,0.0196131024603112,0.725333031980415
TCGA.XF.A9SK.01,0.188281971471521,0.315572023753979,0.305834664206621,0.114583667096199,0.0757276734716792,0.922282141064498
TCGA.ZF.A9R4.01,0.0674182494584016,0.43238001564687,0.492318447688184,9.51231963660967e-05,0.00778816401017853,0.57902846657885
TCGA.FJ.A3ZE.01,0.166191375521765,0.301402402454293,0.401632564325553,0.127865705421663,0.00290795227672567,0.811509896535388
TCGA.GD.A76B.01,0.107564518252241,0.642820810788442,0.229585585750725,0,0.0200290852085927,0.584082174440171
TCGA.G2.A3IE.01,0.234691118857751,0.451624231758426,0.313233976678271,1.30108062785771e-06,0.000449371624924994,0.66250724539986
TCGA.BT.A20Q.01,0.100366951966474,0.450646056780396,0.26667987563142,0.182305745789381,1.36983232811098e-06,0.778359799056391
TCGA.XF.A9SM.01,1.58087859846873e-06,0.0539036374802619,0.90920642736385,0.0355031328848366,0.00138522139245262,0.230902036175798
TCGA.FD.A5BX.01,0.536565886869829,2.892234879816e-07,0.463431062616992,1.068273041846e-06,1.69301664872797e-06,0.429039793285589
TCGA.DK.A2I4.01,1.71608778911738e-05,0.387288697362652,0.588459510609441,0.00531725691850361,0.0189173742315123,0.486192641111018
TCGA.FD.A3B3.01,7.90777088251402e-05,1.03151654865607e-05,0.44142336669127,0.55845881507579,2.84253586283946e-05,0.427155987572936
TCGA.H4.A2HQ.01,0.0974887868053201,0.284279991175286,0.521792197691635,0.094026698377065,0.0024123259506937,0.721230318234899
TCGA.4Z.AA7Y.01,0.0926622932891983,0.562778924849835,0.0707993111141916,0.273759470518189,2.28585877294676e-10,0.674816398234338
TCGA.FD.A5BV.01,0.152043672471798,0.313980537806857,0.509111853800991,0.0172307137391219,0.00763322218123239,0.684086112518512
TCGA.ZF.A9R3.01,0.0853478698049188,0.653256583597429,0.200661050744793,0.0418348877105052,0.0188996081423545,0.632686364254126
TCGA.UY.A78M.01,0.292136520143904,0.281892997011392,0.351035727693086,0.0749337858307345,9.6932088326568e-07,0.794122345550984
TCGA.BT.A20J.01,0.0181988904317954,3.74661231068568e-07,0.981800402108222,1.68097875519374e-07,1.64700875664413e-07,0.0565139210518274
TCGA.GD.A6C6.01,0.987864069122482,2.72963144662709e-06,0.00300249151191961,3.40709789487412e-06,0.00912730263625708,0.0450129235297334
TCGA.XF.AAN2.01,0.00970902097126455,0.186579143095179,0.569058291391426,0.0977801780695068,0.136873366472624,0.73231005247585
TCGA.4Z.AA7O.01,0.146665476852723,0.423106130078788,0.276526601297161,0.131076700576642,0.0226250911946866,0.840660513168709
TCGA.DK.AA6L.01,0.139171155300483,0.191419992525703,0.41357071476559,0.180377209174288,0.0754609282339371,0.907156261673939
TCGA.XF.AAN1.01,0.250834090570368,0.29936166959022,0.412024594826283,0.0376237570716758,0.00015588794145386,0.744398474952222
TCGA.BT.A42C.01,0.0667326302075622,0.427370384552618,0.400578832432316,0.101561726941361,0.00375642586614348,0.723037354177903
TCGA.ZF.AA54.01,0.000801517016275437,9.0875578564012e-07,0.989106215414939,0.0100754518865108,1.59069264893223e-05,0.0391814290651964
TCGA.K4.A3WU.01,0.0125299160727326,0.519623625895462,0.432185784962853,5.49722089551388e-05,0.0356057008599966,0.544849841778657
TCGA.ZF.AA58.01,6.77727550781069e-06,0.0141678621030248,0.985611270825447,7.78905507257708e-06,0.000206300740948309,0.0475427838506259
TCGA.ZF.AA4N.01,0.0317786186035825,0.0306596960924684,0.352588286985858,0.584732226896093,0.000241171421998407,0.55906505891953
TCGA.BL.A5ZZ.01,3.03483503316852e-06,0.00272101657303188,0.848707473380173,0.148553274261704,1.52009500576572e-05,0.272620177616714
TCGA.CF.A7I0.01,0.230008417459502,0.541779355748389,0.216227045369731,0.0117785230635396,0.000206658358838583,0.655686852727305
TCGA.DK.A3IN.01,0.0389500913916587,0.18920336676699,0.675735053751602,0.0961092551887732,2.23290097645869e-06,0.578725312984446
TCGA.DK.A6B0.01,0.355853159822399,0.313062563138615,0.245191865661913,0.0789269731291713,0.00696543824790147,0.814530402304513
TCGA.XF.AAN0.01,0.0561243772530381,5.19469172498174e-06,0.31983673605613,0.0400092770704482,0.584024414928659,0.602184898293463
TCGA.E7.A4XJ.01,0.234144965133794,0.432786017235937,0.292711601577836,0.0388037174661628,0.0015536985862704,0.744449355102106
TCGA.G2.AA3C.01,0.278461342225782,5.00920315735792e-06,0.711458860621051,0.0100710867798712,3.70117013835181e-06,0.400530339155383
TCGA.HQ.A2OE.01,0.0387799176517522,0.336502023716148,0.548217044052806,0.0765009816792446,3.29000487934748e-08,0.632952480407672
TCGA.5N.A9KM.01,0.128023681543191,0.646054038348569,0.0720522936642436,0.139314495895019,0.0145554905489777,0.665501266372055
TCGA.FD.A6TK.01,3.88804934225573e-11,0.204849276188774,0.529099689174675,0.266051034576568,2.11022161076418e-11,0.629951277736761
TCGA.UY.A8OB.01,0.0965848387076218,0.110764914592291,0.603794177890652,0.188853507416591,2.56139284362098e-06,0.676578031324424
TCGA.DK.A3IQ.01,0.0525845275022314,0.206971987770964,0.363216047218003,0.376870553553054,0.000356883955747598,0.757623880282927
TCGA.FD.A6TG.01,0.120256314689108,0.438466121510141,0.344025551698598,0.0972520121021532,0,0.751785175942479
TCGA.KQ.A41S.01,0.0291627440431392,0.333524102676335,0.375982111786234,0,0.261331041494291,0.73802023134773
TCGA.LC.A66R.01,0.00892610904846525,0.0747974069656956,0.710319948903116,0.175258738085299,0.0306977969974232,0.553718151468392
TCGA.BL.A13I.01,0.0102625944934415,1.84415925401601e-06,0.702351384634128,0.287366180445181,1.79962679955053e-05,0.406177088934884
TCGA.FD.A3SO.01,3.92789248097249e-05,0.116545048821812,0.438412710923706,0.402224090688739,0.0427788706409339,0.691901644162287
TCGA.BT.A2LD.01,0.0102108056492196,0.262634876400106,0.645325755334763,0.0400680599753306,0.0417605026405811,0.585379343101163
