S8,S3,S5,S7,S1,S9,S2,ITTH
TCGA.EA.A3HT.01,0.119278311325316,5.57272990513459e-06,5.57368484882225e-06,0.000112492956677745,0.0350191615601405,0.800962656777894,0.044616230965218,0.353904114097485
TCGA.FU.A3HZ.01,1.59760504978443e-06,0.0283944949694745,0.951293375368321,0.00342940732384432,0.0168792921190023,8.67812878410209e-07,9.64801429142489e-07,0.121811905017608
TCGA.FU.A3TQ.01,0.235427098368598,0.0125000251649471,0.022444017758578,0.00972010085637907,2.94485956803464e-08,0.674896368308264,0.0450123600946384,0.478172744265081
TCGA.DS.A0VK.01,0.226638775881835,0.394889782874804,0.0242599516555412,0.019545177556884,0.000122314881617632,0.253363237862701,0.0811807592866164,0.731415341928885
TCGA.UC.A7PG.01,3.19245726582308e-06,2.77154741018015e-06,0.211861212453543,0.0314659319147281,5.3348017797001e-06,0.756656200345183,5.3564800897188e-06,0.333419117274539
TCGA.C5.A7UE.01,0.00499820396747038,0.105681061110043,0.512592506398751,0.0943474120339927,8.08438653363698e-05,0.282183555273306,0.000116417351100201,0.610564303410612
TCGA.C5.A1MJ.01,0.363629116934728,0.000294523158067039,0.592490506075479,0.0292372381765724,0.0143198972290311,4.82893930084656e-06,2.38894868213639e-05,0.434122373322539
TCGA.UC.A7PI.01,0.826476928513561,2.15481525675663e-05,0.0184486973689736,0.0476968280056201,0.0915701791727359,1.97164821066376e-05,0.0157661023044353,0.339735702063271
TCGA.C5.A1MF.01,2.32113559638878e-06,1.71642405800451e-06,0.415442740151781,0.562025082655722,0.0148387064591042,7.0342736733797e-07,0.00768872974637023,0.405333858571269
TCGA.EA.A5ZF.01,0.637643565174169,0.0487553487546863,0.223437942332731,0.0200081341106471,0.0435815023746758,0.0265731269833457,3.80269745570564e-07,0.555153849169518
TCGA.EK.A3GJ.01,0.100768529447002,0.000733771664070212,0.205363743301796,0.0538003807987057,0.00110087113551102,0.409012120383507,0.229220583269409,0.734713198220722
TCGA.JW.A5VG.01,0.13818870130288,0.000190709783734477,0.253188434380447,0.0317259421289585,0.00106311097939248,0.0950770194185677,0.48056608200602,0.676055015977044
TCGA.C5.A1MH.01,1.59455236951791e-06,0.0296486887577099,0.0894053351488789,0.0657784545209765,5.30358594984921e-05,0.718160865246045,0.0969520259145218,0.495266381154794
TCGA.LP.A5U2.01,0.000583435813164365,0.00287260173209757,0.743941423801665,0.104425557872684,0.000545728127970136,0.147090612376173,0.000540640276246184,0.394279674250926
TCGA.EK.A2PI.01,0.064038851407255,0.413146285434247,0.0969918969284177,0.00886947991603161,0.000117922865690768,0.338533782835185,0.0783017806131724,0.707429504438589
TCGA.MA.AA41.01,6.31711455673612e-05,0.00307232496511329,0.235982951235871,0.0684732738807494,0.000452740554671792,0.569652256771248,0.12230328144678,0.577507586357712
TCGA.EA.A439.01,0.693243623198001,0.0260087013893544,0.230252626184758,0.0131997502423703,0.0372868320737264,7.95636345466206e-06,5.1054833530266e-07,0.445502911756796
TCGA.ZJ.A8QO.01,0.190092289230968,0.00353856507472434,0.456662649309035,0.000668526009033284,0.000344358981177098,0.250746696151469,0.097946915243593,0.655511017403966
TCGA.FU.A3EO.01,0.419744953634528,6.17801656846094e-06,3.57306813210681e-06,0.403719409508861,0.176520167989425,3.13957264991216e-06,2.57820983603929e-06,0.5328642840268
TCGA.JX.A3Q0.01,0.13366509710666,0.187532514967945,3.91637952639137e-05,0.0635466683082592,1.21747453253538e-06,0.563616927845836,0.0515984105015034,0.634432268060224
TCGA.4J.AA1J.01,0.33926367117935,0.00922537763235038,0.151823965329944,0.0361232162824405,5.99075173201088e-05,0.312256664869485,0.15124719718911,0.75328537910069
TCGA.JW.A5VL.01,0.0877715155167153,0.00619139107785553,0.0517213619791108,0.0200516003746338,0.000251440829133537,0.651198848692008,0.182813841530543,0.549190998817959
TCGA.C5.A2LS.01,0.860394991353155,2.06280965434248e-07,3.67169221165306e-06,0.0368405875610796,0.102745013208126,1.34822922418908e-06,1.418167523748e-05,0.249246413711478
TCGA.C5.A7UI.01,6.43067158621843e-05,0.0221658402910681,0.216613665704974,0.347585269845652,8.42736266536656e-05,0.259281541368496,0.154205102447295,0.731157258376704
TCGA.VS.A9UU.01,0.000399124714051916,0.0565426494495203,0.658527429134054,0.0280651284858141,9.61017489790118e-05,0.256284019142196,8.55473253842634e-05,0.45816730751944
TCGA.VS.A9V4.01,7.36965839366529e-08,3.91949684104805e-07,0.924315620053834,6.35813751520054e-07,0.0756827959631133,4.04049320527532e-07,7.84737127036666e-08,0.13778707138157
TCGA.LP.A5U3.01,0.118389677280913,0.0516543834057512,0.0379784215853431,0.0290968271037625,0.000296521714845606,0.660694249386187,0.101889919523197,0.586748555048284
TCGA.C5.A8YR.01,7.02785561475029e-07,0.00292407712878192,0.362608080126593,0.0116657279921932,0.0896729479283807,1.80668406714837e-06,0.533126657354422,0.507963179698922
TCGA.C5.A1M7.01,0.133307062954926,0.00992491951819226,0.438799288034923,1.94995952811578e-06,0.00307123127503965,0.227479121069563,0.187416427187827,0.690827993351884
TCGA.C5.A1BE.01,0.170620685187778,0.10630674563487,0.0674382233069974,0.021146946292952,1.86004230909386e-05,0.604295433064249,0.0301733660900629,0.623666952672655
TCGA.C5.A7CG.01,0.212564951349294,0.00270940823757947,0.474917160801437,0.0268540626926162,0.000685612170506425,0.282200220588986,6.85841595805899e-05,0.595412473243329
TCGA.C5.A2LT.01,0.00515114954285162,6.30215559277562e-06,0.35767484837954,0.0921462405853163,2.99578536055421e-06,0.0269458336478593,0.518072629903479,0.54102504743388
TCGA.EK.A3GM.01,0.77205799385322,7.78288178159925e-08,1.52668643627629e-07,0.0357048057045108,0.115160797431687,2.78958561398887e-07,0.0770758935545592,0.393222375664131
TCGA.VS.A94X.01,0.210563819447219,0.00327394302998108,0.184940947586188,5.75262392530779e-06,2.35444436594743e-06,0.282866956208448,0.318346226659873,0.709485353639511
TCGA.Q1.A73R.01,0.639358574792607,0.0029421929328282,0.357696669838723,4.60987714978431e-07,1.49819023856829e-06,1.27651223215855e-07,4.75606664807332e-07,0.344774613366603
TCGA.VS.A8EC.01,0.124282022607985,0.0547291947529389,0.621727956044664,0.0168597527275156,1.73006501450405e-06,0.182399248341158,9.54607243823443e-08,0.561619756806045
TCGA.EK.A2RN.01,2.65297477963932e-05,9.05128234827835e-05,3.78070949083768e-05,0.0947326510394723,4.47780592793662e-05,0.897431000720826,0.00763672051423431,0.184776381188927
TCGA.VS.A9UI.01,0.113039790819365,0.00406946467987737,0.0406165963002508,0.0221383434840655,4.54945794488552e-06,0.763068588992814,0.0570626662656823,0.438408452385789
TCGA.C5.A8YT.01,0.291225097420835,2.04354919065329e-05,0.688201453022828,0.0204931046432212,3.80804652572142e-05,6.12345300947099e-06,1.5705502943438e-05,0.358167062599116
TCGA.LP.A4AW.01,0.215578659012459,0.0585281026450468,0.275602055876461,0.0974100165795121,0.00367019694457817,0.339756819132709,0.00945414980923379,0.776181288767259
TCGA.EK.A2RM.01,0.28282394922886,0.483248173971822,0.00021735690884391,0.0767267050225014,0.108285713462191,0.000575838931385709,0.0481222624743955,0.667277877176096
TCGA.EK.A2RC.01,0.0999484205267892,4.56350555258025e-08,0.0762636325372125,0.0786913116286838,0.0823124711767478,0.656870206414632,0.0059139120808793,0.585057000183803
TCGA.GH.A9DA.01,0.102447079347964,4.04749909044878e-05,0.08619755952454,0.0451359634187311,7.96591485043629e-06,0.185042076223193,0.581128880579816,0.623183155875164
TCGA.IR.A3L7.01,0.488777697591791,0.0116527988369194,0.188362097672266,0.00769941236298981,0.00461527162243988,0.298848784430235,4.39374833594859e-05,0.585797346517863
TCGA.C5.A1BF.01,0.00773533867190451,5.55201904018832e-10,0.360484108466033,0.0212232164648814,0.0920871767899564,0.0181622233815065,0.500307935670517,0.578695635538748
TCGA.VS.A9U5.01,0.363254412993887,0.0258440331744859,0.310030733358732,0.00233818796817177,0.0189812387941128,0.264019216373953,0.0155321773366579,0.684052614249651
TCGA.EK.A2RJ.01,2.89432564711446e-05,0.000151301565107495,0.248184910085045,0.0247481701609486,0.145857597252396,0.105979705060682,0.47504937261935,0.673877797288325
TCGA.EA.A3HS.01,0.0532803377815827,8.06162338734173e-07,0.170915559935671,0,0.000372376144681885,0.769717020997522,0.00571389897820334,0.355662706677304
TCGA.DS.A7WF.01,0.538421319155015,9.84770683435166e-06,0.413878336469587,0.0154119484282589,1.70039233390122e-05,0.000287272519783156,0.0319742717971831,0.449914663329705
TCGA.HM.A3JJ.01,0.328814698460641,0.0163850192548609,4.4774977628656e-07,0.0433334089292586,1.4659242399796e-06,0.376099213748082,0.235365745933142,0.656457453195439
TCGA.DS.A5RQ.01,0.125087610979281,0.0188265916217951,5.26914598943594e-06,0.0566961194486332,0.0230703183012309,0.773654292554023,0.00265979794904671,0.410537423530775
TCGA.VS.A8Q8.01,4.49805810622165e-06,0.0263721845525844,8.67144123074383e-06,0.236900493420354,0.233330226666861,4.19721363828783e-06,0.503379728647225,0.576767508385768
TCGA.IR.A3LH.01,0.140619000661985,0.000901191641688033,0.221819908440778,0.0124125747895349,0.00355560971833566,0.000682656097089244,0.620009058650589,0.509834248397937
TCGA.DR.A0ZM.01,0.206202116662231,3.3803085625822e-05,2.82871742772623e-05,0.478711765140206,1.71969073966839e-05,0.315004706018582,2.12501168127845e-06,0.535976608613604
TCGA.HG.A2PA.01,0.0865427146035712,0.26090500288122,0.09220266898466,0.0026951703185344,0.191804633682364,0.280678578139552,0.0851712313900983,0.863960224003728
TCGA.ZJ.AB0H.01,0.29418138420034,0.00277078712646069,0.158968572684898,0.0356962771636521,1.21396096659281e-05,0.508370360065407,4.79149576972699e-07,0.581558409823792
TCGA.C5.A7X5.01,2.27021476660847e-05,0.025302063741657,0.148984317434911,0.0537959513525459,0.000452265289131287,0.432756353457924,0.338686346576165,0.651001639645585
TCGA.UC.A7PF.01,0.105741272117496,1.94355400998373e-06,0.126592753070846,0.0314720695731766,0.00128464114680859,0.697594400928715,0.0373129196089475,0.509046998249404
TCGA.EA.A43B.01,0.0318504055523401,1.67540382413332e-09,1.25765986099384e-09,0.19721862505608,0.0540660799666424,1.57687681102675e-09,0.716864884914997,0.424641309448563
TCGA.FU.A770.01,0.797862859693976,5.34690864166404e-05,1.06755150350986e-05,0.0574239800251007,0.0478760387551841,5.62326473781609e-06,0.0967673536595497,0.368188839034721
TCGA.VS.A9UO.01,0.11304636918657,1.74455109612688e-05,0.143515541872044,4.67678407334218e-06,0.719396249427752,0.0239674876846201,5.22295339792765e-05,0.437923791735443
TCGA.ZJ.AAX8.01,0.127380444039367,0.0196427472069117,2.72334458902787e-08,0.00490128079036004,0.00688004298957869,0.793530489589933,0.0476649681504035,0.374417668102104
TCGA.LP.A4AU.01,4.20452778023686e-05,0.000158233566860689,0.324430657301063,0.0298664770739956,0.126754691200849,0.255991625690772,0.262756269888657,0.736769146898978
TCGA.VS.A959.01,0.542647317000743,9.95100695282057e-06,0.125277097290411,0.0209970462155069,0.0407611031707386,0.270303111676792,4.37363885609484e-06,0.59472694190822
TCGA.XS.A8TJ.01,0.415313700110366,0.0562830402577752,0.0177024708369499,0.00242967979985147,0.0030117875840118,0.50517348233126,8.58390797861343e-05,0.501656344635775
TCGA.EK.A2PL.01,0.314673216570039,0.00513080901313016,0.154120071828504,0.0629448009970943,0.000231825778058864,0.295931596938584,0.166967678874589,0.778198717649287
TCGA.DR.A0ZL.01,0.252002120513927,0.0225312982370009,0.238193700788942,0.0161564895271067,0.000422427874184603,0.401063897111646,0.0696300659471922,0.717618049793066
TCGA.VS.A9V5.01,0.860330082430496,4.94804916336645e-07,0.0146071546718165,0.026788302779238,0.0297282462923649,7.55125172820511e-07,0.0685449638959952,0.29620052383574
TCGA.C5.A1BI.01,3.22513744484882e-07,1.24753696939849e-07,0.107126543526917,1.36790324526859e-07,0.00924708030546059,0.883625210396058,5.81713798489063e-07,0.201418848364118
TCGA.EK.A3GK.01,0.766686748956234,3.71290103890341e-12,0.00873908260235966,0.0410837005512966,0.0500393795607418,6.77631850042405e-05,0.133383325140651,0.40879536751616
TCGA.PN.A8MA.01,0.480541852695423,2.72718001167965e-05,0.449589146329818,0.00281524839527537,1.73519831628512e-05,0.0670044678525588,4.66094364541645e-06,0.467519933528275
TCGA.EX.A69L.01,0.273773358388471,0.00656331600313107,0.237674684556067,0.0440659701079941,0.0113397465730519,0.244835180241153,0.181747744130132,0.807825213013984
TCGA.EX.A1H6.01,0.753927908448359,1.03021671321188e-05,0.0125312516963478,0.150840572893412,5.62507482435092e-06,2.43355742337367e-06,0.0826819061625022,0.390294251352277
TCGA.MY.A5BE.01,0.0890543632006281,0.0109572202073689,0.664915795104278,0.177272847961879,0.00141733884876682,0.0552299746458403,0.00115246003123914,0.524141726751032
TCGA.Q1.A73S.01,0.371064446339905,0.0110699433333883,0.35533679671211,0.0969194366604172,3.09711717037292e-06,0.165591530273493,1.47495635155183e-05,0.672978484329081
TCGA.VS.A9V2.01,0.145112002302579,0.0276085681015798,0.259960573775265,0.0209790833179378,0.0112477746214319,0.53063056953895,0.00446142834225637,0.627663653941289
TCGA.Q1.A73Q.01,0.178829201977113,0.114233342583095,0.33265671527639,0.000432261323190112,0.000833494117900486,0.372978046974292,3.69377480198332e-05,0.66769242454711
TCGA.ZJ.A8QR.01,0.188492098864247,0.028630982757181,2.85778357656902e-06,0.0214213492993285,3.18342184478928e-06,0.362205516968594,0.399244010905228,0.633683581549759
TCGA.EA.A5ZD.01,0.240564792115715,0.0115034614317402,0.0315794517539458,0.00432936392391342,0.0170622380946671,0.639826215273519,0.0551344774064988,0.535351750147075
TCGA.DS.A7WI.01,0.122066666604815,0.0128113268284077,0.202244706516398,0.174727302792427,5.79880678781916e-07,0.152105910981888,0.336043506395385,0.818909664058424
TCGA.VS.A8EL.01,1.72304276050448e-05,1.78426932427403e-05,0.186794989721554,0.143998866627286,5.07589823523483e-05,0.446399292593852,0.222721018954108,0.66183555243924
TCGA.VS.A9UJ.01,0.463311628550361,0.00315163510973257,0.39564531113725,8.94036228874763e-05,0.000343449788463604,0.0714783966976817,0.0659801750936235,0.571958837164376
TCGA.C5.A1ML.01,0.250270092206198,0.0381781159744263,0.176184768486872,0.00261298480643675,2.22040278797228e-06,0.409324973810512,0.123426844312767,0.728020765126004
TCGA.EA.A97N.01,0.178734613556018,0.0188776850301636,0.0124901740506251,0.00172000645039304,0.000414706924657614,0.687175362803968,0.100587451184175,0.48329156694512
TCGA.FU.A57G.01,0.193858638107528,1.42707001014839e-05,0.636119997016675,0.0165839570787196,0.153409937323276,9.7783424959438e-06,3.4214312043292e-06,0.49421427364138
TCGA.VS.A8QA.01,0.630156131832488,0.0221183450685339,0.162384174719464,0.023373581840865,0.0334352837098742,0.12554923606496,0.00298324676381444,0.590860081492771
TCGA.Q1.A73O.01,2.23110520875267e-06,4.81088942079703e-06,4.54590457366372e-06,3.65775533911249e-05,1.47820801953035e-05,0.575073208349311,0.424863844117899,0.350747688295833
TCGA.DG.A2KJ.01,0.171461833651476,1.15944781923716e-06,9.42244034115312e-06,0.711063792582471,0.117259592853718,2.99776069699529e-05,0.000174221417205268,0.410141175341709
TCGA.MA.AA42.01,0.0614508359295254,0.0314279186191846,0.217169078894536,0.114994390601119,5.11071523065156e-05,0.574901966612285,4.70219104313574e-06,0.606048603529585
TCGA.C5.A1BK.01,0.178281159827326,0.0297764169592963,0.0956352929367459,0.121715121764782,0.0019536161401306,0.499989534129163,0.0726488582425557,0.741111834615963
TCGA.C5.A2LV.01,0.000102685982279837,0.00235487769277631,0.269209657335944,0.145437746655485,0.000625475397715111,0.0165600668577854,0.565709490078014,0.536338100986168
TCGA.IR.A3LF.01,0.741443049606197,0.000118149226767713,0.187207103873486,0.0233671825167954,0.0477693293664284,3.08429152304749e-05,6.43424950952041e-05,0.395985340104103
TCGA.C5.A8YQ.01,3.67957439660315e-06,1.5849169200212e-05,0.449297765004275,0.0518157336607643,1.62830352731882e-05,0.463659101722181,0.0351915878339099,0.507424945218493
TCGA.C5.A7CH.01,0.0347017427073387,0.00434136555565189,0.331406092951793,0.0379018169216118,0.00114035068981537,0.250181679603779,0.340326951570011,0.694528711589589
TCGA.ZX.AA5X.01,0.202322394751305,0.000180264313274539,0.255637467021805,0.035566171537257,4.92420247359564e-05,0.425795609158011,0.0804488511936124,0.698370459749128
TCGA.VS.A9U7.01,0.0682648523502459,0.0230588755452417,0.342059234359677,0.0958956245611139,1.35014173492192e-06,0.466143912700068,0.00457615034191864,0.638472266669436
TCGA.IR.A3LK.01,0.390769882014309,8.87820373196795e-05,0.0559733688945293,0.0938565466328025,0.000413283059914201,0.305835562107351,0.153062575253775,0.72165101245305
TCGA.EA.A3HQ.01,0.133651289295259,0.0113317679008603,0.175986104704113,2.62039521463512e-06,1.60450470412935e-06,0.679024932972599,1.68022724995065e-06,0.45655743848535
TCGA.C5.A1MK.01,0.0735128369826983,1.66706159578757e-05,2.20630871851001e-05,0.0490077672381702,0.00750310144483654,0.869926657011709,1.09036194433288e-05,0.256004018581888
TCGA.C5.A7X3.01,0.0974529098144697,0.000388332335350583,0.257137686460636,0.092437402918058,0.0189798409655767,0.0294897049577248,0.504114122548184,0.680274303624181
TCGA.VS.A8QF.01,0.0731339693767212,0.0948686963533185,0.235068457485954,0.0656296688564747,0.00124693288445852,0.465364772239779,0.0646875028032936,0.758136572886502
TCGA.EK.A2IP.01,0.157369962271235,0.0141811803153553,0.00859678144111582,0.0788042552417301,9.31640886694643e-05,0.424484066820125,0.316470589821768,0.678948624589079
TCGA.EK.A2GZ.01,5.8564615662699e-07,0.0379373064491493,7.23071478761512e-07,0.0226763341893796,0.00949303710869421,0.858267458683701,0.0716245548514404,0.295089820725572
TCGA.EK.A2PM.01,2.87591912222631e-05,0.311534466490799,0.497018670208422,0.0306495174173099,7.78547949065417e-05,0.143588074948245,0.0171026569490958,0.599677960886136
TCGA.ZJ.AAXF.01,0.136648031614475,8.52583399346426e-06,0.270145654759009,0.0358573770863027,8.04035403100623e-05,0.557254522584466,5.48458144393821e-06,0.550720170190417
TCGA.EK.A2RK.01,1.27509684752386e-07,0.0765310169152766,0.325868765496112,0.160124571212438,1.5294121444548e-06,0.437471499643922,2.48981042153855e-06,0.625476554851784
TCGA.JX.A5QV.01,0.116636725422582,0.0375366198124882,0.0131971509304712,0.0877069758772132,0.0109937581136883,0.678693385866426,0.0552353839771306,0.574028390435904
TCGA.JW.A69B.01,0.83975749810275,0.0198207640118343,1.41644096438805e-06,0.0688664857019468,0.0714447227059239,9.70761423972958e-05,1.2036894183111e-05,0.307422160165572
TCGA.EA.A44S.01,3.59850060721508e-07,0.0265170741809592,0.0967842028183584,0.037952540994399,3.17503104448392e-06,0.838739162627319,3.48449785915106e-06,0.305265054060298
TCGA.FU.A3YQ.01,0.0787104701988001,0.000170614113164541,0.0315657045729019,7.21225026937829e-05,0.0342740614188061,0.814730012345367,0.0404770148482667,0.371906245579735
TCGA.JW.A852.01,6.67492738500204e-06,0.389877614559205,0.0140326050317087,0.33649527260196,7.54645593826776e-05,0.25751832358475,0.00199404473560829,0.594150587996037
TCGA.VS.A9UR.01,0.835416890777665,4.78957850666626e-07,0.0480979273209719,0.0267563386229203,0.0136592433155275,4.42174025027319e-06,0.0760646992648145,0.332866075653179
TCGA.FU.A3WB.01,0.22530439552054,0.0129568466633441,0.318844170059827,0.0120815441779998,0.00263909510461941,0.401654516980296,0.0265194314933733,0.662003076989383
TCGA.C5.A2LZ.01,0.181415488968367,0.00880220160973585,0.111574355935516,0.0148150457517316,6.73843706283198e-06,0.683377624086226,8.54521136073638e-06,0.47215336202292
TCGA.EA.A5FO.01,0.445373238805104,0.0331099318446098,0.221863967659639,0.00820694927601125,5.37416420591118e-05,0.257085945445387,0.0343062253271895,0.67422567897813
TCGA.ZJ.AB0I.01,0.0620725094179249,9.08259172252431e-06,3.87391830669546e-06,0.0386694703112831,6.6269833048148e-06,0.387522410553188,0.511716026224269,0.518393452279278
TCGA.EA.A3QD.01,0.124179930835944,0.0139938717880611,0.496362994924115,0.0974572971318629,0.000465366948593891,0.267483993406168,5.65449652552524e-05,0.642489991507984
TCGA.Q1.A6DT.01,3.85397200188188e-06,0.00628783528820003,0.318249600319463,0.00740687636513028,1.27890262370294e-05,0.324820575489279,0.343218469539689,0.598721473146708
TCGA.FU.A23K.01,0.0161948042997206,4.25369758359189e-05,0.595274430687885,0.388178436782492,0.00017869580318733,3.38078892097302e-05,9.7287561668847e-05,0.383423166895289
TCGA.EA.A410.01,1.76505292850752e-05,0.016249207846161,0.976151547888419,0.000106196802180415,0.00744831961459681,2.18513648425627e-05,5.22595451509219e-06,0.0660163140323279
TCGA.DS.A3LQ.01,2.46809156611598e-07,0.53156494302078,0.279147782933417,0.00895356380372612,1.40851348963643e-07,0.180332972924813,3.49656757681799e-07,0.536120947536354
TCGA.EK.A2RB.01,6.08427968504781e-05,0.045893436940664,0.0487965255402546,0.149270374010694,0.000264610076337526,0.755623163713923,9.104692127618e-05,0.404978539520508
TCGA.C5.A1MN.01,0.0197885545126215,0.0770187796528127,4.02923482182039e-05,0.000126383595701421,0.0007135234757609,0.0942120894510071,0.808100376963878,0.347661760877254
TCGA.ZJ.AAXU.01,9.84410695003489e-06,0.00331157298347777,0.38970338388186,0.105930582810358,0.000190982464499575,0.408234769029956,0.0926188647228984,0.622753385297486
TCGA.C5.A3HL.01,0.0429510861795554,0.0376531889906204,2.48350651272932e-05,0.000221913610588114,0.0125638546621391,0.867520986072188,0.0390641354197813,0.290738764561782
TCGA.C5.A8ZZ.01,0.0630779635833485,0.0874745784377228,0.437799805008544,1.431876072527e-06,3.62188786793589e-06,0.411641948264139,6.50942305635397e-07,0.572739695570965
TCGA.DS.A0VN.01,0.000409902995484933,0.0144910977688617,0.318935417915551,0.102913664273716,0.00364191444690364,0.317642078718812,0.241965923880671,0.714887792319164
TCGA.JW.A5VH.01,0.000267600404970538,0.0264664021557941,0.954977075904248,0.000117122528640852,0.0178965550577334,0.000272602341728198,2.64160688536873e-06,0.11184992359166
TCGA.VS.A957.01,0.407334466760189,0.0119735677929124,0.219075596588146,0.000273900310885431,0.000134936501221569,0.361195613973942,1.19180727037172e-05,0.577032119368786
TCGA.C5.A2LY.01,2.71904400992232e-05,0.0953146030408123,0.307461940304486,0.232210041769583,0.000207678275822765,0.250256762465277,0.11452178370392,0.78246453096068
TCGA.IR.A3LB.01,0.652132738978279,0.012666236083811,1.0885920486598e-06,0.0953630684324326,0.111430502857562,9.13173387498626e-07,0.128405451882478,0.54799190106788
TCGA.FU.A3NI.01,0.0475501130180752,6.17376213350547e-07,0.290465152129299,0.0227979377693299,0.000229686224301532,0.621223636470806,0.0177328570119747,0.492988594187569
TCGA.EA.A3QE.01,0.177921410595798,1.66979846763459e-11,1.0510885761061e-11,2.29597954920612e-10,0.00960938880147531,0.812469200267249,7.86704427295594e-11,0.267501068414099
TCGA.ZJ.AAXN.01,0.00706578260035985,6.85203698620638e-05,0.188076995154334,0.0250637130358193,0.0329184437822802,0.165033024734457,0.581773520322889,0.599787795248504
TCGA.C5.A1M5.01,0.256936190280123,0.0160992657658947,0.187569017494859,0.0225199843242215,1.74167518017577e-05,0.516855468301833,2.6570812674029e-06,0.594230925084932
TCGA.EA.A5O9.01,0.209456291986632,0.0212402922105568,0.1361328650439,0.112163308269163,3.31019191819202e-05,0.475616114263527,0.0453580263070397,0.729835596284795
TCGA.ZJ.AAXT.01,0.0529674861425203,0.000155435941762455,0.129338614307034,0.0297874496372404,0.000424114715942975,0.506504041305072,0.280822857950428,0.632439688175502
TCGA.C5.A8XJ.01,0.296107041092704,0.0151275432467679,0.289059924049358,0.00262320066931612,0.00142709266495977,0.379851871449356,0.0158033268275382,0.637597076860255
TCGA.MA.AA3W.01,0.312443994860048,0.0096478322374794,0.208289953854366,0.0308362088891555,0.0020036289014222,0.315581333247502,0.121197048010027,0.757737875798761
TCGA.C5.A3HD.01,0.232040896263145,0.00304032505467414,0.226531784897767,0.0110696861408211,0.000529294891364288,0.258612131761328,0.2681758809909,0.744903593566897
TCGA.FU.A5XV.01,0.657414056719942,0.0513444190395278,0.227137362260805,0.000139887740837695,0.00194296362112438,0.0425150909474072,0.0195062196703557,0.508393732436592
TCGA.C5.A1M8.01,1.53506939020967e-05,0.0102778004847796,0.171139527805154,0.0909256133987194,9.65661490052598e-05,0.727372137117885,0.000173004350554468,0.411770284189079
TCGA.BI.A0VS.01,4.33111011531467e-06,0.0274338989652857,0.237408022301161,0.00870975609455154,0.000178807290125777,0.402176442843225,0.324088741395536,0.624098313599035
TCGA.EX.A1H5.01,0.284512297077199,0.0708942087578259,0.303190588516244,0.0214420738562546,0.000509742072119793,0.310342677777099,0.00910841194325747,0.719073887044996
TCGA.VS.A9UQ.01,0.775772819408364,0.00354069883575613,0.0612769225770652,0.0259701476916463,0.0844377780001656,2.93805486472924e-05,0.0489722529383553,0.431471842815599
TCGA.C5.A7XC.01,0.0173021135328844,0.000607668952772468,0.226959623011807,0.00022418352626264,0.233631180531393,0.488176467436992,0.0330987630078896,0.624760202585492
TCGA.C5.A0TN.01,0.0189557376920317,0.0304729066379154,0.169970426858797,0.0570426502177467,0.0009645095309705,3.54251218009668e-05,0.722558343940737,0.456335882620827
TCGA.LP.A7HU.01,0.32974529587727,3.86015471198727e-05,0.542658894443325,0.126726867695281,0.000300114664335697,0.000446735465278279,8.34903073903414e-05,0.496622768792226
TCGA.DS.A0VL.01,0.39364255979905,0.0374590945330759,1.2455926841782e-06,0.0197627110656258,0.0265696863859591,0.484577698666589,0.0379870039570155,0.585481423077686
TCGA.DG.A2KH.01,0.642608919013077,0.000203371034640266,0.213943844426202,0.0645591348401099,0.0786478517574866,2.61093787796858e-05,1.07695497038257e-05,0.510351767001159
TCGA.VS.A9UH.01,2.9431268066511e-05,0.000213580279408877,0.0302830584202702,0.126444794045141,0.000154437381042016,3.19635782522856e-05,0.842842735027819,0.264806468373739
TCGA.C5.A8XI.01,0.334940210854411,0.0379149809673551,0.0126010051668509,0.0366427112462081,6.34691062478595e-06,0.43587804619131,0.14201669866324,0.671112590487527
TCGA.FU.A2QG.01,0.33101595098993,0,0.514350160597106,1.05269643380878e-05,1.840923119003e-05,6.22144586447309e-06,0.154598730771572,0.512332745323898
TCGA.C5.A3HF.01,0.512268479858467,0.000351372275013326,0.255293344200285,0.0584728952088991,0.130214589511233,0.0191374740566608,0.0242618448894412,0.663658951813449
TCGA.FU.A3TX.01,0.189398773052554,0.000735052692634968,0.522329858063847,2.4206282390398e-05,0.000134846341982542,0.217062583484098,0.0703146800824929,0.606082239263379
TCGA.VS.A9UV.01,0.147972489262059,0.0140855613290884,0.373767151698697,0.0135362780736236,0.000531569615602798,0.450074338423797,3.26115971321686e-05,0.581992728804567
TCGA.C5.A1ME.01,0.572420773425476,1.20256873187146e-05,0.0229449183019475,0.227778247351002,0.13675472920579,1.30847812322085e-05,0.0400762212472329,0.588009225493211
TCGA.C5.A7UC.01,0.114246094150837,0.0038072329021948,0.191871856549776,0.0144716480401364,0.000703892701618253,0.156237373557215,0.518661902098223,0.659211077803552
TCGA.JX.A3Q8.01,0.611033203722139,3.98439076029952e-07,0.235103306367237,0.117174402879709,0.0366603622112256,3.02918446364203e-06,2.52971961492676e-05,0.521149290661479
TCGA.VS.A94Y.01,0.0963148866190922,0.00782029781727109,6.33613875331842e-07,4.35395262160035e-06,0.0404562295271991,0.199849458954169,0.655554139515772,0.509670580595852
TCGA.EK.A2R7.01,0.611002105577531,0.0357046320764454,0.147175252601655,0.0590565785944436,0.123239607893742,0.0238218145883559,8.66782745025712e-09,0.624969689553692
TCGA.VS.A9V0.01,0.469758442340338,0.0143671289970293,0.44774348301329,0.000112850583597924,0.0499094368597309,1.02173658927725e-05,0.0180984408401208,0.513391047737607
TCGA.MA.AA3Y.01,0.000198808029983114,0.000393590108189552,0.246788236557318,0.0216676857200173,0.00158867299298889,0.0283176178028398,0.701045388788664,0.407671034063589
TCGA.C5.A7CM.01,2.15615196649978e-06,0.0497777660972552,0.350022473306889,0.0120152432137936,0.580015603632328,0.00816670181201335,5.57857546863709e-08,0.475425088179003
TCGA.Q1.A6DV.01,0.746773100737135,3.09432965644965e-05,0.102595345021432,0.0333322004091307,0.00276157359210597,0.017335527113722,0.0971713098299094,0.451434445153038
TCGA.C5.A1BL.01,0.225820887684414,0.0231931188894382,0.20626042949028,0.000755949302188084,0.000233278275967366,0.500501385637231,0.0432349507204815,0.636481805150661
TCGA.FU.A40J.01,0.807154538479634,1.81971070426827e-05,0.0733941089497359,0.0634989212677941,0.0296522408009959,9.24544245311739e-06,0.0262727479523446,0.380240861441566
TCGA.C5.A7CL.01,8.07268173508325e-07,0.016403013145683,2.47257320893496e-06,1.35241121135211e-06,0.0645789587312075,0.727061557320944,0.191951838549571,0.407513978172925
TCGA.EK.A3GN.01,0.189955305680249,0.0072283901259722,0.279360502836144,0.0310209444487754,0.0391776664802357,0.289366449651787,0.163890740776836,0.820848115446175
TCGA.C5.A1M9.01,0.509731283432624,0,0.231103845289852,0.0550541955151389,3.77712890146161e-06,5.82408461977612e-06,0.204101074548864,0.599268894695856
TCGA.MA.AA3Z.01,0.471972434462288,0.0255721224516364,0.065951750339348,0.010280177819827,1.96487234005004e-05,0.410495422103775,0.0157084440997253,0.568092439146075
TCGA.C5.A7UH.01,0.0466669529990193,1.45067902098137e-05,0.391637035283039,0.0199784796820884,4.62509681891844e-05,0.348446772044868,0.193210002232586,0.654675797680293
TCGA.VS.A953.01,4.88025270330823e-06,2.42811628868423e-06,0.362085504815156,0.0558076123487903,2.88525255810321e-05,0.411352087933814,0.170718634007666,0.614864314374886
TCGA.MU.A5YI.01,0.0993022300207865,0.00501567462309159,0.236313850988028,0.0590969738177005,0.00412200041390237,0.596108752773792,4.05173626986102e-05,0.562925810013332
TCGA.VS.A954.01,1.27362157405145e-06,0.0011362608155999,0.310677017754205,0.100241679713503,3.11735759239779e-06,0.587939662451596,9.88285929252847e-07,0.469601433994904
TCGA.IR.A3LC.01,0.173267801973779,0.0447915159699183,0.177069192002441,0.0219293279949827,0.020614164921497,0.425764604622885,0.136563392514496,0.795826960201933
TCGA.VS.A9UZ.01,0.83432833994468,6.46401917810808e-05,0.110793750348268,0.0257823855008469,0.0264531553514495,0.000312314179205569,0.00226541448376795,0.309479034089556
TCGA.VS.A958.01,0.288352390033219,0.000148826667964153,0.139392521728277,0.04221919789962,0.000147244824344342,0.496352868683622,0.033386950162953,0.632436883152151
TCGA.EA.A3Y4.01,8.5116679823311e-05,5.438829717162e-05,6.88422520494833e-05,0.282409467345887,0.0258760117186149,3.39258849247961e-05,0.691472247821529,0.364398691720907
TCGA.FU.A3HY.01,0.194212283886879,0.0279667614829135,0.0940769890439457,0.0280799532852944,0.000224912445554767,0.456778414105274,0.198660685750139,0.730691003805881
TCGA.C5.A7CO.01,0.231741852178546,0.0253539017314001,0.191626804430347,0.0857032413807692,0.000371853468846996,0.446697521891664,0.0185048249184273,0.717362839526445
TCGA.R2.A69V.01,4.81589897888338e-06,2.40712037282008e-06,0.35802649776074,0.236822599332704,0.0154993438950701,0.204882916644898,0.184761419347236,0.724781783149914
TCGA.VS.A8EB.01,0.00647748048988313,0.000312542108581587,0.342067719315735,0.0390854691000104,8.51690261018803e-05,0.320924814799659,0.291046805160029,0.644226989329473
TCGA.BI.A20A.01,0.479084907404052,0.0401037520415877,0.127372789111293,0.0520697341008419,0.0011665310743773,0.257396772191841,0.0428055140760073,0.714299125940779
TCGA.VS.A8QC.01,1.36000104162355e-06,0.00862130415958239,0.205061117988421,0.0510057871920794,3.38891734809412e-06,0.683701049576684,0.0516059921648439,0.47826869761476
TCGA.C5.A8XH.01,0.0866675046915574,0.034549969617468,0.0293476848483777,0.0420094355748402,0.00160056488360826,0.479212527497983,0.326612312886165,0.664595217257624
TCGA.VS.A950.01,0.0348967922061006,0.0050974194289227,0.325545345077637,3.28032802679e-06,0.0255857509210314,0.43067090543751,0.178200506600772,0.654370944414669
TCGA.VS.A8EJ.01,0.45830659491888,2.74967701833849e-05,0.330036585221695,0.190265335172636,3.9452928418694e-05,2.87021558634417e-05,0.0212958328323237,0.57665412242279
TCGA.DG.A2KL.01,0.166722972621167,4.41314993982158e-07,0.0103446290874428,0.0164146858211777,3.82411765602818e-07,0.802034280145335,0.00448260859811829,0.315842345217728
TCGA.MA.AA43.01,2.82210470133281e-06,2.12242859283128e-08,0.491672406174167,0.0616506009749569,1.56847839093187e-08,1.31653342496432e-08,0.44667412067177,0.45267136270013
TCGA.ZJ.AAXA.01,0.121631608637558,0.0105376631278611,0.155947407162054,0.0270170285674489,0.00034712231574665,0.684427896324218,9.12738651141443e-05,0.490622705828528
TCGA.VS.A9UY.01,0.0554553293624605,0.00338327011718316,0.0524718400983413,8.48146713483732e-05,0.0059925051796804,0.701771223784243,0.180841016786743,0.474609443760671
TCGA.VS.A9V1.01,0.0413657830064239,0.000522549714407645,0.32728842463739,0.00691733141483777,0.541575252541227,0.0528071422750775,0.0295235164106355,0.579221399515227
TCGA.EK.A2RE.01,0.000230104361981342,0.0172089355897664,0.612629812335826,0.0103451447914958,0.00155562776512455,0.000935305222911111,0.357095069932894,0.412975345583438
TCGA.VS.A952.01,0.806262128726362,2.82491750962719e-05,0.129113770988522,0.0169654295234243,0.0464694571658994,1.2869195719233e-05,0.00114809522497685,0.338102063432175
TCGA.VS.A94W.01,0.0109688642506925,6.19316182902035e-07,0.550481051005466,0.000504900265409076,3.56418130215217e-06,0.294971353217039,0.143069647763909,0.524337631376366
TCGA.EA.A3HR.01,3.95912940023016e-06,0.0282263857941243,0.0810252563508994,0.00871814251083581,0.00123649839597011,0.879980246524639,0.000809511294131367,0.242693541195456
TCGA.EA.A78R.01,0.0673072636104599,0.106213852140951,0.0144643740809818,0.22157670421948,1.58647153158522e-05,0.540228737966492,0.050193203266319,0.667027793029754
TCGA.C5.A1BN.01,0.102454517502576,0.0156476834343617,0.266430610800397,0.0123911422437703,0.000688020824606359,0.162961433285885,0.439426591908404,0.702639844039833
TCGA.JW.A5VK.01,3.03146740743311e-08,0.333463807352116,0.368750765778854,0.134636577351689,5.42098143554465e-08,0.163148762621408,2.37144496858e-09,0.668001415110555
TCGA.RA.A741.01,0.33654666428814,0.014918861756718,0.146709134595929,0.13209446854706,0.0226340801454337,0.203953309529974,0.143143481136746,0.856397032736706
TCGA.WL.A834.01,0.168677896714903,0.0191209461951352,0.268195266255951,0.0511886806187274,6.91808971932283e-05,0.41272660534082,0.080021423977271,0.744624698355091
TCGA.DG.A2KK.01,0.60100128178162,1.42353131379248e-05,0.140542765798417,0.0689574812964617,0.0122753216237643,0.0819821858141546,0.0952267283724436,0.642038945059509
TCGA.VS.A8EI.01,0.102407392050454,0.0284075767732825,0.39616499736903,0.0433386141340151,0.000493945399602693,0.185327185967117,0.243860288306499,0.769641842632375
TCGA.MU.A51Y.01,0.277425425284748,0,0,0.0233841386678411,0.000115562375401844,0.699074873672009,0,0.357084397242716
TCGA.Q1.A5R2.01,0.0573566306895811,0.106684266201934,0.132926511459151,0.200206372750539,0.000140358299162445,0.502616401384911,6.94592147226751e-05,0.688945676238709
TCGA.EX.A3L1.01,0.217584617163621,1.24955231131077e-06,4.56907612392527e-07,0.0203679775081248,6.53890280967658e-06,0.0282479915022529,0.733791168463267,0.379846601842881
TCGA.Q1.A5R3.01,0.480413502090603,0.01158486711929,1.05188822551161e-05,0.446205089809967,5.58783718156685e-06,2.30534002234656e-05,0.06175738086048,0.481172466075395
TCGA.EK.A2RA.01,0.214203404507392,0.0235505916468421,0.139851286946053,0.0688681326676014,0.000828931171160722,0.482591971109007,0.0701056819519439,0.730516478841431
TCGA.VS.A8QM.01,0.188884984927724,1.69945294098134e-06,0.208285894234468,0.0206308858302463,0.00184595443429321,0.580347643875828,2.93724449871487e-06,0.539129677224005
TCGA.Q1.A5R1.01,0.849098081343056,4.81332738056779e-06,4.58566751308931e-07,0.0680716329804055,0.0398385121726736,4.84201131051431e-06,0.0429816595984227,0.300939615731879
TCGA.C5.A7CK.01,0.0995371072488066,0.0728564028400047,0.290115803805482,9.01609238522309e-05,5.21256169300334e-05,0.422486389420523,0.114862010144402,0.716079906620204
TCGA.C5.A7CJ.01,0.10683995000665,0.000616198027671025,0.0584706036134349,0.00510314558634813,0.0183240645100526,0.791994097773721,0.0186519404821225,0.395028521176189
TCGA.C5.A7X8.01,0.629056121847847,0.00316278630031815,0.0985385213975946,0.165306643179884,0.103902273849422,1.54296709805333e-05,1.82237539534726e-05,0.550549491954435
TCGA.C5.A1BJ.01,0.215774036508255,0.0235697735973567,0.227148939292832,0.0237866859707337,0.000464826554142307,0.388836308401615,0.120419429675065,0.755733095090768
TCGA.C5.A1BM.01,9.53758349142255e-07,7.45896327235097e-06,2.735737554698e-06,0.0321045709021527,0.0394901933707903,0.92838808416848,6.00309940070277e-06,0.157876340311781
TCGA.MY.A913.01,0.208968040834383,0.00333022940702731,0.213884479945553,0.0221661443111151,0.000518810481622315,0.0252169301826259,0.525915364837673,0.614188593973041
TCGA.ZJ.A8QQ.01,3.4560543210866e-05,2.07698425278987e-05,0.312863723916966,0.0764246517659429,0.00019028385237201,0.358854939975835,0.251611070103146,0.656368257111681
TCGA.EK.A2RO.01,1.48516910823213e-07,0.098720471928677,2.42203820030962e-05,0.165527763335711,1.76943891750629e-05,0.57329093222169,0.162418769225833,0.586318869093906
TCGA.DG.A2KM.01,0.000581885198112996,0.000166504495016255,0.395025871605817,6.12768583704268e-05,0.107580147689934,0.496537421307782,4.68928449671872e-05,0.493970786194981
TCGA.JW.AAVH.01,0.447541292200692,0.0452931823383791,0.0706240559458023,0.0199698901865791,2.29723094100534e-06,0.416566751781065,2.53031654172159e-06,0.580791736344784
TCGA.MY.A5BD.01,0.462827620481252,0.0139923294382722,0.331227371029451,0.0545512309168773,0.000289780318020214,0.0872319774950213,0.0498796903211064,0.67096600305014
TCGA.EK.A2PK.01,0.310761646548578,8.33868023763355e-06,0.177266138499033,0.0869667347485621,0.12877519149326,5.63416882362899e-06,0.296216315861505,0.77433594239016
TCGA.LP.A4AV.01,0.00069327884067898,0.0163198498441574,0.00048005206813502,0.534237512751755,0.0017458699258531,0.292558083308108,0.153965353261312,0.549632981035592
TCGA.FU.A23L.01,0.433652762862072,0.0142423639433847,0.140529115081766,0.0245417909928616,0.000570060151090746,0.302288614897687,0.0841752920711386,0.70088282846996
TCGA.EK.A2PG.01,3.90278926409014e-05,0.0117564895600495,0.0490593326881193,0.111394297299944,0.00383366339799777,0.823911436119915,5.75304133385147e-06,0.321697495974767
TCGA.EA.A6QX.01,0.404255068053165,0.0397280723788111,1.58418908989243e-06,0.0674809758789093,2.31442582286575e-06,0.466962036732949,0.0215699483412523,0.572795825336553
TCGA.C5.A1M6.01,0.452940796586923,0.0147605372620458,0.31060755139379,0.00113111215135734,0.0689607304367608,0.0791413765349965,0.0724578956341271,0.702571751353498
TCGA.UC.A7PD.01,0.0511494721699502,0.015168674225179,0.151263779972335,0.0525134545741846,0.000980559363259436,0.284134376306051,0.444789683389041,0.709543695178029
TCGA.EA.A1QS.01,6.18895823701849e-06,0.0982751533285797,2.9107326701985e-05,0.0419109641183388,9.25853907829887e-06,0.622034971378609,0.237734356350455,0.513013820064675
TCGA.C5.A1MI.01,0.517789014553904,4.42530221221182e-05,0.329780678874976,0.00704483514745389,0.000205360517001593,0.113429018149694,0.0317068397348475,0.565313454189918
TCGA.EX.A8YF.01,0.419790509623314,9.13898958717202e-05,0.295905559883125,0.0297025704398503,0.13112654232943,0.0122511743104429,0.111132253517965,0.716628477591597
TCGA.JX.A3PZ.01,8.99119756760355e-06,3.73865831231778e-06,0.150769245889701,0.104513358801824,0.0260289998423883,1.1200507624263e-05,0.718664465102583,0.438847931195585
TCGA.VS.A9V3.01,0.28559083842203,2.20089334165871e-05,3.22168242734076e-06,0.0046676395186257,0.00455558805032455,0.697032717667288,0.00812798572588774,0.358948258975563
TCGA.HM.A6W2.06,0.252093106007793,3.32137786445699e-05,0.667250183230901,7.08262195927914e-05,0.00970463279693793,0.0472401791815562,0.0236078587845743,0.460441794688056
TCGA.VS.A8EG.01,0.295637573998806,0.0237450987340205,0.078419754883657,1.79759115070301e-06,0.0239842824959091,0.578211361970028,1.30326429100647e-07,0.542145520535831
TCGA.ZJ.AAXJ.01,0.0546935680064134,0.656625449089451,0.158997635603244,0.0847747065108552,3.60530770957504e-07,1.80576347203947e-06,0.0449064744957939,0.55300833833032
TCGA.C5.A1MP.01,7.83457518470452e-07,0.0367090867647938,6.73431628594446e-05,0.0437436848342893,5.70374287403721e-05,0.919418426473152,3.6378786471559e-06,0.173034857187529
TCGA.EK.A2R8.01,0.086293492208487,9.94650685326238e-06,0.311124207445993,0.0323138741686645,0.0522734108119616,0.119481698169758,0.398503370688282,0.750528938112722
TCGA.EK.A2H0.01,8.01400334591282e-05,0.0032761825096784,0.380067815584483,0.0723205762975422,0.000571353689406068,0.340913821446105,0.202770110439326,0.653590726904623
TCGA.C5.A2LX.01,7.97070277754134e-05,0.0134343969570126,0.571720597825323,0.271633748928708,0.00107362275123935,0.130760002249768,0.0112979242601741,0.542847812780335
TCGA.LP.A4AX.01,0.120329881438603,6.08765296655232e-05,0.342210747045009,9.57517028582272e-05,0.0102823956365377,1.47193997030642e-05,0.527005628247623,0.518030067585367
TCGA.VS.A8Q9.01,1.10379167392853e-05,1.22065646786821e-05,0.305009691245012,0.0324786663516407,0.0455517558854662,0.401281519648831,0.215655122387632,0.674074955088163
TCGA.VS.A8EH.01,0.00255985227390901,0.706967696788036,0.0636668325009981,7.73836929590528e-05,0.000113348004501453,0.226585116725253,2.97700143434011e-05,0.39788327478513
TCGA.C5.A3HE.01,0.06914085561941,6.1182605864098e-06,0.524764704692499,0.132393374867249,0.177232832611672,5.5475038615871e-06,0.0964565664447222,0.679974447284377
TCGA.VS.A8QH.01,0.44948696624545,0.000740869445971573,0.2482731148654,0.0542161677777679,0.192647112271591,0.0370658253740766,0.0175699440197424,0.708724302780752
TCGA.EA.A5ZE.01,0.291351382331263,0.019954915296812,0.238825877681745,0.0317801195692725,0.0724081930273001,0.249362084653534,0.0963174274400734,0.848365933191381
TCGA.HM.A3JK.01,0.0941617205303923,0.00373505815173816,0.0885274498121152,0.177249395176871,8.6423972986791e-07,0.636320419860767,5.09222838641455e-06,0.540821295516291
TCGA.2W.A8YY.01,0.313589569352343,1.45599612296371e-05,0.600289046455959,0.0258034147735089,2.27939154129109e-07,0.0520357523513546,0.00826742916645064,0.49231665639885
TCGA.C5.A8XK.01,0.0596924434654585,0.0200262875297013,0.307649169443464,0.0196223862022958,0.0530823441941611,0.167885510499142,0.372041858665778,0.775803506221228
TCGA.VS.A9UC.01,0.482651670586731,0.00047811454699915,0.0173295998025507,0.0248772772786715,0.0204192949878668,0.435595026657871,0.0186490161393097,0.530924684317015
TCGA.VS.A9UM.01,0.0391912392514622,0.01323756538315,0.0757192254722416,0.00063504814914018,0.00545801914254946,0.863256864035594,0.00250203856586218,0.285034137297092
TCGA.VS.A94Z.01,0.257907303687379,0.00231929047359744,0.266517994319794,0.000107266048570636,0.000373154398129712,0.384934520938133,0.0878404701343954,0.668612157770455
TCGA.C5.A907.01,0.257181156859164,5.80972862011078e-06,0.0371622916038277,0.0562021742675857,0.077538997135362,2.84091311658346e-06,0.571906729492324,0.591670115960641
TCGA.UC.A7PG.06,5.04035168283986e-05,0.00812512982319261,0.119809528506276,0.0556721842504772,4.11446351019511e-07,0.816342281845812,6.06110626087235e-08,0.318760086899813
TCGA.Q1.A6DW.01,0.142637950343384,0.00230740028210969,0.237853621041617,0.00394503169638905,0.00322461960119974,0.587372458025748,0.0226589190095522,0.550929750009513
TCGA.EX.A69M.01,0.363509943425725,0.00333424799896086,0.110176561100414,0.0254068101130213,0.187640853917999,0.295381120589922,0.0145504628539587,0.749739619168968
TCGA.DS.A7WH.01,0.22822341342136,3.75349465146487e-05,4.13413997922262e-06,7.87940704855822e-05,0.524126841826286,0.00018827738880263,0.247341004206571,0.526286818848018
TCGA.C5.A2M2.01,0.807798356914923,0.00381278355057357,0.0620297433729675,0.0277409081614354,0.0985410524434866,3.3143649404507e-05,4.40119072097682e-05,0.356996328518868
TCGA.HM.A6W2.01,0.00893750531871237,3.79348442491245e-07,0.930023366692343,0.0499738556989792,0.0110636891892932,8.81449953847942e-07,3.22302275761029e-07,0.158908007568105
TCGA.VS.A9UT.01,0.316512498223579,0.000216166339886436,0.675126166076356,0.000382022565708852,0.00107833083341731,0.000253695331144654,0.00643112062990809,0.347444065166935
TCGA.HM.A4S6.01,0.00671787587095264,0.0207051054982213,0.0326851804582515,0.00230265231535924,0.000219906958554285,0.873343224581248,0.0640260543174128,0.275339789502414
TCGA.BI.A0VR.01,0.232242883537362,0.043548565034782,0.0751767417833238,0.0187421343500831,1.17699254884376e-06,0.528344833259129,0.101943665042772,0.675522844045489
TCGA.C5.A2M1.01,0.552207769226999,0.00210140809515575,0.309621082664352,0.0550613142330927,0.0565232420784036,1.38371453373723e-06,0.0244837999874625,0.573900737748801
TCGA.EA.A411.01,0.449584244941256,0.0169470026582062,0.187102758407945,0.0307261799554104,5.76096585857544e-06,0.311837688963542,0.00379636410778158,0.634012880667157
TCGA.IR.A3LL.01,4.2893802825489e-05,0.00442637439967238,0.352669010733108,0.278134709934221,0.000251475928927422,0.284791579710369,0.0796839554908771,0.672824471140371
TCGA.EA.A50E.01,1.3908766425232e-06,0.0308849553005343,0.329539663111917,0.0421827027930074,0.00772549259058999,0.528402377105184,0.061263418222124,0.592261950326667
TCGA.EA.A4BA.01,0.183964853470316,1.63035949776858e-07,0.717262836194886,0.0987614973105867,1.31384419137509e-07,2.28179025030137e-06,8.23681359172382e-06,0.40011015099569
TCGA.EK.A2RL.01,0.654663747491904,0.0077828973098079,0.144011615570385,0.0575439439794396,0.114075554023882,0.020341103855654,0.00158113776892727,0.563016158475552
TCGA.IR.A3LI.01,0.640695896503273,0.0219031823613632,1.49464901573762e-06,0.183868309732031,0.153493785121429,2.86449853138106e-05,8.68664757443488e-06,0.497660797886928
TCGA.MA.AA3X.01,4.61149407655563e-05,0.0148863439769386,0.301784024830756,0.0271108097605062,7.58362862339217e-06,0.656157905295417,7.21756699260199e-06,0.410657621074639
TCGA.VS.A9UL.01,0.482269286173817,0.0139505263164592,0.454658775629763,0.000349114982668202,9.82155098950408e-05,0.0323941501094661,0.0162799312779308,0.488969024132653
TCGA.Q1.A73P.01,0.653304655416796,1.78431218865748e-05,0.0659227912028799,0.0332031807608089,0.247500302582903,2.87470578354622e-05,2.24798568900514e-05,0.471128425192949
TCGA.ZJ.AAX4.01,0.0696901484933584,0.000263880806692046,0.223359639948914,0.0133076046961575,0.000209503941277685,0.692511159931661,0.000658062181939272,0.432262785921123
TCGA.VS.A9UB.01,0.278285690008063,0.00016474202578787,0.262063911474348,0.000112444398792842,0.00026762437956268,0.0139876769080764,0.445117910805369,0.581512241875618
TCGA.VS.A9UP.01,0.542978725090239,0.0171801364424449,0.369927791051888,1.87885966482132e-05,6.39429256553661e-07,0.0698491470119656,4.47723775576504e-05,0.491205902933076
TCGA.EK.A2H1.01,0.0115395793132074,0.0161552612381892,0.140943745393952,0.108989993607074,8.8181852038829e-05,1.3164116912971e-05,0.722270074478625,0.448039605352427
TCGA.ZJ.AAXD.01,0.245098637355832,2.33179513891518e-06,2.14379957090507e-06,0.0427524288354129,6.74740585298437e-06,0.647409676509399,0.0647280342987932,0.482147271479979
TCGA.JW.A5VJ.01,0.0222506585635643,0.000294437995969185,0.197382133586669,0.04442249698826,0.00397885341910112,0.722973156492405,0.00869826295403236,0.433449501167254
TCGA.EK.A2R9.01,0.0565262738706132,0.00991014486991936,0.599741467223088,0.153528751992501,0.000107045567528182,0.112061601287983,0.0681247151883662,0.632970814156925
TCGA.EA.A1QT.01,0.100668820634414,0.0584172898951918,0.346242661510977,0.0383480560758416,0.000158897129564068,0.419852963340242,0.0363113114137697,0.706857187989461
TCGA.JW.A5VI.01,0.170410279139411,0.00627263509348356,0.2082607706975,0.0116573970786439,0.0066517502557305,0.505903017970506,0.0908441497647244,0.672170189722171
TCGA.VS.A9UD.01,0.229692837053668,0.113085245040245,0.334577656272959,0.263245869554719,0.000191089160950773,1.14086928473091e-05,0.059195894224611,0.756016548453333
TCGA.C5.A1BQ.01,0.0572025976055717,0.0117498754816704,0.044488054379467,0.0765505188180199,9.90740379901602e-06,0.686406668268087,0.123592378043385,0.548778128780474
TCGA.MU.A8JM.01,1.73590345528036e-06,3.62632273286106e-07,0.0307257602067145,0.020053203240519,0.00240817905775024,0.660268502605357,0.28654225635393,0.427652378566449
TCGA.DS.A0VM.01,0.298480390135543,0.237586447180229,1.5327850997029e-05,0.0832057771764587,3.64377587936743e-05,0.0263226851745411,0.354352934723437,0.705655945088621
TCGA.MY.A5BF.01,5.10525849906872e-07,1.02444063391397e-05,0.153583648208681,0.0278185782899733,3.60522166967208e-05,0.736136148580865,0.0824148177715948,0.420932405247371
TCGA.EA.A556.01,0.348886854092552,0.00322750161556371,0.61200416396069,0.0184969570869426,7.42051736102655e-06,3.10769081559218e-05,0.0173460258187348,0.427019183623957
TCGA.IR.A3LA.01,0.387842271992747,1.25054265432384e-07,0.587256343690362,0.0249001604718662,9.88341919935776e-07,5.48754352920577e-08,5.55734035716196e-08,0.396683842550267
TCGA.VS.AA62.01,0.0088885812926515,1.02306770977061e-05,0.151227762123347,2.88173760960322e-05,0.150191191831873,0.0625967229383026,0.627056693760632,0.554455373158217
TCGA.ZJ.AAXB.01,0.165278493576722,0.00596486955154529,0.657493302830771,0.132123528918053,1.97379784324555e-06,0.0391318583216889,5.97300337601373e-06,0.512927548524149
