S3,S8,S6,S4,S9,ITTH
TCGA.CA.5256.01,0.0156401691417382,0.978686739152528,0.000274940986828025,4.12150850265845e-05,0.00535693563387918,0.0725711049883427
TCGA.AZ.6599.01,0.342783513765514,0.0536962736115609,8.5453824537225e-06,0.546863540129146,0.0566481271113259,0.631789941437077
TCGA.AA.3655.01,0.282930715615379,0.070590391422297,0.355970221339413,0.271113890487493,0.0193947811354186,0.834052705881977
TCGA.A6.6137.01,0.407141921952129,0.0154886573307519,0.48665684363478,0.0690834465661873,0.0216291305161517,0.65142987446983
TCGA.CK.4952.01,1.19751975425027e-05,0.162591020782724,0.0958480169472062,0.726085845822048,0.0154631412504792,0.507710776477444
TCGA.A6.5657.01,0.116807256454206,0.161259032050978,0.485099708911562,0.219012699347261,0.0178213032359925,0.807959732311929
TCGA.AD.6963.01,0.0113043781255207,0.0942262980259145,0.894235886881489,5.39981979155987e-07,0.000232896985096924,0.233099471407174
TCGA.A6.6138.01,0.072269267240128,0,0.890636785249651,0.0297325785259957,0.00736136898422508,0.269479219649303
TCGA.A6.A567.01,0.112100577169874,0.119371341151974,0.666899047861601,0.0781160285961158,0.0235130052204348,0.656473836550586
TCGA.D5.6928.01,7.21352498205795e-05,4.24444991671518e-05,0.386753888901854,0.613080658895205,5.08724539532885e-05,0.415658536255362
TCGA.AZ.6598.01,0.0317343915428208,0.139934001205206,0.261954843058136,0.544873109615637,0.0215036545782004,0.713919687906178
TCGA.D5.6931.01,0.152950081543928,2.45398270520418e-06,0.450635044582965,0.360773125087848,0.0356392948025527,0.704009886324131
TCGA.G4.6295.01,0.000326477044777972,0.138139704928348,0.683128742551613,0.177642987190545,0.00076208828471658,0.527403264135787
TCGA.AA.A01X.01,0.400673862971453,0.115705393258538,0.437293325785358,0.046313027854365,1.43901302851315e-05,0.695994010568653
TCGA.AZ.4313.01,0.0405701564554768,0.394118905270883,5.10069982585722e-05,0.4760710354821,0.089188895793281,0.662584818060215
TCGA.DM.A0XD.01,0.122251743659464,0.324596985470436,0.444596471232008,0.027952533785749,0.0806022658523427,0.798734120044643
TCGA.D5.6535.01,0.317004070108775,1.46967680055988e-06,0.478834842605235,0.0715333815581662,0.132626236051022,0.729093482512316
TCGA.DM.A28E.01,0.127733149647547,0.138019823045721,0.63615929951944,0.0721637790849586,0.0259239487023327,0.688633696793559
TCGA.G4.6307.01,0.181292829552314,0.247557194108352,0.532278742754564,1.40572417492364e-06,0.0388698278605958,0.694093187848462
TCGA.CM.5868.01,0.175179993071437,0.233321469661064,0.559964471889633,0.0272117331265514,0.00432233225131479,0.677896776118099
TCGA.CK.4947.01,0.155516720112318,0.106168643231329,0.406669833205113,0.326924110550801,0.00472069290043938,0.797930725031023
TCGA.D5.5540.01,0.000417436244797286,0.725393091481924,0.222456255578241,0.0513510069215819,0.00038220977345618,0.451063953235955
TCGA.A6.4105.01,0.123460630416498,0.252194316173323,0.603217225674441,0.0204425110896281,0.000685316646109832,0.618290891461332
TCGA.A6.6651.01,0.000521895650998893,0.257134192113168,0.70066208436773,0.0376171031177148,0.00406472475038759,0.464878197221173
TCGA.G4.6625.01,0.120491022313225,2.65617783998453e-06,0.857610250049135,0.0218902595762983,5.81188350172543e-06,0.292323700601381
TCGA.CM.5860.01,5.95932138247613e-05,0.47469480587256,0.419182256388501,0.0695987051921063,0.0364646393330078,0.636840526820846
TCGA.DM.A28G.01,0.308299553638093,0.220638832410818,0.244211297498504,0.215741468760568,0.0111088476920169,0.883130455772602
TCGA.A6.5666.01,0.130698787588607,0.359647809124962,0.37620758166186,0.133445572674422,2.48950149512733e-07,0.789280302012681
TCGA.AZ.6605.01,0.000147934346815948,0.249742652373808,0.722769726618727,0.00530654853830677,0.0220331381223422,0.431391232639977
TCGA.CA.5797.01,0.043714549408805,0.131367600505018,0.72947855999345,0.0891260824267949,0.00631320766593253,0.547413131408448
TCGA.D5.6930.01,0.0710576279632132,0.178967960689585,9.91570416322884e-08,0.64612787019557,0.103846441994589,0.629547111035684
TCGA.5M.AAT4.01,0.190464763208342,0.193025836086712,0.448972840716447,0.163598712560659,0.00393784742784012,0.814487678353522
TCGA.AA.3685.01,0,0.999998458347584,1.54165241572124e-06,0,0,1.37768935196579e-05
TCGA.D5.6924.01,0.0989038678781927,0.126085774299235,0.673161978119211,0.0998360794867966,0.0020123002165646,0.6206373070655
TCGA.CA.6718.01,0.000526405991278788,0.00155797569110654,0.387943491385412,0.605996287771434,0.00397583916076831,0.439219296372356
TCGA.AZ.6603.01,0.124907598488266,0.0757972992918463,0.799229191535136,6.59106847516431e-05,0,0.394617249945747
TCGA.CM.5862.01,9.30613933980646e-05,0.532716233423706,0.375965144250644,0.0870218007970707,0.00420376013518138,0.583816241333566
TCGA.AA.A01Z.01,0.301942894752103,0.149585754792622,0.410674096426711,0.129667767436965,0.00812948659159889,0.817218931353635
TCGA.DM.A0X9.01,0.131919016595993,0.207584360420123,0.38695643934771,0.262342579600209,0.0111976040359639,0.846453059598517
TCGA.A6.A566.01,0.1420495033663,0.402437365745267,0.127496766571162,0.254963167789201,0.0730531965280706,0.898274360497145
TCGA.D5.6534.01,3.97815141178329e-08,0.0425090381941474,0.772654063517186,2.72401601608615e-08,0.184836831266993,0.401126945540602
TCGA.CK.6746.01,1.00589501956093e-05,0.129246831380513,0.112462731659318,0.758274391248646,5.98676132693383e-06,0.447484770827597
TCGA.A6.5656.01,0.136738383199805,0.140621353115917,0.698277258826283,1.54328589790312e-06,0.0243614615720974,0.552501723342375
TCGA.5M.AAT6.01,0.00033147841378616,0.2065274385883,0.280670229052597,0.510001570156404,0.00246928378891302,0.648213237613633
TCGA.QG.A5Z1.01,0.357135395116844,0.000112644108258875,0.595368055715038,2.57009363534285e-05,0.0473582041235054,0.510863590837722
TCGA.CK.4951.01,0.256526215287588,0.0189133954879746,0.283737026062159,0.401074210385664,0.0397491527766152,0.792888350724211
TCGA.CM.6680.01,0.560100721698698,0.0478713924659163,0.0993779002423788,0.274653559632324,0.0179964259606835,0.700130466921521
TCGA.CK.5913.01,0.110294728109009,0.0646144593889455,0.0571771096073411,0.630342353400183,0.137571349494521,0.713018868544934
TCGA.CM.6172.01,0.169575297726112,0.0648981281735018,0.434065602677929,0.33079585580504,0.00066511561741716,0.752722437165764
TCGA.G4.6309.01,0.233835500355016,0.14876074462724,0.216060013268421,0.335574832995155,0.0657689087541689,0.931820956358893
TCGA.F4.6461.01,0.176571470922656,0.0635083590116176,0.174933970334111,0.507965865070256,0.0770203346613586,0.824970547879633
TCGA.G4.6299.01,5.54514870133645e-06,0.0793373805066852,0.427754536191219,0.474835934609915,0.0180666035434787,0.615449751961104
TCGA.CM.6168.01,0.115096474969661,0.123488478974482,0.493650277158515,0.267560801260124,0.00020396763721707,0.751874544973515
TCGA.AD.A5EK.01,0.13530437093511,0.1738479575847,0.616671139386459,0.0741727329919564,3.79910177463508e-06,0.662285650466561
TCGA.AM.5820.01,0.105527649515354,0.225056445871325,0.485592357305049,0.161873998802201,0.0219495485060705,0.809184174716181
TCGA.A6.6648.01,1.9225342159813e-05,0.0505185876536646,0.685802238242273,0.263216129383933,0.000443819377968881,0.474980011636123
TCGA.AU.6004.01,0.127527652885722,2.76764702418621e-06,0.210276078434465,0.557602697004611,0.104590804028178,0.716022930515967
TCGA.A6.2684.01,0.274625629481948,0.224758976334245,0.321386619618369,0.157470049738945,0.0217587248264925,0.88825904141804
TCGA.DM.A1HB.01,1.94469369796803e-08,0.208295013444843,2.8602320380143e-07,0.627530062821207,0.164174618263808,0.569030230216097
TCGA.A6.2685.01,0.320585526416886,0.205641368937659,0.334480038127624,3.3352684974869e-06,0.139289731249333,0.826917242755855
TCGA.F4.6856.01,0.153201203726972,0.101140237252292,0.0736193036555489,0.597395980679918,0.0746432746852698,0.753474384214912
TCGA.AA.3492.01,0.0957588387979422,0.354675930396116,0.126119140180275,0.265100026484093,0.158346064141574,0.930264287357882
TCGA.G4.6294.01,0.109955482162999,0.168687473773436,0.62115090748852,0.0652690357385776,0.0349371008364685,0.70463245439682
TCGA.WS.AB45.01,0.000222027960839334,0.339844575841391,1.0996808341735e-05,0.659884964218625,3.74351708019048e-05,0.399807538250345
TCGA.CK.5916.01,0.10584419818951,0.0593464841677838,0.279452124116886,0.554579712300105,0.000777481225716482,0.679812305781698
TCGA.NH.A50V.01,0.386055145425034,0.0659869070773649,0.423760896349316,0.105274884535366,0.0189221666129183,0.759712370806725
TCGA.NH.A6GA.01,0.069611293278047,0.0811542705819475,0.535570951827505,0.276985499852792,0.0366779844597091,0.745955277205215
TCGA.F4.6460.01,0.0557323007307876,0.139996209604779,0.707788521046927,0.08035737414118,0.0161255944763257,0.590230661516992
TCGA.F4.6806.01,0.453163724924003,0.110615631114653,0.285737760709787,0.117509535439032,0.0329733478125243,0.822822912491637
TCGA.G4.6304.01,0.158373531416439,0.283060875957654,0.162325318868768,0.396040950150541,0.000199323606597839,0.815662678251448
TCGA.QG.A5YW.01,0.579873169270238,0.189282990052025,0.224806469038516,0.00584196005588261,0.000195411583337919,0.620280345682687
TCGA.AD.6965.01,0.11573898481599,0.107183019354749,0.576558226047459,0.190841394652978,0.00967837512882391,0.725360713017972
TCGA.D5.6920.01,0.436078170873824,5.92268363257393e-06,0.0357010333858104,0.371418964697509,0.156795908359224,0.707911257785924
TCGA.DM.A280.01,0.181917588132229,0.320293575842832,0.0863276670054071,0.19606868232334,0.215392486696192,0.954554469185038
TCGA.G4.6297.01,0.0320952114084503,0.0171354150723605,0.841530430246831,7.51762979112839e-06,0.109231425642567,0.352427526056843
TCGA.G4.6302.01,0.286549182086317,0.0777925750687596,1.59014422635882e-05,6.47133314657063e-05,0.635577628071194,0.525437328996727
TCGA.QL.A97D.01,0.441715518366644,0.0269530370314711,0.463989830811613,0.067046916601589,0.000294697188682946,0.620213614570123
TCGA.CA.6716.01,0.364908425627563,0.124289184845149,0.451759311703949,0.0590425119708255,5.65852513654781e-07,0.716441194164448
TCGA.CA.6715.01,0.0951930196157052,0.154271323086193,0.65717368822102,0.0885820577894144,0.00477991128766699,0.638951914861207
TCGA.CM.4743.01,3.67271246297919e-07,0.467701916952326,3.44956259514962e-06,0.000210963301700824,0.532083302912131,0.430568387308467
TCGA.A6.6654.01,0.149580315245519,0.0820832342377119,0.740064294627998,5.24547745030628e-07,0.0282716313410257,0.505142118686698
TCGA.5M.AAT5.01,0.405964507678487,0.177616602695552,0.403321902459378,1.03821302682379e-05,0.0130866050363146,0.680986985641649
TCGA.G4.6627.01,0.390712537510398,0.0941076500939143,0.369799434879664,4.25053659510296e-11,0.145380377473519,0.769099185652587
TCGA.A6.5664.01,0.407519752852055,0.128911374737334,0.159906471515418,0.288106358272357,0.0155560426228361,0.836524921913983
TCGA.CM.6167.01,0.0161582832958102,0.263183598627608,0.552351995091614,0.168114664666551,0.00019145831841668,0.650691810102998
TCGA.AD.6548.01,0.195286364773704,0.116483044795179,0.602072058238225,0.0682776377641044,0.0178808944287877,0.702169926414704
TCGA.F4.6805.01,0.251840784372603,0.151947344536515,0.373633340632178,0.208037479291719,0.0145410511669861,0.8633831229159
TCGA.A6.6780.01,0.306822520066808,0.267179047985088,0.0226073704099574,0.336808865072276,0.0665821964658705,0.837391934257764
TCGA.DM.A1HA.01,0.000659694608595318,0.104034987813492,0.779695168926841,0.0226148358875891,0.0929953127634821,0.460327444055717
TCGA.CM.6676.01,2.42076376534677e-07,0.217378026932816,0.76211825983824,0.00255073895088589,0.0179527322016819,0.389068642033542
TCGA.A6.6650.01,0.169379886150149,0.0585585003243467,0.651588806069455,0.10653051398912,0.0139422934669297,0.648771786274592
TCGA.NH.A6GB.01,8.51673541591765e-07,0.086333828071827,0.822812537246232,0.0515669451768138,0.0392858378315859,0.405118824037009
TCGA.A6.6652.01,0.0904279921423847,0.0921604036542856,0.690935047070935,0.118358157485321,0.00811839964707426,0.611488617979752
TCGA.CM.6164.01,0.127887987685151,0.0808378622131544,0.773874351574912,1.06187764503037e-06,0.0173987366491374,0.456823639832232
TCGA.D5.6536.01,0.127891534267774,0.121056566903185,0.197368823130369,0.523040089049017,0.030642986649655,0.798215260764369
TCGA.G4.6588.01,0.0169769664813658,0.0919474359947167,0.202086392892878,0.651060518382617,0.0379286862484233,0.630834862832417
TCGA.4N.A93T.01,0.449506403497498,0.0796503960759186,0.399473896540668,4.24845521625397e-05,0.0713268193337534,0.69358169215467
TCGA.F4.6459.01,0.0837970001166342,0.0750288774098087,0.685667523100143,0.0927855606004333,0.0627210387729811,0.65556828605767
TCGA.T9.A92H.01,0.401227248463037,0.102670936716839,0.490534272770013,4.4757829617526e-05,0.00552278422049294,0.608077157197949
TCGA.D5.5538.01,0.0849737947976569,0.196869872472674,0.450123836533076,0.227619610119801,0.0404128860767915,0.842106689595121
TCGA.CK.4948.01,0.0636466294213825,0.243476385450719,0.587580721794367,0.0819037102286482,0.023392553104883,0.698694220807195
TCGA.AA.3506.01,0.107965262747092,0.304618979245879,0.40452745987097,0.127367240956633,0.0555210571794263,0.864593403678845
TCGA.CM.6166.01,0.130665240519166,0.270949156592214,0.504283828528284,0.0926292352633917,0.0014725390969444,0.74246585827042
TCGA.CK.5914.01,0.128003575086109,0.119008962347532,0.697979257813971,0.0539488769150611,0.00105932783732686,0.579205605907796
TCGA.AY.6196.01,0.182396034721911,0.0948716024890802,1.68853112428326e-07,0.722728011700773,4.18223512392914e-06,0.477524102090834
TCGA.F4.6809.01,0.350434772383795,0.151320553081762,0.450195611017603,0.00173109711230648,0.0463179664045339,0.724353705053683
TCGA.CM.6171.01,4.89947993564084e-07,1.25928965604256e-07,2.46204480708559e-06,0.969532164475993,0.0304647576022407,0.0847487905362747
TCGA.D5.6539.01,0.181006993292291,0.000130461209989595,0.289889762930535,0.340641615047539,0.188331167519646,0.839286242855465
TCGA.NH.A8F7.01,0.155380539550005,0.0399877034513735,0.804461493435561,0.000114297994412493,5.59655686474347e-05,0.36947634995948
TCGA.D5.5541.01,0.000172108392410636,0.173301895630604,0.724293480628246,0.102001588668306,0.000230926680432867,0.480694556802167
TCGA.F4.6808.01,0.0172890368262389,0.17156765760375,0.775373422607619,4.78962165439172e-06,0.0357650933407384,0.428122535603256
TCGA.DM.A285.01,0.205512129117241,0.150866569027827,0.454546319661844,0.144128892454061,0.0449460897390268,0.862117387365382
TCGA.G4.6314.01,0.145861015227774,0.187695390615122,0.550896911524963,0.115539173067159,7.50956498119548e-06,0.728631555355086
TCGA.A6.6781.01,3.42215182574791e-05,0.278462564744405,9.59902530347528e-05,0.550596629300656,0.170810594183646,0.613675723201156
TCGA.F4.6807.01,0.24302392599332,0.164270576775762,0.447296691593084,0.144277975059539,0.00113083057829474,0.799878171312895
TCGA.AY.A54L.01,0.317135758371988,0.174679631815642,0.429142328341336,0.0325284112984767,0.0465138701725573,0.799138372160389
TCGA.A6.5661.01,0.148013710817801,0.117900961948963,0.155725132737597,0.467756078878813,0.110604115616826,0.884385556723335
TCGA.DM.A288.01,0.204619877611557,0.199956516386164,0.298873993863176,0.22576581163691,0.0707838005021931,0.951209857404121
TCGA.QG.A5YX.01,0.251347006032911,0.121836066216965,0.299646296053233,0.233583581510053,0.093587050186838,0.948194432937955
TCGA.AD.A5EJ.01,0.0608856449702982,0.152770187689516,0.0887033847617484,0.583527692564808,0.114113090013629,0.766930488183683
TCGA.G4.6628.01,0.00247655743530549,0.0993580704928095,0.213469343985158,0.680958184806864,0.00373784327986316,0.532165487598884
TCGA.D5.6531.01,0.0398872317651698,0.155699711482465,0.56742332142324,0.236987466796737,2.26853238856864e-06,0.671564261906808
TCGA.DM.A28M.01,0.438670444133939,0.257751249412091,0.179294179802083,0.101281853159078,0.0230022734928084,0.831198595584189
TCGA.CK.6751.01,0.541860785677349,0.17463296948193,0.0681536949408281,0.176977553524,0.0383749963758927,0.777553107901767
TCGA.F4.6854.01,0.0554813185451023,0.124465885756198,0.727303531579121,0.0831018124290331,0.00964745169054502,0.560988343491856
TCGA.A6.6142.01,1.48228439370622e-05,0.128048475123746,0.778563345418725,5.67745259912093e-07,0.0933727888683319,0.422281948086682
TCGA.NH.A8F8.01,0.108771877054593,0.121396703783623,0.753366736495784,8.40502434486803e-05,0.0163806324225509,0.483892513872153
TCGA.AM.5821.01,0.000185443689483812,0.404349166796379,0.442824767718488,0.101309777007465,0.0513308447881837,0.69143392940817
TCGA.D5.5537.01,0.397011688328214,0.183431833342812,0.393532715207047,3.5361459294969e-08,0.0260237277604686,0.708197073992318
TCGA.CM.6677.01,0.047684260692767,0.259920654578487,0.584014482520689,0.105546986508272,0.00283361569978585,0.660713758902014
TCGA.AD.6888.01,0.0799861536664018,0.158409285444676,0.670351954297083,1.54325236497186e-06,0.0912510633394748,0.609228389941118
TCGA.AZ.4615.01,0.0714659910981568,0.066930870750834,0.137647613025589,0.599911430370275,0.124044094755145,0.750541211798053
TCGA.AA.3662.01,3.75950632428032e-06,0.288397102051245,0.520321713951969,0.163958742132388,0.0273186823580736,0.679360071574076
TCGA.DM.A28C.01,0.548784841385494,0.0880562716517275,0.274998441618551,0.0879530263492605,0.000207418994967567,0.692070118800568
TCGA.NH.A8F7.06,0.0888836576423353,0.0525651896530317,0.716270341360079,0.0887613910169448,0.0535194203276094,0.609310533843301
TCGA.DM.A1DA.01,0.068428795673526,0.266585491298553,0.354099989406929,0.303301758367275,0.0075839652537172,0.809259909969547
TCGA.F4.6569.01,0.117482032247104,0.279724718417944,0.49511156723571,0.0779690057801001,0.0297126763191422,0.782507784819371
TCGA.CM.6674.01,0.131415212941931,0.172492598859284,0.0191135924472691,0.59866436753589,0.0783142282156253,0.715831727901916
TCGA.CK.4950.01,0.447424918540189,0.14791231719322,0.157377480946561,0.128366203103921,0.118919080216109,0.901099139234958
TCGA.DM.A1D9.01,0.375708887444242,0.172775891170979,0.332313483902249,0.119107186266835,9.45512156946076e-05,0.80248881298938
TCGA.CA.6719.01,0.152407601111937,0.085005181300947,0.737686862672683,0.0128845098181701,0.0120158450962625,0.51563294936684
TCGA.CM.6675.01,0.122534933450105,9.88325148037799e-09,0.436935939137724,0.345922629056057,0.094606488472862,0.7513864934166
TCGA.D5.6533.01,0.0919462208672204,0.083458503290972,0.753226880315077,0.0699004640121454,0.00146793151458539,0.519256678073475
TCGA.A6.6782.01,0.205633475674242,0.200919656759301,0.574153646689716,2.35187375617021e-06,0.0192908690029847,0.647713877374676
TCGA.D5.5539.01,0.397025549473301,0.144811294298751,0.133523500329396,0.266192614422817,0.0584470414757353,0.890811996028726
TCGA.CK.5912.01,0.0758780833313103,0.0614249290548045,0.679726605112184,0.182530881100647,0.000439501401054198,0.58610766408714
TCGA.CM.4751.01,0.131035129764961,0.110249516592499,0.359234582350745,0.261277903303598,0.138202867988197,0.932851853308418
TCGA.AZ.4614.01,3.11436757918706e-05,0.192460708399341,0.457796925871923,0.258309461158054,0.0914017608948902,0.772621997317246
TCGA.A6.6140.01,0.171092215578378,0.00867052207110633,0.794869041183879,2.40535443050923e-11,0.0253682211425839,0.384564197023676
TCGA.NH.A6GC.01,0.404865106488826,0.0198158482606071,0.15678012388533,0.35345556167125,0.0650833596939876,0.795115355458146
TCGA.AA.3495.01,2.08610431262389e-06,0.337590803875667,0.550992761789659,0.0665443079527404,0.0448700402776214,0.630429944498126
TCGA.CM.4744.01,0.000133315215162058,0.745041073229698,0.131401059655714,2.27508406297595e-06,0.123422276815363,0.463138271022935
TCGA.AD.6895.01,0.193014301794489,0.000536739684544932,0.223672907509783,0.342332366863295,0.240443684147888,0.848856930800823
TCGA.AD.6889.01,0.25572603174081,0.248758342223965,6.89815389427669e-06,0.388751137473752,0.106757590407579,0.808374786242217
TCGA.AD.5900.01,8.58208894535798e-06,0.194193471776327,0.201879831083132,0.543953287561916,0.0599648274896803,0.709153099224252
TCGA.D5.6540.01,1.2821314256849e-07,0.0108724782650024,0.0970502135421235,0.754154354140588,0.137922825839144,0.473183067339317
TCGA.AZ.5407.01,0.165545461313857,0.429989907555401,0.00283879508096273,0.358844458625232,0.0427813774245476,0.733107585755563
TCGA.G4.6311.01,0.0822523183694834,0.0926088128108686,0.766738368917149,0.00201509551666797,0.0563854043858316,0.499623979066266
TCGA.D5.6923.01,6.22513388482991e-07,0.100785077744533,0.812801247166109,0.0793864602353115,0.00702659234065814,0.394990851230037
TCGA.DM.A1D7.01,0.268809135251264,0.184090298230817,0.450270155817913,0.0605941143494258,0.0362362963505809,0.816474054478631
TCGA.AY.A71X.01,0.337304650017919,0.099145987920211,0.167349966191825,0.301560714384845,0.0946386814852004,0.919274653739852
TCGA.CA.5254.01,0.135703096475198,0.160765346293615,0.323010711020088,0.270653429534982,0.109867416676117,0.9483263481344
TCGA.CM.5349.01,0.139191230337403,0.281411207538355,0.470512407826955,0.0941585972478099,0.0147265570494771,0.789476020326901
TCGA.AZ.4682.01,0.205477878462478,0.520253726869117,0.231552805232744,1.36252043765217e-06,0.0427142269152238,0.707427732861037
TCGA.CM.5344.01,0.135201517470134,0.204972363464912,0.578103741842744,0.01417651913751,0.0675458580846998,0.717371937919289
TCGA.NH.A50T.01,0.0945274464278128,0.306141065246521,0.53023970001091,0.0683343545131786,0.00075743380157734,0.690032524760832
TCGA.AY.6386.01,0.371012652131628,0.05206613834263,0.189743056548442,0.247908438101376,0.139269714875924,0.905538686118751
TCGA.CA.5255.01,0.222861128958816,0.190112551239061,0.255377868209018,0.100194383445289,0.231454068147816,0.974242472474303
TCGA.DM.A1DB.01,0.0848191005228096,0.141021601590803,0.62584783258527,0.146438528980738,0.00187293632037987,0.666010679882421
TCGA.DM.A28F.01,0.244564562824163,0.11698593165512,0.584317736210827,2.43127890461213e-07,0.0541315261819993,0.663126438381878
TCGA.AA.A02Y.01,0.372763597920105,0.204802620495736,0.244432843355056,0.11193155451411,0.066069383714993,0.908139485706507
TCGA.D5.6932.01,0.132706946123233,0.200880976916107,0.595606258174431,0.0414010550993038,0.0294047636869252,0.704970333691047
TCGA.AD.6899.01,0.222999594609206,0.127719262662965,0.47451836024786,0.159737708471401,0.0150250740085682,0.812251479348232
TCGA.AY.6197.01,0.582699933480771,2.34194769491816e-06,0.208239928954648,0.0915800363813748,0.117477759235511,0.690914363069032
TCGA.AA.3660.01,0.183464201341123,0.250730201432324,0.434017912990173,0.129246084332112,0.00254159990426929,0.807642922506046
TCGA.A6.5660.01,0.0635787912606948,0.249881201098422,0.569565706914799,0.094581586395189,0.0223927143308952,0.714806482225761
TCGA.D5.6541.01,0.262574793576134,0.212474166667487,0.384272818431152,0.135054200547719,0.00562402077750923,0.837108292241182
TCGA.CM.4747.01,0.400964268484664,0.210879437273696,0.333463756919396,1.36820231271802e-06,0.0546911691199306,0.75792454593239
TCGA.AA.3511.01,0.0951902529839181,0.102079550311325,0.719677511584309,6.6620969746265e-08,0.0830526184994786,0.559338392056337
TCGA.DM.A28H.01,0.00504765129569699,0.263961768892005,0.470466799624176,0.259682673179954,0.00084110700816762,0.676702633119695
TCGA.G4.6303.01,3.10648828990138e-06,0.0601366489117395,0.857839864208248,0.0614366400785146,0.0205837403132078,0.342949345345978
TCGA.CM.5861.01,5.24346528092932e-05,0.150410828037572,4.6832299972567e-05,0.67026952787419,0.179220377135456,0.535704255936834
TCGA.CM.6161.01,0.100797406672881,0.214525244912657,0.472295485036834,0.211562143333523,0.000819720044104208,0.77681953629783
TCGA.NH.A50U.01,0.326290322463644,0.105303293531169,0.430376445896038,0.12208748397847,0.0159424541306783,0.80030761010751
TCGA.AZ.6607.01,0.000717129204845215,0.11092474781029,0.443378782890118,0.000190589635836822,0.44478875045891,0.603750717649048
TCGA.G4.6298.01,0.108108920670212,0.305557674508118,0.516059048458971,0.055870378939402,0.0144039774232971,0.724732964840443
TCGA.D5.6538.01,0.03988144471424,0.169681509786616,0.501813366255828,0.28860674673425,1.69325090658001e-05,0.704796984861582
TCGA.CM.6679.01,0.105765223253389,0.0867844395823787,0.778498103771768,2.13973826310209e-06,0.0289500936542005,0.464284033553128
TCGA.AZ.4323.01,6.78350045037241e-05,0.137678440087261,0.385636785244782,0.475455710642116,0.00116122902133827,0.622852683970615
TCGA.G4.6322.01,0.537541306093359,0.138692075558661,9.79164858419716e-06,0.257074231108794,0.0666825955906019,0.706798715011868
TCGA.CM.5864.01,0.0810933896631335,0.356254453876668,0.419248215649613,0.143400549035561,3.391775023891e-06,0.754552194081601
TCGA.CK.6747.01,0.601668401734152,0.068984726160471,0.108362743737364,0.149585526800938,0.0713986015670749,0.747835653735772
TCGA.CM.6163.01,0.121444970533056,0.145064791619935,0.525740893914403,0.207749341761266,2.17134012212991e-09,0.745965834361216
TCGA.AA.3713.01,0.0615695224400101,1.30199153481444e-05,0.222793069129184,0.597348097321938,0.11827629119352,0.6627023620484
TCGA.A6.A56B.01,0.15250135673884,0.0401282846606417,0.705251610738213,0.101751478268488,0.000367269593817188,0.557669641209575
TCGA.CM.5348.01,8.12105581683198e-06,0.0312211575320756,0.513867438730726,0.293052419100663,0.161850863580718,0.686508675983833
TCGA.AY.5543.01,0.604637839867444,0.146290499374528,0.217469798383967,1.88798446204673e-05,0.0315829825294408,0.637815347555973
TCGA.CM.6169.01,0.0149872139282716,0.101712557215403,0.773904619151644,0.108254448592545,0.00114116111213625,0.461153152081185
TCGA.AZ.6606.01,0.394710102964597,0.0923912925454007,0.353515348961753,0.0722239932356777,0.0871592622925716,0.84317841031147
TCGA.RU.A8FL.01,0.187324837568654,0.224595972525586,0.52506284043519,0.0626721398825942,0.000344209587975027,0.723095539518981
TCGA.CM.6678.01,0.255738459182779,0.289141575369304,0.308252912996839,0.0935131791236985,0.0533538733273792,0.899835612652603
TCGA.A6.6649.01,0.0253059638421386,4.67211460249772e-07,0.372235626146529,0.458772900655306,0.143685042144565,0.681695819859122
TCGA.AA.3675.01,0.370580514841531,0.35498906244796,0.164051588151828,0.0987472709204807,0.011631563638201,0.815490991755606
TCGA.A6.5665.01,0.194753734772332,0.236590372530862,0.00684985406638895,0.455982812655388,0.10582322597503,0.801239603508277
TCGA.DM.A0XF.01,0.0401590088259179,0.2355261854109,0.664726286511741,0.0404697543706653,0.0191187648807757,0.588138700952545
TCGA.F4.6855.01,0.38009087660742,0.291359713519588,0.240190914729876,0.0882678596599428,9.06354831726919e-05,0.798213737543614
TCGA.QG.A5Z2.01,0.367620625549935,1.20762995492929e-05,0.186614395862387,0.396514455126387,0.049238447161743,0.743328754525388
TCGA.AA.3489.01,0.211902646653665,0.137868222985708,0.51815190608645,0.129296292120018,0.00278093215415925,0.760211144327534
TCGA.A6.5662.01,7.11509225887698e-07,0.196954733008302,0.71207652157736,0.0292350582244566,0.0617329756806552,0.520063667700298
TCGA.DM.A1D6.01,0.0809359154856604,0.160077049289996,0.169280049047896,0.515298291258993,0.0744086949174545,0.827871804731401
TCGA.AY.A69D.01,0.518633242471856,0.0369455012973781,0.39345177716307,0.0509551090565718,1.4370011123949e-05,0.609669494906466
TCGA.D5.6898.01,3.08840778168924e-06,0.131450607755809,0.754298687602509,0.114247298159919,3.18073981339835e-07,0.451901683188293
TCGA.D5.6530.01,0.370928833966893,0.0471694291050358,0.0516140789473325,0.506973078419413,0.0233145795613254,0.681556120782384
TCGA.DM.A28A.01,0.181887004079489,0.143465909607679,0.617134222735427,0.0574735385582151,3.93250191902095e-05,0.653025419142375
TCGA.D5.6532.01,0.122125467521301,0.0967831963566645,0.683829993796727,0.0972567709168349,4.57140847217611e-06,0.602322275848874
TCGA.F4.6703.01,3.95207221555875e-05,0.999862011142238,5.14801666872404e-06,2.12739968634139e-05,7.20461220740783e-05,0.000942820582532372
TCGA.DM.A1D0.01,0.155290713530275,0.15474657980249,0.617598603230391,4.59610007588659e-05,0.0723181424360853,0.662355944888438
TCGA.D5.6929.01,0.123789523529313,0.304746466820335,0.546941678101718,0.0132777102118024,0.0112446213368317,0.657756531461403
TCGA.F4.6704.01,1.84717744896894e-06,0.311871662532302,0.0703579358496739,0.610218269013226,0.00755028542734915,0.552024638192006
TCGA.D5.7000.01,0.146734559823719,0.0391862654109302,0.412447657817761,0.308194455674106,0.0934370612734842,0.843815277679939
TCGA.AZ.6601.01,0.109649665221151,0.0329426893113642,0.363285442137853,0.425479817944825,0.0686423853848073,0.789176880228836
TCGA.AZ.4684.01,0.14451694364513,0.390240055408451,0.318295486267122,0.0841822423044236,0.0627652723748734,0.865659875811337
TCGA.G4.6317.02,0.136000294933087,0.150907735171228,0.640979539100665,2.63779248191309e-06,0.0721097930025375,0.640873101100269
TCGA.CM.6165.01,0.182277974395639,0.0883706180118589,0.489528353479605,0.239820706022786,2.34809011144095e-06,0.756053999255381
TCGA.AZ.5403.01,7.58747340322084e-06,0.489722740908749,0.401172778086954,0.0439813124363028,0.0651155810945915,0.640840537667395
TCGA.AY.A8YK.01,0.156689248122015,0.0816723588249733,0.699380669736845,2.12071523641761e-12,0.0622577233140463,0.570349466587537
TCGA.A6.6653.01,0.100174979182807,0.0621614529078642,0.130060940523863,0.55558805721135,0.152014570174116,0.796154183931562
TCGA.G4.6586.01,0.181711278752432,0.103941418079535,0.253036408044842,0.328704145749868,0.132606749373324,0.948500407866742
TCGA.AA.A01P.01,0.000257280295491289,0.00401229189176724,0.0968435801204963,0.834766169718103,0.0641206779741423,0.358674989286204
TCGA.AA.3502.01,0.154972866650176,0.298765501642391,1.75332238337767e-05,0.478977263937105,0.0672668345464947,0.735792611350095
TCGA.AA.3697.01,0.0285810570232592,0.20105787730649,0.743738678171213,3.52208002972135e-07,0.026622035291035,0.460327190482015
TCGA.AD.6890.01,0.387392465546772,0.208367264158184,0.397801882332208,3.57829534873959e-08,0.00643835217988254,0.679345608586306
TCGA.AZ.4315.01,0.185704024075517,0.577914937937997,2.08303897365379e-05,0.194238048931665,0.0421221586650848,0.671951399892681
TCGA.A6.5667.01,1.08370022405785e-05,0.122667502893148,0.84256415439735,0.0173605007081081,0.0173970049991534,0.337201735655099
TCGA.G4.6293.01,0.431303351775688,0.0190668733312053,0.514948467059869,1.24936589326627e-05,0.0346688141743043,0.557127957213614
TCGA.AA.3712.01,0.0591059862726234,0.117593511880616,0.711809084321193,0.106799348901976,0.004692068623591,0.574680112567588
TCGA.AZ.4616.01,0.166076621802896,0.384758878601036,0.34715176203962,0.0802231225670716,0.0217896149893769,0.819362487716388
TCGA.G4.6323.01,0.442327370335778,0.0999123739471095,0.22533421400825,0.184055692302663,0.0483703494061985,0.860402365013965
TCGA.DM.A282.01,0.312165123750581,0.21818195964406,0.448295976998892,3.41955285840711e-05,0.0213227440778832,0.706871267777198
TCGA.DM.A1D8.01,0.163222065400419,0.175102148135749,0.418210471018517,0.243009536512105,0.000455778933209663,0.815703138034935
TCGA.NH.A5IV.01,0.185768412814765,0.0779268083181437,0.210191014889786,0.52001310423406,0.00610065974324503,0.752159047728546
TCGA.AD.6901.01,0.325592880166112,0.0909334497585414,0.533841904509894,0.000106005997817031,0.0495257595676353,0.663742064848785
TCGA.CK.6748.01,0.160296957687025,0.170231664490306,0.595205749241356,9.9986306926959e-06,0.0742556299506198,0.681536345442063
TCGA.A6.6141.01,0.388908367355855,0.095589896018214,0.13600538180306,0.349662068834727,0.0298342859881439,0.829634656305805
TCGA.3L.AA1B.01,0.272760077113233,0.109571001460693,0.498279576662438,0.119387793558566,1.55120507036517e-06,0.744051520028747
TCGA.AA.3496.01,0.150206058865714,0.119714615882451,0.632364068294414,0.0969426224400515,0.000772634517369396,0.658885736088071
TCGA.CM.6170.01,0.111925105138047,0.116541213905077,0.708953309136187,0.0389706093695911,0.0236097624510979,0.592984487212229
TCGA.AU.3779.01,0.149937994676982,0.269696555096577,0.557315145307237,6.52773602036377e-06,0.0230437771831846,0.65284880526284
TCGA.G4.6315.01,0.0596202693488057,0.139218530674203,0.597646631649454,0.15730211503199,0.0462124532955467,0.735213097506026
TCGA.G4.6310.01,0.00591780886126455,0.18170192298246,0.782856854054025,0.00753154931587161,0.0219918647863787,0.405508557568816
TCGA.5M.AATA.01,0.0532437177116377,0.195597545425276,0.561942543705334,0.18708848770851,0.00212770544924183,0.699545871560698
TCGA.A6.5659.01,0.175474546087115,0.153115711494674,0.615231307463389,0.0561783831155549,5.18392669822829e-08,0.654456099940998
TCGA.D5.6537.01,0.132981038307802,0.234264748435202,0.57333295813882,0.0482669680327387,0.0111542870854367,0.698175449026957
TCGA.AA.3663.01,0.0858995060002524,0.457125214170771,2.89708304422487e-06,0.380451363393896,0.0765210193520365,0.704010481906898
TCGA.D5.6529.01,0.302119294212299,0.212307534072229,0.439495443755034,0.0460629898497349,1.47381107033558e-05,0.741805167860073
TCGA.D5.6927.01,0.27424102038789,0.114918539889428,0.252366089663023,0.354098979919052,0.00437537014060688,0.834011128125489
TCGA.A6.A565.01,0.150094872117806,2.79193598976441e-05,1.51028804546725e-05,0.524511572506544,0.325350533135297,0.614434975773189
TCGA.A6.2675.01,0.0691143093879188,0.0619309989103378,0.739990534824702,0.0659543544045456,0.0630098024724959,0.579877944326936
TCGA.G4.6306.01,0.000193086835463419,0.125793077780031,0.750853341195178,7.24357875051817e-05,0.123088058401823,0.457383605452226
TCGA.G4.6320.01,0.268900928648508,0.179136811270075,0.136744244975046,0.342255357054287,0.0729626580520836,0.926573421308835
TCGA.DM.A28K.01,0.0960855313785225,0.174216922587106,1.01752182518807e-05,0.657026307009834,0.072661063806286,0.618924276951933
TCGA.AZ.6600.01,0.028811397609512,0.182350355937278,0.422620882765762,0.306289810358444,0.0599275533290044,0.812457181087534
TCGA.D5.6926.01,0.00932635528016415,0.0979366514600072,0.814979108924862,0.0623633299957348,0.0153945543392322,0.419516276745673
TCGA.AD.6964.01,0.23746026661354,0.22974338664497,0.062847174669682,0.468111440963379,0.00183773110842938,0.758097875395601
TCGA.A6.2686.01,0.0324146160321668,0.557305467742273,0.0897801171726425,0.267218163519089,0.0532816355338284,0.722152322959443
TCGA.AZ.6608.01,0.215438726467421,0.195727050670619,0.54161030407893,0.0360501559433029,0.0111737628397278,0.715826933677493
TCGA.5M.AATE.01,0.121891373742915,0.132923556192785,0.721009714524925,0.0234825188248218,0.000692836714553205,0.530465876828561
TCGA.CK.5915.01,0.275811126646288,0.0464154603323203,0.557199813718986,0.120249041158846,0.000324558143559381,0.671627099344127
TCGA.D5.6922.01,0.0602533445117899,0.00740804299979209,0.757377908325178,0.174960698913497,5.24974280071237e-09,0.448020929395221
TCGA.G4.6321.01,0,0,3.71382718444166e-05,1.08605183237825e-05,0.999952001209832,0.00034234303379683
TCGA.F4.6463.01,0.147661076660913,0.172302877789168,0.381851634780524,0.298163113007872,2.12977615240009e-05,0.81649888592543
TCGA.AA.3526.01,0.154163590622543,0.584021516354497,0.24868261275136,0.0111328546015497,0.00199942567005095,0.628110183484797
TCGA.F4.6570.01,5.31080216300028e-06,1.22732074558424e-05,0.258607418679541,0.633095488188622,0.108279509122217,0.546821012024612
TCGA.G4.6317.01,0.0430510381417438,0.328032098350618,0.621993385503437,0.00148613870931738,0.00543733929488387,0.518453542399114
TCGA.SS.A7HO.01,0.0808887737504241,0.10621921164461,0.638504350290361,0.174141635595698,0.000246028718907036,0.642742352848854
TCGA.4T.AA8H.01,0.350298940306067,0.104949468654624,0.263079260609932,0.199418050643649,0.0822542797857269,0.921020705772378
TCGA.CM.6162.01,0.187462265891882,0.0420359106374869,0.0474611818967213,0.692471072613574,0.0305695689603361,0.592017425260349
TCGA.DM.A1D4.01,0.395382087254212,0.187409041883346,0.2930361667721,0.104110438261349,0.0200622658289924,0.841490271149839
TCGA.QG.A5YV.01,0.29318559938575,0.170053579390073,0.424377073753642,0.112383635409969,1.12060566762135e-07,0.789343629643275
TCGA.CA.5796.01,0.125735164958761,0.0555210000706424,1.13509933880807e-07,0.51948214375482,0.299261577705842,0.697445561355067
TCGA.G4.6626.01,0.166109385821997,0.150243707179008,0.589384509311591,0.093771282195354,0.000491115492050067,0.696052473388567
