S2,S10,S11,S6,S9,S4,S5,S3,S7,S12,ITTH
TCGA.FF.8043.01,1.12307129542563e-05,0.843445822906733,2.2775628619802e-05,0.028245801942642,0.0345889558662275,2.07213407443901e-05,0.0864247742916359,0.00398021755294399,0.00324999941677736,9.70034072230028e-06,0.266504503564034
TCGA.GR.A4D4.01,0.0754953693402675,0.0172086880814531,0.064964984626636,6.27335525533364e-05,8.12059614827447e-05,0.0154423721446804,0.287221020479344,0.509905927046128,0.0295370417468439,8.06570206104864e-05,0.571048144927571
TCGA.G8.6909.01,0.0187597065706683,0.363005411579904,0.0647725511460313,0.285455180690782,2.22981229710908e-06,3.12435187770353e-07,3.23473020851965e-06,0.0859329528438632,0.0676588631428006,0.114409557048257,0.703039462273029
TCGA.FF.A7CR.01,6.69482957892406e-06,0,0,4.78880256843149e-10,0.0287111722114343,0.725139492775591,0,0.0731672612880223,0,0.172975378416493,0.360424436407021
TCGA.FF.8062.01,0.13968588960634,0.0293124745211028,0.0886968297577503,0.198653542286965,0.10499960653485,7.81497122230995e-08,0.122298100561507,0.0585607312613053,0.242972370871963,0.0148203764485045,0.860050902522436
TCGA.GR.7351.01,0.0798584719960894,0.0582825862482249,0.0716009768248563,0.247544150289821,7.68872713942697e-06,0.0791653914365044,0.0768534243947847,0.00858225460912736,0.378099379307818,5.67616563489325e-06,0.742042071544844
TCGA.GS.A9TW.01,8.10602236867082e-06,0.0460869562238248,0.0721492757821386,0.0952768429801973,0.000219532613075703,0.259324437603843,0.422592107635222,0.0893631019706739,0.0149264693756239,5.31697930311439e-05,0.673391431033101
TCGA.GR.A4D5.01,6.87782016111174e-08,6.14696972398356e-08,0.0317285189893758,0.001686845473146,2.08761745997451e-07,0.263850722764732,0.406914992043038,0.129788651032439,0.116444471911912,0.0495854587757118,0.652328999052937
TCGA.G8.6907.01,0.650127565492775,3.35919777507296e-05,0.236084727670577,0.0505747833338641,1.70456507812092e-05,0.0629690476417056,3.45812492498887e-06,9.057705947956e-06,0.000146114120832778,3.46082808400307e-05,0.411760850049998
TCGA.RQ.AAAT.01,0.0543249481943345,2.53619531638727e-06,3.06083024886206e-06,0.833033588405929,0.0202882501293474,0.0131792602179147,0.0450654064385023,0.0268086076778722,1.90814804990888e-05,0.00727526043003549,0.312410988023019
TCGA.FM.8000.01,0.0674395537585195,9.28100988669782e-06,0.77852900186244,0.0397411887133466,0.0105671678400859,8.97709928529703e-06,1.52612037827534e-05,0.0273558660272906,0.0555050950927593,0.0208286073926028,0.387809435005482
TCGA.GS.A9TZ.01,6.89523367345317e-05,0.15940718665905,0.091531592013168,0.115315443543927,0.000263613325357793,0.00542748255790353,0.0573019498999047,0.566883455266355,0.0032364330830328,0.000563891314566554,0.564669829343287
TCGA.FF.8047.01,0.0671371911972524,0.0829000829082067,3.3512482787298e-07,0.212236191623697,0.547132212672155,1.86271921493246e-05,3.85035814788254e-05,0.0766134558021915,0.0139049814640257,1.84184340159358e-05,0.56622158725097
TCGA.FA.A4XK.01,0.00568023983717841,3.32416786606667e-06,3.12578778454097e-06,0.0613837124174035,0.15438396931709,2.50521481185758e-06,0.777416580263569,1.66080918492887e-05,0.00107610360216842,3.38313002788822e-05,0.300898008594838
TCGA.GS.A9TV.01,0.0244026616474421,2.43794365145526e-05,1.97085168537917e-05,3.02404038707649e-06,0.0149954428625888,0.268258650436113,1.27774320254987e-05,0.268351652439309,0.0740003593003334,0.349931343888433,0.616842892612004
TCGA.RQ.A6JB.01,0.0182848691962067,0.0229069160505522,0.149029362208565,2.86554891929816e-05,0.000943090950695539,0.025809948831227,0.432120817668974,0.25137388098331,0.0846686885075976,0.0148337701136797,0.6626494099476
TCGA.FF.A7CW.01,1.23429592178736e-05,1.48837998538261e-05,0.0577411633960051,0.19803915130337,0.313418802970537,0.362754372844164,0.000116565978173984,7.75807727021784e-05,0.0476660297284147,0.0201591062475616,0.626555097928995
TCGA.FA.A6HO.01,0.0015426900102975,0.000244375853628431,0.000237727074387669,0.000400937769722928,0.628258125648213,0.101206245188728,0.000438541492579593,0.150438873077467,0.0815367440077278,0.0356957398772474,0.50060411965164
TCGA.FA.A82F.01,0.00776337743780241,0.108234963081793,8.62837517283479e-07,0.132426974346499,0.120782815016947,0.368812929878459,0.0936996060468483,0.0853357327202227,0.0662802125826102,0.016662526051301,0.803129964282689
TCGA.GS.A9TY.01,2.72108464342727e-05,0.102774217848559,0.252448986679143,0.539620407493009,0.016851495356491,6.10805264320966e-06,0.0457572154506006,1.36779998654475e-05,0.0263199709428258,0.0161807093304286,0.559001844156863
TCGA.FA.A7Q1.01,0.0149240662971784,0.0639744954618004,0.121045277384595,0.0513507632519929,0.215099973485771,1.86928369834575e-05,0.0741964017472516,0.45922641630661,8.45127192272749e-05,7.940050859117e-05,0.664184301170351
TCGA.FF.8046.01,2.54111668781424e-07,3.2953321035352e-07,1.9849337101149e-05,0.514587065473326,0.040109088198197,0.0753311618577803,1.12373374802611e-05,0.16957710584,0.183578946075273,0.0167849622359641,0.584876705367264
TCGA.GR.A4D9.01,1.40692376304464e-05,4.03850150287504e-05,0.0202572997410153,0.0495776298823562,6.37194627822303e-05,0.572992680888673,0.185154903553253,0.144494308426822,9.68162834128004e-05,0.0273081875090253,0.538187452486027
TCGA.G8.6914.01,0.107029533005464,0.0475465854490115,1.00005856936615e-05,0.0436036500916799,0.218214078206535,1.88110877088789e-06,0.20354243517334,0.0190402271867884,0.290307235623424,0.0707043735692924,0.78117677770612
TCGA.FA.8693.01,0.0608508345652945,2.68116203626427e-07,5.47012510807153e-07,0.128880921209559,9.01448705386883e-06,2.25521212608896e-06,0.159199489839403,0.113881791734528,0.501388712386558,0.0357861654367634,0.625310743303179
TCGA.RQ.A68N.01,1.87733775721683e-05,0.0554593845897734,0.0246643760931639,0.111727537804685,0.0717986771345293,0.484024570346172,0.0123911149382833,4.16584391273581e-05,0.154629247280728,0.0852446599959665,0.690738747528912
TCGA.FA.A86F.01,0.0463926927726893,0.0433783881948321,0.0222273260666622,0.0476531966776814,0.08104311029963,0.516867402987359,8.91041493094917e-05,0.171801982129855,0.0622008202044087,0.00834597651757221,0.681462045405432
TCGA.FF.A7CX.01,0.0469511567285034,0.0185413838446196,0.0908860290244765,0.0405603262069104,0.205985328784665,0.450531646749465,0.0392750716841937,0.101061487740998,0.00213953719547767,0.00406803204069031,0.714191259810731
TCGA.FF.8061.01,0.0966563377361498,0.0720958041476032,0.172341512079889,0.23121446823758,0.041932226684171,0.168039640342303,0.0561841541421241,7.53827274634722e-06,0.161402917677365,0.000125400680068371,0.845620828135898
TCGA.VB.A8QN.01,8.2635306455032e-06,1.07383610975955e-05,0.132681617679291,0.209270101192707,0.00920570569292751,0.244768770390415,0.240944309339732,0.120109772832933,0.0429661657855317,3.45551947189161e-05,0.745352430421022
TCGA.GS.A9U3.01,0.000665296551295481,0.000191425611023518,0.000376408411829024,0.000224721902036313,0.161167019528999,0.000832009552689478,0.000749692100412467,0.589882632620716,0.191352146164219,0.0545586475567802,0.479159599323071
TCGA.GS.A9TQ.01,0.04509769495207,0.0329659935853621,0.0132395713847373,0.166888447513424,0.0418819564714743,0.262893758084208,2.39366915486061e-06,0.403368220294001,0.0335660708469032,9.58931986656801e-05,0.683355878891996
TCGA.FF.8041.01,0.111353512262623,0.272973149940656,0.280065435296543,0.185512043731874,5.11077052152319e-05,3.47095103528391e-05,3.66601080748162e-05,5.6996869692242e-05,0.149797509731669,0.000118874843299948,0.675358845859414
TCGA.FA.A7DS.01,0.0178532672659482,0.0416062074912873,0.0213187938514643,0.0951884224681133,0.0198746782343051,0.744635201180843,0.0159540845655727,1.58812983587297e-05,9.92949975691494e-07,0.0435524706941315,0.438724009487462
TCGA.GS.A9TT.01,0.0126748500629876,0.0323205335891667,0.0103278754067419,0.0517161001731478,0.00344742843760014,0.784881818455752,0.0299261121976256,0.0643267640009961,0.0096004988692723,0.000778018806709431,0.394360245537147
TCGA.GR.A4D6.01,0.310696032848054,0.0813044799937265,0.0511671227183817,0.125988867498444,0.3899990462949,2.2738925224474e-07,3.95863754513315e-07,2.89835201040805e-08,2.88036955716741e-07,0.0408435103730109,0.64196478878538
TCGA.G8.6326.01,0.000116058509181605,0.0112008021564747,0.0534835989187311,9.97111732662601e-06,5.07748795875497e-05,2.76236267308375e-05,0.0135102196799062,0.00346625512964308,0.109747603105325,0.808387092877094,0.304496166786517
TCGA.GS.A9TX.01,0.0419331293818145,0.0530909518550026,0.00621741947306584,0.0528185917795478,0.000104247762244207,0.000304108566487551,0.00345188419752743,0.840997503429988,0.000773919993533681,0.000308243560788713,0.283349645178709
TCGA.FF.A7CQ.01,1.51342640153962e-05,3.80356906715744e-05,0.0015157040622391,0.0755728497913647,0.00861196132647671,0.811118840946428,0.028757933526272,0.0167908125323653,0.000434179568464687,0.0571445482917023,0.327423011038008
TCGA.FA.A4BB.01,0.0105348633269665,1.92851633933057e-05,0.000207139519345494,0.114586861386294,0.000379236556372665,0.239153304024635,0.058796768227751,1.49030367007012e-05,0.575591577436971,0.000716061321569851,0.492143226600579
TCGA.G8.6325.01,0.00928246688960706,6.1289306106579e-05,0.0878482233448876,0.000131423324121041,1.04181209587729e-05,1.37689670556059e-05,1.41942913984232e-05,2.06742798770399e-05,0.773139661061078,0.12947788041491,0.314052306219527
TCGA.FF.8042.01,0.00980729944689256,0.116399305912425,5.90253262624493e-05,0.0825375133500051,0.250280872606867,0.210654727889078,2.70419172082324e-05,5.40168630831e-05,0.330039510211682,0.000140686476496587,0.670929885915131
TCGA.GS.A9TU.01,0.000582565413192763,0.000328011666929223,0.000217926315682058,0.000644519674063854,0.151501952778959,0.405621152582767,0.0211616666818619,0.314700984807588,0.104882654548537,0.000358565530420031,0.586397259424665
TCGA.GS.A9U4.01,0.000255040651434436,0.000171787239986386,0.00020479710277382,0.116303950162353,0.000194312373337838,0.250711650455985,0.501568083874203,0.000191761544000884,0.000349054189820842,0.130049562406104,0.529783117978443
TCGA.GR.7353.01,0.554965181699434,0.220385458343887,6.07864097100148e-05,1.91253256655304e-05,0.0554296826126537,1.74949485759301e-05,0.052615662341324,0.0840150874080204,5.32841324963191e-05,0.0324382367782336,0.562926233733955
TCGA.FA.A6HN.01,0.0065844651204661,0.000129346254536325,0.282572787679546,0.0197195438486993,0.474539921540327,0.000340733580596739,0.16656246735001,0.0475159641602185,0.00117962016046813,0.000855150305131709,0.556994390087175
