S9,S6,S2,S5,S3,S7,ITTH
TCGA.L5.A4OF.01,0.110272848550975,0.390502493417503,1.63593908540838e-05,0.432932854035304,0.0061707132037906,0.0601047314015733,0.654852126034167
TCGA.LN.A49R.01,0.038120435391903,0.085281427949105,0.642861769188181,4.09315089237965e-05,0.0964087894551977,0.137286646506689,0.623440247825266
TCGA.Z6.A9VB.01,0.0189610729218478,0.317698631902378,0.409004107587354,0.0175819279988184,0.0422131334021139,0.194541126187488,0.74132552648449
TCGA.L5.A8NF.01,2.98707564439433e-06,0.311840455589312,6.41444008734101e-06,0.652661244709346,3.34770460947199e-06,0.0354855504810004,0.424440324034239
TCGA.VR.AA7B.01,0.171996342436424,0.21442476566964,3.35988978361777e-05,8.79736670314165e-06,0.00182351590945113,0.611712979719946,0.527712600437658
TCGA.2H.A9GN.01,0.25604488005029,0.397143027966318,3.37614111993738e-06,0.28399379062751,0.00100094539504951,0.0618139798197121,0.698808352810862
TCGA.IG.A4QS.01,0.166867283452582,0.221382787068979,3.56016711309251e-06,0.516500508879199,0.0951910841089714,5.47763231559238e-05,0.668784040369248
TCGA.LN.A5U6.01,0.00468504034738444,0.0386371351711031,0.184603734235807,1.34622578681143e-05,0.121535379007594,0.650525248980244,0.557403957384368
TCGA.LN.A9FP.01,0.359312363979798,6.4241106879163e-05,0.315222350713481,0.000242180982029503,0.320049269017505,0.00510959420030749,0.628387710737566
TCGA.JY.A939.01,1.38661176963987e-05,0.476963295137376,1.53545254923879e-06,0.522964372096335,4.86634858917603e-05,8.26771015164283e-06,0.386696184725015
TCGA.VR.A8EY.01,0.102030731170237,0.280783524297027,0.206719404943575,1.17596490412659e-05,0.0514631441305961,0.358991435809524,0.801439907411457
TCGA.IG.A6QS.01,0.0653903413402126,0.0544322383569016,0.0331025661691825,0.000691774231935691,0.298802827941869,0.547580251959899,0.639238093051317
TCGA.L5.A4OT.01,1.66679114880324e-06,0.394239062020339,1.36264673788351e-06,0.565430381163096,0.038274908795487,0.00205261858319118,0.461546458017614
TCGA.V5.AASX.01,0.205937508081767,0.11415939356745,0.00444521209144273,0.578311976722537,0.000958759452557261,0.0961871500842462,0.639498385350003
TCGA.X8.AAAR.01,0.463950522864531,2.99048985708357e-07,1.32382747381751e-06,0.496757953194167,0.0392874650082258,2.43605661685381e-06,0.463836201558029
TCGA.LN.A8I1.01,3.18564348614495e-05,0.000102874262863531,0.856597749822054,1.34778006361119e-05,0.143234955519822,1.90861597626926e-05,0.230258077211609
TCGA.Z6.AAPN.01,0.0435055303355288,0.285944643901511,7.50786868352858e-06,0.0471734075817747,0.313183097997126,0.310185812315376,0.761944298992027
TCGA.L5.A43H.01,9.51489518013875e-07,0.219124663211428,0.278000213224007,0.101803613696212,0.0920687740429716,0.309001784335864,0.83919581135929
TCGA.R6.A6DN.01,0.232202922906134,0.506060258299749,6.71074252592752e-05,0.082725931214106,1.74889533350772e-05,0.178926291201417,0.668966949234676
TCGA.JY.A93E.01,0.0584521439809804,0.413989679471751,2.89456894794619e-06,0.474946129064836,7.17870924302873e-06,0.0526019742042418,0.58028928786008
TCGA.JY.A6FH.01,0.240437086699444,0.330857046723436,0.0059006046501441,0.387837899499669,0.00480495036401661,0.0301624120632896,0.690679340295869
TCGA.JY.A6FB.01,0.360070891741998,0.231654796837541,5.72240050726751e-07,0.391738902241355,1.19764383043068e-06,0.0165336392952246,0.637120181825499
TCGA.LN.A49Y.01,4.34532888095084e-06,0.809386797704022,0.021727235690629,4.18081583418785e-06,0.168874829271688,2.61118894576711e-06,0.309675953318803
TCGA.L5.A43J.01,0.0104812084294389,0.12654019452243,5.97002272623658e-05,0.0133002710960249,0.102123200677766,0.747495425047078,0.45650048830833
TCGA.V5.A7RC.06,2.75014445143862e-06,0.523250183989602,0.380482947209716,5.15141114009747e-06,1.46985937034895e-05,0.0962442686513868,0.520231219608074
TCGA.LN.A7HY.01,0.121440947347735,0.764597330060321,0.000504151162946621,8.92176134347592e-05,0.113332767295356,3.55865202071654e-05,0.397965142766598
TCGA.L5.A88W.01,0.085613089384042,0.117926682112956,2.06931218104695e-06,0.0206723839996187,0.379414910688217,0.396370864502985,0.712840772185233
TCGA.V5.A7RE.01,0.317675704696605,0.236268309426935,0.01638528250496,0.362284865058695,0.00680516517271633,0.0605806731400884,0.750205107236111
TCGA.Z6.A8JD.01,0.0321936512347243,0.0528253484591915,0.0003185453612113,0.0177861639679622,0.369619528065724,0.527256762911187,0.583532785606947
TCGA.LN.A9FQ.01,0.041165438932877,0.126706605145144,0.597146696560238,0.00228947294000053,9.26170433214523e-06,0.232682524717409,0.58839658097447
TCGA.IG.A4QT.01,0,0.999929133429533,1.64050573884814e-05,5.44615130780557e-05,0,0,0.000438852267780462
TCGA.R6.A8W5.01,0.368249166980488,0.3035368047149,0.00013783519835768,0.233728482091025,0.000402614009478129,0.0939450970057514,0.723353464501541
TCGA.LN.A8HZ.01,0.0584024983004819,0.191929948429392,0.424990932871685,0.00468275457134477,0.0311922115569175,0.288801654270179,0.746933634687319
TCGA.LN.A49L.01,0.107996565561025,0.814675650666652,6.4665308094184e-06,6.67443409838326e-05,0.0734637267360644,0.00379084616446525,0.346591196848617
TCGA.L5.A43M.01,0.000114557313289008,0.132527056914621,0.0102675573578917,0.816319380119634,0.0328059322474061,0.00796551604715801,0.352811898347791
TCGA.VR.A8EU.01,0.018878624271468,3.04753458435891e-07,0.0386364310452977,4.0123616380014e-06,0.202031485096916,0.740449142471222,0.41653046374997
TCGA.L5.A88V.01,0.891212135105181,1.99538285874932e-06,0.0394661706600939,0.0375592187287185,0.0317560709651915,4.40915795572939e-06,0.258462218409804
TCGA.R6.A8W8.01,0.103952997628188,0.204542809571346,1.55385906673835e-05,0.657712605355038,0.000188457065810907,0.0335875917889496,0.530919359471385
TCGA.LN.A9FR.01,0.00769961721055043,0.000358346641465346,0.164241340178441,9.85688845561248e-06,6.08857776611746e-05,0.827629953303426,0.275866127877674
TCGA.XP.A8T6.01,0.00120915138379876,0.0266538200368659,0.551379600793466,0.134342836959804,0.286412593847747,1.99697831852877e-06,0.592044123195247
TCGA.JY.A6FD.01,0.0461280922949894,0.0474094733052317,0.000664734372940787,0.0195806169936654,0.182026606798535,0.704190476234637,0.516473801689795
TCGA.2H.A9GI.01,0.461494325587919,0.225234967960076,0.00201194977692933,0.304217943000843,0.00703582494338548,4.98873084798532e-06,0.61506830302227
TCGA.R6.A6Y2.01,0.323008044672461,0.433655439673992,0.0608723885414136,0.145400737710185,0,0.037063389401948,0.725669444282854
TCGA.JY.A6FE.01,0.0677138693743976,0.609520440323782,0.0287521177224066,0.000360593120964541,4.50064486589048e-05,0.29360797300979,0.529787288351528
TCGA.IG.A51D.01,0.0214837461301278,0.445052495420818,0.0085073271478795,0.00018018658170503,0.0674499317277835,0.457326312991686,0.57182610195025
TCGA.LN.A49K.01,0.0148761403461273,0.34174206115972,0.374654699974837,0.0367067695676645,0.0225764797482311,0.20944384920342,0.743213637620239
TCGA.R6.A6KZ.01,0.156226125749109,0.627270572908482,0.0031486997069866,0.213348455513813,4.32093887345051e-06,1.82518273629962e-06,0.519251647788076
TCGA.VR.A8EX.01,0.059042864080439,0.388897582023266,0.138107132653222,0.0712961355892678,0.192857386413096,0.149798899240709,0.891774564500045
TCGA.LN.A49V.01,0.0572661693973791,0.851546288924021,0.00107629520947699,1.12881712006519e-05,0.00878533253697232,0.0813146257609497,0.309060317222726
TCGA.S8.A6BV.01,0.169322443206356,0.16943720911404,0.0377303158839044,0.571813838234901,0.0283893697153739,0.023306823845426,0.688426986185257
TCGA.JY.A938.01,0.512501121442008,0.0999255050740922,3.56096936124979e-05,0.218719155746596,5.14204061660474e-05,0.168767187637525,0.673270581165353
TCGA.Q9.A6FU.01,2.6896050913771e-05,0.12313043325694,0.0806399931071172,0.0143322879247317,0.100998039031592,0.680872350628705,0.566663606399653
TCGA.LN.A7HZ.01,0.10055397289427,0.0943278683307563,0.797843482937451,0.000134008903060828,0.00709646080162295,4.42061328383782e-05,0.374282706887381
TCGA.L5.A8NW.01,1.68640855231587e-05,0.155032349527319,4.19656799210723e-06,0.41182858547948,0.27288161115419,0.160236393185495,0.726880543189567
TCGA.IG.A5B8.01,0.0788752281948277,0.0628401669855454,0.000180424072149142,0.0387847514082606,0.439722703244657,0.37959672609456,0.686919250786486
TCGA.V5.A7RB.01,0.292203742079858,0.358853242108798,0.00432231346699468,0.271570440172798,0.0220761952672334,0.0509740669043176,0.748260200298146
TCGA.LN.A49N.01,2.91163192267263e-06,5.73074172423739e-06,0.070401931609863,0.0153638436801805,0.131991049389378,0.782234532946932,0.39652511338591
TCGA.L5.A8NT.01,0.189893895740012,0.122069687119618,3.82151593295684e-05,0.541662570783141,6.95239687218273e-06,0.146328678801027,0.661920036914516
TCGA.R6.A6L6.01,0.619886516574224,0.20380534419837,0.00891069211267814,1.22441535953043e-05,0.16734714782675,3.80551343823717e-05,0.537106035101002
TCGA.LN.A4MR.01,0.101104031604283,0.167878412171377,0.0673686429873442,0,0.406234053054139,0.257414860182857,0.797137838789951
TCGA.VR.A8Q7.01,0.0964341048374725,0.564983071161794,2.40154220571731e-06,0.025022349609656,7.84604378660329e-07,0.313557288244493,0.560405160592229
TCGA.L5.A4OS.01,0.162280000575448,0.657434945755274,5.48516710900821e-05,0.167375268592118,0.00975791098427846,0.00309702242179193,0.521064523967607
TCGA.L5.A4OO.01,0.143974286135987,0.153799009793971,0.0169145174337403,0.59468615192528,6.56920535996495e-06,0.0906194655056613,0.648919062652817
TCGA.VR.A8EW.01,0.00437920370659257,0.266384200350157,0.338304359652206,0.00101500037411254,0.1863152904305,0.203601945486432,0.774061878816191
TCGA.LN.A7HV.01,0.0521843340676444,0.3967050466691,0.0927495671722368,1.03560879155039e-07,0.23921000668321,0.21915094184693,0.790431431471783
TCGA.L5.A8NU.01,4.35644884972392e-05,0.371111685644443,7.26667731086225e-06,0.628701746622018,5.23718214493762e-05,8.33647462820368e-05,0.369171953708725
TCGA.IG.A3YA.01,1.64288743891373e-06,0.542732987607893,0.18410614472018,0.0162497695829633,0.0530887124267353,0.20382074277479,0.664285488090335
TCGA.L5.A43E.01,0.181038688381539,0.138076782311049,0.0113816728318576,0.593717791948233,0.000198336973089624,0.0755867275542319,0.636333398589235
TCGA.S8.A6BW.01,0.0301002989691225,0.220885415873859,0.369663927612425,3.82770517318749e-05,6.96650132871236e-09,0.37931207352636,0.65576752574545
TCGA.RE.A7BO.01,0.388306212460865,0.00021112466161395,0.00564595044780857,0.587258421648041,0.0184432006160487,0.000135090165623322,0.438550898024231
TCGA.LN.A49O.01,0.036158162848307,0.0896844235748704,0.000695359750216644,0.012349740962635,0.0312164573220791,0.829895855541892,0.367567234572921
TCGA.2H.A9GQ.01,0.0592263581860812,0.759181561963095,2.55542868340385e-06,0.125744206420884,0.0329033203822455,0.0229419976190108,0.466728582767098
TCGA.IG.A50L.01,0.0533846113672244,0.01229912316101,0.36361979427186,5.55439035621893e-06,0.037814936111512,0.532875980698037,0.579162020682585
TCGA.L5.A8NQ.01,0.107938845747807,0.0470118318152322,0.0499284099906512,2.57677265778353e-06,0.503392620081111,0.291725715592541,0.691282069880506
TCGA.L5.A4OX.01,0.386745315263475,0.284026744886182,4.71022652926092e-08,0.24380912263519,0.00879700388164209,0.0766217662312458,0.729719039282787
TCGA.IG.A7DP.01,0.000174480580257051,0.255089788492682,0.0002756669844786,0.733816081012162,0.0030184907960578,0.00762549213436236,0.353882083322708
TCGA.L5.A43I.01,5.82337206200447e-06,0.121158422197966,0.0172842361386818,0.80568135379952,0.0286707844363848,0.0271993800553856,0.390616472199807
TCGA.Q9.A6FW.01,0.196542268690166,1.18451511252254e-10,1.69574797409273e-10,0.61230500373779,0.022111724962307,0.16904100232171,0.560830163042797
TCGA.L5.A4OG.01,0.103671630430111,0.0670972700895683,0.000102056598667525,0.479736804055373,0.000160760422848256,0.349231478403432,0.635331542379464
TCGA.LN.A4A2.01,0.0254602510391119,0.0934921727763089,0.258922159739454,4.01998051717997e-05,0.00415392740659735,0.617931289233356,0.550033357881574
TCGA.L5.A4OR.01,0.000269341530876562,0.188032715740765,0.00725879704781465,0.766424431819139,5.72944334081185e-05,0.0379574194279959,0.379966833500449
TCGA.IG.A5S3.01,6.14422567171658e-11,0.850403519595928,2.37280543448641e-08,1.9594688146407e-06,1.96086813753668e-07,0.149594301058947,0.235542632264495
TCGA.LN.A9FO.01,1.56510786587583e-05,0.506042959818395,0.00517587501927688,0.00112371637371556,0.197537247766715,0.290104549943238,0.591101526276747
TCGA.L5.A43C.01,0.00101103670028024,6.53755274173591e-05,0.0811213255798785,0.839060584802533,0.078693448821618,4.82285682734318e-05,0.312056148055305
TCGA.L5.A8NJ.01,0.756382376094736,1.15526122116395e-05,3.60112574131438e-05,0.172164061116319,0.0166630656350538,0.0547429332842673,0.414028511655558
TCGA.L5.A891.01,0.369465393041681,0.454305963351477,0.068725692567217,0.0677033221482187,0.0397957684071584,3.86048424710641e-06,0.681445958363542
TCGA.IG.A3YB.01,0.0220844888228316,0.532874117861302,0.162942306380795,0.0408576149346121,0.100931416144465,0.140310055855994,0.755090717344682
TCGA.LN.A7HX.01,0.105883381084646,2.14667756203289e-09,0.203496006453385,0,0.0321816156099678,0.658438994705324,0.528797835837574
TCGA.V5.AASW.01,0.439916064985034,0.181614707611034,0.0149611534829588,0.296326963041998,0.000330668815029743,0.0668504420639454,0.713181035968846
TCGA.L5.A4OH.01,0.201760383437025,0.305263396596099,0.000726525945994095,0.411098787359096,8.88287609269332e-06,0.0811420237856935,0.703081853071268
TCGA.L5.A8NK.01,2.79159881568833e-07,0.481478036979244,0.00987634027436857,0.0511053870338153,0.143745104904074,0.313794851648617,0.665277437484437
TCGA.2H.A9GL.01,0.0303535956363965,0.607430890150353,1.38067751690703e-05,0.36215876008908,6.39146551547238e-06,3.65558834864309e-05,0.433838741264557
TCGA.IG.A4P3.01,1.73671477814393e-06,0.220182530241701,0.310819883605666,0.111823443140684,0.0591947507584804,0.29797765553869,0.820159737625469
TCGA.LN.A4A8.01,0.03800016662077,0.61831786200975,0.0701034822754489,6.47262891846261e-10,3.15204281239091e-08,0.27357845692634,0.537152704257891
TCGA.IG.A3I8.01,4.65567414370048e-14,0.728901801393459,4.80183929673493e-14,1.360998960204e-13,0.0233582794679697,0.247739919138341,0.37054826377686
TCGA.L5.A8NS.01,0.0960360795246523,0.244364279137314,0.000355544959323439,0.521184015088403,6.52327712325026e-06,0.138053558013184,0.661496177833764
TCGA.JY.A6FA.01,0.0406544325642307,0.333435702486738,0.432824866236221,0.0800718185372877,3.3532495970077e-05,0.112979647679552,0.729865775380236
TCGA.LN.A49X.01,0.0205450788080822,0.177479588917809,8.73326867074493e-07,3.4588186709818e-07,1.70939848103172e-07,0.801973942125526,0.3145867089113
TCGA.LN.A5U7.01,2.15119539368526e-06,0.00127745404507246,0.274218553281987,2.75816959719664e-06,4.96130465439028e-07,0.724498587177484,0.333115238411951
TCGA.V5.AASV.01,0.0033514971425946,0.543229070057652,0.000205313904372574,3.39205093033858e-05,0.195990947131672,0.257189251254406,0.570017440914619
TCGA.VR.AA7D.01,8.07180599450969e-07,6.36888334974405e-07,1.35003316863357e-06,3.99854080861116e-07,0.134928264676281,0.865068541367535,0.220842238465447
TCGA.L5.A4OW.01,0.373497783151027,0.175113219397012,2.36644312312926e-05,0.373519420210495,6.20722310700759e-05,0.0777838405791645,0.692211389885231
TCGA.L5.A8NI.01,0.103776513805128,0.467171257126167,5.35541145660775e-06,0.419363573480647,0.00740101296784015,0.00228228720876104,0.561093191352355
TCGA.IG.A8O2.01,0.0247631822627632,0.291978656400388,0.666309859546219,0.0167435314914998,2.07317004391707e-05,0.000184038598690955,0.441932537926415
TCGA.L5.A4OE.01,0.191385692903159,0.000157645403854298,0.000179877231909904,0.521955488631762,0.0641402972545784,0.222180998574737,0.652506002392845
TCGA.VR.A8EP.01,6.37834971269317e-07,0.54208799475409,0.15032926431682,0.0839961927590009,0.0382682664054564,0.185317643929662,0.704405867476773
TCGA.L5.A4OI.01,0.262235386477056,0.00515585605132322,0.000870587595580024,0.599290928732583,6.09782323225964e-07,0.132446631361134,0.53517248900294
TCGA.2H.A9GK.01,0.0255713018695293,7.44926858430445e-06,1.12453327341101e-05,0.803793846244887,2.53044109169153e-05,0.170590852873348,0.318950145975419
TCGA.LN.A4A9.01,8.57957587066766e-05,3.64533302434607e-05,0.000150671358025251,4.27390727267933e-05,0.332882734225708,0.66680160625459,0.356811853272691
TCGA.L5.A8NL.01,3.45404039632984e-05,0.307695445285745,1.50026703775685e-05,0.692217113089618,4.5811081537988e-06,3.33174421418816e-05,0.345035644325836
TCGA.L5.A8NN.01,4.03394505742301e-06,0.899697093053295,1.91290857992762e-10,0.100298871045491,7.96633916286616e-10,9.68231816267412e-10,0.181828490413196
TCGA.LN.A49P.01,3.62942717949452e-06,0.394324736167988,0.355020464772755,0.0374312671041892,0.0180389205583371,0.195180981969551,0.697047748222921
TCGA.R6.A6XQ.01,0.259141603767422,0.513378852829346,0.00355265167270944,0.163394184595904,0.0605269638209448,5.74331367451096e-06,0.657509165411058
TCGA.LN.A4A4.01,0.00748560855937098,0.312035849193215,0.175244180417306,8.85800960044402e-06,0.0877234371249321,0.417502066695576,0.716339120774725
TCGA.R6.A6XG.01,0.0980902141949071,0.316950560123302,0.0181551312187704,0.538405131593851,0.028304004053493,9.49588156766544e-05,0.6138316004573
TCGA.LN.A4MQ.01,0.000128224160114148,0.336164375593388,0.395833939765276,0.0634465355464183,4.81674504301285e-05,0.204378757484373,0.68893652108981
TCGA.L5.A8NH.01,0.0690777879423329,0.191520977987019,0.00124722093146752,0.673146355196945,0.0494166067236566,0.0155910512185792,0.552200315524754
TCGA.IG.A3Y9.01,0.000304244384055059,0.105677177117249,0.0077166349661379,5.45822035994549e-05,0.392581311265792,0.493666050063166,0.554525526894935
TCGA.JY.A93F.01,0.0451938493539593,0.179138886978381,8.49984799219062e-08,0.0609380633776243,0.55925688158632,0.155472233705235,0.688089424896118
TCGA.JY.A93C.01,0.167777736280413,0.303780224123187,0.00736642112305229,0.502215463213554,7.99791081354654e-05,0.0187801761516581,0.624475928525787
TCGA.IG.A625.01,4.47211791613158e-07,0.0861111570901239,0.717848294963599,0.0695589424566306,3.24779625444396e-07,0.126480833498229,0.500103645703516
TCGA.R6.A8WG.01,0.201637142681605,0.644059042345219,3.27206143697768e-05,0.119945927938066,0.000627754397574427,0.0336974120231665,0.546850802317218
TCGA.2H.A9GR.01,0.128175653770913,0.22021970158579,0.0216717017186078,0.629925113929966,1.51406541506893e-06,6.31492930885147e-06,0.541812727408476
TCGA.L7.A56G.01,7.58905462867854e-06,0.574910627262871,0.00419112328724915,0.0308299541771726,0.111367331770135,0.278693374447943,0.585486106182712
TCGA.L5.A4OJ.01,0.0320303255809699,0.200973685104896,0.00587962685080066,0.712070409906854,3.61713187082123e-06,0.0490423354246081,0.475851725003831
TCGA.VR.A8ER.01,0.0599782718829592,0.340719504221851,0.329212837175061,0.0786778492133991,0.0504810352954757,0.140930502211253,0.852968690291738
TCGA.VR.AA4D.01,0.871745443177139,0.0886877615193527,0.0143712545255036,0.000302165614685702,0.0248180956920526,7.52794712659145e-05,0.273685208313861
TCGA.VR.A8EQ.01,4.4019456068021e-06,2.32466787404347e-06,1.18122535472923e-05,0.999976302052957,4.377285123598e-06,7.81794891561532e-07,0.000171437966889477
TCGA.XP.A8T8.01,0.0557702673746684,0.243132306379797,0.298113619932877,0.0104933057469182,0.0451847563360415,0.347305744229698,0.792883501142258
TCGA.L5.A88S.01,0.0382299064198091,0.191037340486464,0.00011054814907341,0.000152109852266852,0.236600622539291,0.533869472553096,0.624773491844603
TCGA.LN.A4A3.01,1.9869533418146e-06,0.315891976428569,1.32508764317923e-05,0.00525382426633142,0.127692204211269,0.551146757264056,0.548581627791399
TCGA.VR.A8EZ.01,0.0627887723143358,0.408004152821706,0.487982613935741,0.000374651926387044,0.0404420402952037,0.000407768706626357,0.572371525927495
TCGA.L5.A8NR.01,0.611484828993348,0.0304975996270876,1.43009289665689e-05,0.216772838985237,1.35010293709232e-05,0.14121693043599,0.566688918460175
TCGA.JY.A93D.01,1.03137133268911e-05,0.358169941598575,1.18941134019695e-05,0.641678102248423,4.81620895495561e-05,8.1586236723374e-05,0.36497233633261
TCGA.L5.A4OP.01,0.245359076264234,0.0768924492811773,0.0163994612599664,0.531750834671585,3.52172901587042e-06,0.129594656794022,0.675368227265545
TCGA.L5.A4OU.01,0.207131362656915,0.108360943452263,6.01335177661756e-05,0.431955067515771,6.61471467087902e-05,0.252426345710576,0.713396545683609
TCGA.ZR.A9CJ.01,0.346008869682682,0.200272946475669,6.96724326750533e-05,0.247088478105757,0.0864100987485077,0.12014993455471,0.838034467144922
TCGA.IG.A3YC.01,4.12457236495835e-06,0.485530263478826,0.0492116171690529,7.18095954093588e-06,0.233336304816476,0.231910509003739,0.657247066957782
TCGA.JY.A6F8.01,0.044455368523831,0.294080107094591,0.0150082211142112,0.627519787638729,0.0189046141769128,3.19014517245272e-05,0.518546762375554
TCGA.LN.A7HW.01,3.31505713627251e-06,0.00550497443386587,0.692020735031192,3.83990460149293e-05,6.56869954949817e-07,0.302431919561836,0.360269992318638
TCGA.2H.A9GF.01,0.579806905223398,0.309876313851445,9.78891359772679e-06,0.0481109441631495,3.06094006853613e-05,0.0621654384477245,0.557094593892474
TCGA.R6.A6L4.01,0.188567565049116,0.319464099664113,0.0114506521780748,0.36108486145745,0.0832803549598069,0.0361524666914391,0.795392289969311
TCGA.V5.A7RC.01,1.06897793510546e-05,0.364578141968295,0.33774583841255,8.56589187850408e-06,3.90141374884569e-06,0.297652862534176,0.611382009220243
TCGA.IC.A6RE.01,0.365061209310434,0.300787935404365,9.96335284810533e-06,0.326678934412091,0.00745806757847789,3.8899417840484e-06,0.631444914775726
TCGA.L5.A8NG.01,0.322407643275689,0.266808397319938,6.66064908975052e-06,0.362898798510068,6.09110535196848e-05,0.0478175891916955,0.687234192486167
TCGA.LN.A49S.01,1.40907328638866e-05,0.557321110911604,0.0891914092548138,0.067201862541591,0.239679760537015,0.0465917660221129,0.674327883580812
TCGA.2H.A9GJ.01,5.9921182469374e-06,0.0291912244278218,0.0248295983319497,0.892093804257791,0.0200143871827867,0.0338649936814043,0.27335398667476
TCGA.LN.A49U.01,0.0349654394943914,0.250615681259751,0.266640460667372,0.000100093283263169,0.0652300503010126,0.38244827499421,0.760764594097354
TCGA.2H.A9GO.01,2.2588310445867e-05,0.410576343364593,0.00456302993270186,0.546184542651792,0.0386270064398023,2.64893006652548e-05,0.472509321898006
TCGA.L5.A8NE.01,0.0845579362735801,0.192993271482171,0.0139044295234946,0.694322744710312,0.0142181203789653,3.49763147704126e-06,0.502101984687981
TCGA.LN.A4A5.01,0.0481130830117811,0.403569796347897,0.000471478441940719,0.0120684979688517,0.000174866215535287,0.535602278013995,0.505106568123629
TCGA.KH.A6WC.01,0.000361594725999178,0.000598112261952815,0.151714265844649,0.000145468761958096,0.84655346014224,0.000627098263200151,0.245753456665337
TCGA.L5.A8NM.01,0.23855422262352,0.116460180237479,0.00468445489812216,0.55060593873443,1.56006142874646e-07,0.0896950475003067,0.648679991172337
TCGA.IG.A97I.01,0.0267341258539259,0.0997223978311148,0.0652053325228745,0.0650791659534687,0.226424254816185,0.516834723022431,0.759029779110524
TCGA.L5.A8NV.01,0.0295227608737515,0.193228648666601,0.00585473160950286,0.732407540394037,9.11264417442082e-06,0.038977205811934,0.450060999829146
TCGA.L5.A893.01,0.0504866999090613,0.127919226606286,0.0200887719954067,0.725741066802261,0.0490001488193866,0.0267640858675982,0.541162220409227
TCGA.R6.A8WC.01,0.657611940175952,0.306583381146341,5.18432993991242e-07,0.0252932060182062,7.99212592350971e-06,0.0105029621005838,0.43480005280959
TCGA.L5.A88Z.01,7.73546699254735e-06,2.38513926959236e-05,0.714828360973962,0.0416905092293806,0.243436747976425,1.2794960543341e-05,0.400102960760856
TCGA.JY.A6FG.01,0.005275851879231,8.40522276247024e-06,0.000111273172164122,9.8833751211479e-05,0.979634050990162,0.0148715849844685,0.0627504687784911
TCGA.L5.A4OM.01,3.66380273638823e-06,0.487312626829046,0.0630974345731561,0.0562782583878074,0.00994093163456676,0.383367084772687,0.613936982771027
TCGA.Z6.A8JE.01,0.0860959277543337,0.578576669591313,0.0620404634612171,0.0369170866764977,0.0781425534272392,0.158227299089399,0.732750873338474
TCGA.M9.A5M8.01,0.549620230341931,0.00119922783282366,3.96296450658098e-05,0.30947013661355,0.000297326313260401,0.139373449253369,0.545536320354041
