S9,S8,S3,S5,S2,S11,S7,ITTH
TCGA.27.1832.01,5.8542530864565e-05,0.115965652104776,0.000100261182155321,0.487670468656699,0.123582715778543,0.254377074315944,0.0182452854310192,0.658412119660761
TCGA.27.1831.01,0.107844525537782,5.04970047987762e-05,6.04514409040177e-05,0.0284399635278954,0.862133759577304,3.36269441834163e-05,0.001437175967133,0.246750629934236
TCGA.28.5216.01,9.65068973277558e-06,0.546148502921061,0.0125353138469758,2.55599074365531e-06,0.153109258318519,0.288186168236661,8.54999630748663e-06,0.530012346217971
TCGA.16.0846.01,2.57822075107664e-05,0.328434331351073,0.101327662088578,0.488830949216548,0.0359070826346137,0.0453175937404885,0.000156598761187819,0.621228776205627
TCGA.28.5218.01,2.50827837328212e-05,7.62730233235133e-05,6.60752884271355e-05,5.50461946322152e-05,6.83283778971076e-05,5.14815110244649e-05,0.999657712820963,0.00188631719876241
TCGA.06.0238.01,4.51716038575356e-07,0.364502296026158,0.355566110078519,9.15966958659733e-08,0.279930044633838,7.98072889607473e-07,2.07875860857203e-07,0.561160903887977
TCGA.06.0125.01,0.411344663590412,0.188081059346197,0.00566404215783917,0.12593359845456,0.0111733643768412,0.22146628089005,0.0363369911841008,0.75770892230603
TCGA.06.0219.01,0.0540260036073267,0.116628594282322,0.000260992307000659,0.0862266375523623,0.74281745230471,1.65422430601081e-05,2.37777032179673e-05,0.433229002248671
TCGA.06.0125.02,0.00799459736780093,1.34919338748747e-06,0.0315535482351337,0.153302024355178,2.56516030281367e-06,0.805432713639454,0.00171320204874309,0.318817706656413
TCGA.06.0174.01,0.158056763248633,0.148389968775521,0.478724940015607,0.0702226847032166,0.0580572233504309,0.0806108827228213,0.00593753718376949,0.777289035731759
TCGA.28.1747.01,0.212744851763509,0.253789202594563,6.90438403785177e-05,0.452297263941914,0.0538046298593479,0.0270515680479068,0.000243439952380591,0.664834132699358
TCGA.12.0616.01,0.086172021951854,0.493099479766448,0.0964758171546266,7.75426343409842e-05,0.292083798502901,0.029759393488536,0.00233194650129323,0.649785225997005
TCGA.06.5415.01,0.382841561076231,0.135076727946413,0.0131596110851332,0.276577324865497,0.116814438240253,0.0745209772757522,0.00100935951072177,0.771744356201755
TCGA.06.5411.01,0.0237012167640484,0.504809305559017,0.129269026010002,1.28686702972251e-06,0.308611868885969,0.000105479107794823,0.0335018168061389,0.604253559820102
TCGA.06.0211.01,0.507950796783994,0.205835327530053,3.36413932281811e-07,0.0651046108985888,0.065978045767115,0.122150641445306,0.0329802411610106,0.717395864173816
TCGA.19.1787.01,1.43218265832281e-06,0.367492661773203,3.63970613683438e-05,0.385837331150081,0.0535333869681825,0.16085897416559,0.0322398166989167,0.666572496171765
TCGA.27.1835.01,0.799967372416549,6.71906080137938e-06,8.90973493297222e-06,0.160179174926125,0.0365763392357632,5.78619589712291e-06,0.00325569842993085,0.314407991380411
TCGA.28.5213.01,7.57795753075514e-05,0.00698662870062528,5.40917831490329e-05,0.31475793331074,0.507410046107639,0.141415190294538,0.0293003302280014,0.577658239042484
TCGA.06.2561.01,0.276742282974306,0.062876113060342,0.00884365107376632,0.465118260913778,0.0331820368198081,0.152645166221208,0.000592488936791302,0.684332308030397
TCGA.14.2554.01,0.13078222056302,0.055490617417233,0.0147001968103532,0.224217209714087,0.324472208620682,0.249982749835607,0.000354797039018175,0.790560509477051
TCGA.06.2563.01,0.672355400520422,0.0908896769316178,4.87201804042078e-05,0.0906656782278191,0.0924099895632818,0.00833154842232771,0.0452989861541273,0.56690302530157
TCGA.41.3915.01,3.45020940886585e-06,0.411326936921932,0.0135282072296914,0.0837258782127866,0.107760837860759,0.357626648954914,0.026028040610507,0.68558992021952
TCGA.06.5412.01,0.440744734031682,9.99225469591562e-06,9.49270713349119e-06,0.0179169206061837,0.27336822297265,0.0585242459590944,0.20942639146856,0.658534606731908
TCGA.26.5135.01,0.309614048504024,0.282115115978096,0.19674986967086,7.06443601525915e-06,0.00501045774088694,0.127817876223672,0.0786855674464468,0.785998853996801
TCGA.16.1045.01,0.206207623558102,0.144140146777345,2.10920483234478e-06,0.329814246410302,0.0398613553541348,0.191743510698181,0.0882310079971023,0.837640666021978
TCGA.06.0141.01,0.0555371162530161,0.113631828231762,2.05909438166646e-05,0.409275541250633,0.382971421082133,0.0103035432196392,0.0282599590189995,0.662425987467021
TCGA.06.2557.01,0.302993255190257,0.387356438621833,5.10438008107425e-08,0.246193810169481,0.00909846725633477,4.93904353289998e-07,0.0543574838139402,0.655374762135151
TCGA.06.0157.01,0.189557167012421,4.45929998374644e-08,0.215635758538909,0.538243555997761,6.26648722186311e-05,1.48764366715023e-08,0.056500794109253,0.587098489646339
TCGA.28.1753.01,0.353296042961377,0.44760623315879,0.0228851646413489,0.0527183183393854,2.50861000406875e-05,0.0476635391053768,0.0758056156936812,0.673131869942225
TCGA.26.5139.01,0.336536824766854,0.0586094292860353,0.0111780542625215,0.154552106080798,0.0807895434473634,0.34338394513096,0.0149500970254681,0.773276607030423
TCGA.26.5136.01,0.0577479603074589,0.34505716441634,0.00036807178840944,0.419270726802217,0.0824789205144179,0.0843280281172215,0.0107491280539353,0.700065828359202
TCGA.28.2509.01,0.00839096128351115,0.208391784108405,2.81838313861289e-07,0.214127087679731,0.160583483713945,0.408453761607618,5.26397684758903e-05,0.697304638882907
TCGA.06.0168.01,0.125174467403222,0.129516907674271,1.42739689056254e-06,0.291996242340661,0.128877331696154,0.285924868307844,0.0385087551809579,0.838565905442992
TCGA.76.4928.01,3.55078686604023e-05,1.29593064261765e-05,0.366961251414812,2.92904286171594e-05,9.46027142569335e-06,2.18994611554958e-05,0.632929631248904,0.338421371555839
TCGA.32.5222.01,0.412779798412808,0.0870405187262653,0.00255341674163367,0.0595024236906516,0.388099295374407,1.24018779323276e-06,0.0500233068664413,0.656799215122368
TCGA.06.2567.01,0.00559333803778593,0.234629017444007,1.04973733218416e-06,0.599125477639394,0.0533203262870148,0.100516174309867,0.00681461654459871,0.563915608094539
TCGA.27.2526.01,0.143869370220288,4.14294069173787e-05,0.0187078877058554,0.391241227227518,0.414119273640843,0.0319045513828763,0.000116260415702384,0.615136264366794
TCGA.28.2513.01,0.24617050072301,3.65785393612862e-07,1.2440850819738e-06,6.62853689748012e-08,0.204933162294749,0.529912590492034,0.0189820703343628,0.55587827812786
TCGA.32.2615.01,0.0730379974827128,0.149315114890271,0.00249481388696799,0.218897202488943,0.112768378973455,0.443486095911419,3.96366230618921e-07,0.734501791772265
TCGA.27.1834.01,2.19654966812645e-06,0.344499842209677,1.40672270020289e-06,0.521571017386135,0.0256651909785784,0.108257352564146,2.99358909492553e-06,0.535166520277124
TCGA.14.0787.01,0.40189052483121,0.192669547974326,0.000951468329533902,0.163167841601603,0.0923286738325967,0.144874663650461,0.00411727978026943,0.775234447816977
TCGA.06.5418.01,0.192933829734529,0.117768000129189,0.0209245283878664,0.0800898483067041,0.214212557621042,0.373928983143009,0.000142252677660291,0.79737392346507
TCGA.12.5295.01,0.31846679781729,0.168557146514679,3.20814019790073e-05,0.0666387641213711,0.443808465061466,0.00246083821973094,3.59068634843576e-05,0.627479522296908
TCGA.12.3650.01,0.371788188517515,0.366991179492275,0.0541919503040473,8.9891086945706e-06,0.206884105389049,0.000122381813934461,1.32053744840163e-05,0.627490369118043
TCGA.28.5220.01,1.69984084801691e-05,0.000967496953326237,4.74407037612497e-06,0.826280043199168,0.168601277024043,7.04230623062938e-05,0.00405901728230054,0.250682061870792
TCGA.06.0190.01,0.336518847283524,0.108329160744644,0.0358272335902658,4.19006710142151e-06,0.0879903495671237,0.4192934520149,0.0120367667324416,0.697926397983948
TCGA.02.2483.01,0.0657335503496528,0.674058115328296,0.0538930798121068,0.000280172044581858,0.152865795330109,0.000124707323353006,0.0530445798119002,0.538830652423933
TCGA.14.1825.01,0.0175051573045592,0.780931375685718,0.0295760875160961,0.0667636364121872,0.105215948121126,2.20865138471939e-06,5.58630892890788e-06,0.40380126729327
TCGA.12.0618.01,1.6913715313891e-05,0.225522567985118,0.490714445720104,0.18897355566541,0.0153692658312543,0.0793541052144697,4.9145868329965e-05,0.650589631438519
TCGA.06.5413.01,0.231917387919511,0.346664869788319,0.0132236253900877,0.183636395402086,0.173939466732662,1.87940469273369e-05,0.0505994607204063,0.786272014504696
TCGA.32.2616.01,4.84093732454761e-07,0.311441418808863,1.54290952541243e-06,0.431415348695627,0.0166500790252282,0.23490647578497,0.00558465068205331,0.597899732567337
TCGA.12.0821.01,0.139507972657988,0.268230715608264,0.0227568037553497,0.390730558297937,0.118858129706002,0.0240143816076284,0.0359014383668315,0.793027019993507
TCGA.06.0158.01,0.239769462460231,0.234264365320934,0.00101840224524314,0.261733193242277,0.00558486615987007,0.257565533386014,6.41771854314037e-05,0.729337143347894
TCGA.12.3653.01,0.528796665251619,1.1689224996979e-05,5.68602315859229e-05,0.391267202694695,0.0458294633672201,3.5769131852195e-05,0.0340023500980303,0.494055140688071
TCGA.27.2523.01,0.640849493250213,0.256233677322922,0.0152006067721122,1.02525478402467e-06,0.0877086639216457,1.04455543648078e-07,6.42902277917567e-06,0.468287685379623
TCGA.27.2524.01,0.0324491440694214,0.119998789873398,0.0177909716042982,0.000390562076434563,0.526697551375276,0.270464492073214,0.0322084889279584,0.638473448567179
TCGA.76.4929.01,5.90245087155487e-06,0.388379148683865,0.0103283452681322,0.429251417335163,0.0265773998733355,0.145454148255052,3.63813358093375e-06,0.593307728900092
TCGA.14.0817.01,0.195010235060784,0.230855451666914,0.00185949663198436,1.90706748049503e-05,0.506191500717343,1.72882652251151e-05,0.0660469569829439,0.613290739016016
TCGA.26.5134.01,0.182599172043679,0.719779180837187,0.0160211798381068,0.0186988796513445,0.033950188663727,0.0289507524740951,6.46491860427925e-07,0.465189822527384
TCGA.19.5960.01,0.185165679434653,0.17506295601906,0.188182309088733,0.430973234858406,2.49936113596561e-05,0.00193076596269789,0.0186600610250902,0.70972285952277
TCGA.28.5215.01,0.0255667263119568,0.693452244924799,0.0263194009829247,0.0803490395305747,2.67219237929492e-07,0.167493928733875,0.00681839229663275,0.503216295598427
TCGA.19.2619.01,0.507990794689854,1.02061979458598e-05,0.0253214159353133,0.23955184205939,7.1188009266176e-05,0.218449323370024,0.00860522973820739,0.592772517878955
TCGA.14.1034.01,0.147604123548015,0.0871224048544772,2.62436374671477e-06,0.387217605994567,0.0386291326822135,0.313043702797404,0.0263804057595763,0.743913434192031
TCGA.14.1034.02,0.176437755615261,0.189605245085107,0.0180648286397467,0.228455249359888,0.0745148776092398,0.293299685682585,0.0196223580081732,0.853866101682862
TCGA.15.1444.01,1.26130975951979e-05,0.589845989554257,7.71925956262487e-05,0.36330053404019,4.96323239101391e-06,0.0467358332141469,2.28742657930299e-05,0.423230444785601
TCGA.06.5856.01,0.26273173060073,0.179350493416404,0.0896441846874629,0.277653469512626,0.0889423726997023,0.0590876639974607,0.0425900850856151,0.898370204419953
TCGA.32.4213.01,0.193136800651667,0.161734592064925,0.00685307468584915,0.160001587039848,0.233453998343665,0.154326347378394,0.0904935998356508,0.917316419387433
TCGA.06.0646.01,0.187273032464385,0.378350901331135,0.0348234236719738,0.13327142748601,0.0173527387345948,0.248923563875476,4.91243642542148e-06,0.76237959023836
TCGA.19.2620.01,0.187522629201336,0.109291523865215,2.21419236412938e-06,0.263595744161686,0.115935500140388,0.323649087479286,3.30095972516477e-06,0.782295667353091
TCGA.41.4097.01,0.0861709880147222,0.0904922981036561,1.65883522351876e-05,0.447513543088853,6.49652281308871e-05,0.331844334620179,0.0438972825922237,0.66424055402732
TCGA.28.5204.01,0.502297090856708,0.182482167686988,4.68013520354257e-08,0.209779668117803,0.0749060860691645,3.4551101845192e-06,0.0305314853578006,0.660146560596525
TCGA.32.2634.01,0.0623723839041383,0.554863622597846,0.0332316611406827,0.160247739847781,0.0489296393581755,0.0980157801653565,0.0423391729860194,0.727481030402681
TCGA.76.4926.01,0.21737956643693,0.00743700702520529,0.00651048251006848,0.546669123491381,0.100063500034408,0.121750114090255,0.000190206411752181,0.62667959444974
TCGA.32.1970.01,0.402483168727324,0.148340177015789,1.55667823540077e-08,0.402848128260118,0.00425255403642937,0.0221587626069694,0.0199171937865877,0.617331637930785
TCGA.06.0152.02,0.547241340188186,0.195754931803882,0.00294464969254619,0.00930391533882577,2.81870946882964e-06,0.209189755817417,0.0355625884496744,0.593971661789138
TCGA.15.0742.01,0.596724545774247,0.173009596898095,0.00469638329279664,0.109334895802637,0.0645206149611347,0.0517126371837178,1.32608737208589e-06,0.621210728643063
TCGA.06.0645.01,0.297353950692065,0.186650654723787,0.0324814509987541,0.000209192914828017,0.125299537113654,0.336038071097114,0.0219671424597991,0.76962127134249
TCGA.27.2528.01,0.466554752437592,0.0662772919611579,2.9246623434776e-06,0.117902877469371,0.118904738137092,0.129536421444843,0.100820993887602,0.789827531761359
TCGA.14.0789.01,0.168257902139551,0.059228448102678,0.0119161091453329,3.05680940870247e-06,0.0166933777457662,0.686041368691105,0.0578597373661576,0.519974569806224
TCGA.08.0386.01,0.0590976091517976,0.282579996977327,0.0101255860296277,0.477202387594497,0.0208929999003113,0.13510527650658,0.0149961438398601,0.687634021439907
TCGA.76.4931.01,0.293056307153249,0.340313328856823,0.0141313368725106,0.193845956987068,0.0294262718365696,0.119056043261842,0.0101707550319381,0.775233964196215
TCGA.27.1830.01,0.0929568632771005,0.393080254595392,0.030326607866852,0.150505643659334,0.0161830227016929,0.314461945045273,0.00248566285435613,0.731966454854245
TCGA.06.0184.01,0.182103904342933,0.143734950027238,3.15276473258961e-06,0.214512274556912,0.295689017110687,0.145861091311255,0.0180956098862434,0.839148490336822
TCGA.12.3652.01,0.487941765475046,0.0487808569999568,1.16004127344624e-05,0.000127180394450185,0.451705292112492,0.0106778717488767,0.000755432856444773,0.468481653922403
TCGA.06.0187.01,0.433981313022298,1.82764363352161e-06,8.90670121320794e-07,0.101187598688161,0.0730082087501711,0.39181664342804,3.51779757508126e-06,0.592185419348071
TCGA.14.1823.01,3.16882469392854e-05,1.92728980284083e-05,0.000854603994100119,0.133446547672831,0.482063753212456,0.383578249191567,5.88478407808804e-06,0.51118266843344
TCGA.02.2486.01,5.97879346762907e-05,1.77782477308524e-05,1.97331518099524e-05,0.0245939209303401,0.326128687312907,0.649002826314536,0.000177266107999172,0.380099028159348
TCGA.19.1390.01,0.183965629858331,0.72933607494956,0.035865025259954,1.08157226441407e-12,3.92439305862006e-12,0.0508332699267989,3.50637562855803e-13,0.417516571013627
TCGA.06.0221.02,0.142747605514324,0.701686820701495,0.0797145275157366,0.0493406753693102,0.000957015148635829,0.0107459587584954,0.0148073969920036,0.510970250092089
TCGA.32.1980.01,0.0923020626010157,0.294183516712135,0.0612155800411395,7.2634506554306e-05,0.211753849682537,0.262494316188491,0.0779780402681268,0.837817332870211
TCGA.06.0747.01,0.320346697102985,0.104408490122682,0.0164628164786748,0.210480379058232,0.0523131586221936,0.295985880575322,2.57803991050315e-06,0.776456077695154
TCGA.06.0649.01,2.86796399422609e-05,0.28942030135524,0.00139427874184522,0.423896358836034,0.174520544783558,0.0901984317760756,0.0205414048673046,0.685332630641538
TCGA.28.5209.01,0.427018121016271,0.116441922843452,0.020617532623802,0.159485592793324,0.0119197814800276,0.184927499164145,0.0795895500789782,0.798041468030658
TCGA.28.5208.01,0.490464231903781,0.172000835811552,2.02460623819799e-07,0.0551318612731801,0.165777004347947,0.0795479520588661,0.0370779121440495,0.736621564687817
TCGA.06.0686.01,2.4151732560056e-08,0.734735651882632,0.174775190590245,6.87979258615763e-07,0.0904785584303316,9.57318198446114e-06,3.13783816227014e-07,0.384829597116965
TCGA.28.5207.01,0.180256275298925,0.146843532985905,0.130425805181322,0.441867015832672,0.066637401221693,3.79831860534677e-07,0.0339695896476219,0.777271772389991
TCGA.06.0171.02,0.00284553609890557,0.286364909444355,0.0143558196229209,0.000721810859829266,0.00218771042462928,0.595209293953463,0.0983149195958969,0.509369228366619
TCGA.06.2558.01,0.0746334195095398,0.415090796026062,0.196558193609329,0.140567000471304,0.100573660260935,0.0422759510304673,0.030300979092363,0.835041660505511
TCGA.06.0644.01,4.66390776690981e-07,0.000832500014173689,1.28166042322241e-07,0.0581595488164629,0.0571068152372741,5.39732534300008e-08,0.883900487402017,0.228130654081992
TCGA.06.2562.01,0.397342880882337,0.079687014593093,0.0136920635040152,3.31735384359598e-06,0.0177126729642954,0.48205822242097,0.00950382828144559,0.562487919467194
TCGA.06.2570.01,0.0520199190652215,0.587840650973305,0.203543338624102,0.0622793373047319,0.0350767074241813,0.0402410076502691,0.0189990389581896,0.660416860967004
TCGA.06.2559.01,0.257170734538215,0.254078143642695,0.156328016374558,0.119029370911789,0.0338967798538181,0.149477027301323,0.0300199273776023,0.896689568996861
TCGA.26.5132.01,0.112922994737339,0.248728216987111,3.2004831063395e-06,0.32233572677283,0.0578499928046236,0.229533968497479,0.0286258997175105,0.802575467807659
TCGA.12.5299.01,0.244917094839492,0.15585122616058,0.0145579057319991,0.133999679215266,0.204944008718955,0.244728318962819,0.00100176637088937,0.84351522923735
TCGA.06.0743.01,0.45248829630408,0.0886702743574908,2.03233780118363e-05,0.282440179033073,0.138558309924302,0.0378197456476368,2.87135540531501e-06,0.682820665399984
TCGA.41.2572.01,0.431780929604466,0.052188182652555,2.64355135623732e-05,0.186403748841225,0.17659633639865,0.11027525583505,0.042729111154492,0.778139386405431
TCGA.06.0744.01,0.34338209898682,0.32423687981365,0.0139343400380966,0.0167231366624616,0.227958577600889,0.0427894936821363,0.0309754732159468,0.739870124316268
TCGA.06.0130.01,0.0236577702545206,0.334949282095385,0.000881242396142104,0.210746760282038,0.127542890553512,0.000129881640942453,0.302092172777459,0.727017602080887
TCGA.06.0749.01,0.0475796036916392,0.300679282801243,0.0122919054046508,0.286629524330906,0.322660229797773,0.0298448551829276,0.000314598790860889,0.714720310017903
TCGA.06.1804.01,0.131140680739809,0.164821730079563,7.2857858803018e-05,0.642492983658665,0.000454902252072071,0.0304989188035801,0.030517926607508,0.54726721551321
TCGA.19.2629.01,1.27071498851162e-05,0.679989630098145,0.0128258501649435,0.224192521594587,0.0488857913954239,0.0340381973001661,5.53022968489353e-05,0.471063928880385
TCGA.06.5414.01,0.423617112767991,0.068062591019184,0.000156479829691282,0.0754241097040503,0.0977614468302465,0.33480955175788,0.000168708090957479,0.687701722802008
TCGA.06.5408.01,0.338707458239627,0.206403330497208,0.0225389428973852,0.21604773741057,0.0408609523044693,0.15752953771716,0.0179120409335803,0.823645227656348
TCGA.19.4065.02,8.46780833837507e-08,0.312957407045411,4.53138129824039e-07,0.0821601465871954,0.0428509391724468,0.280079678919898,0.281951290458836,0.72833893037192
TCGA.06.2569.01,0.0024540823427877,0.294369341182908,0.0103235935398796,0.0729905002187617,0.116503702190964,2.29180642849305e-05,0.503335862460414,0.621429873911155
TCGA.14.0736.02,6.28858659320977e-05,3.51670575924628e-05,5.16760099813588e-05,0.00842177344585353,0.990974195924663,0.00043105704734139,2.32446486363135e-05,0.0278957829770018
TCGA.26.5133.01,0.0983866438971457,0.610974728587701,0.00150935870849425,0.104244431285525,0.0953574883404013,0.0689876413029911,0.0205397078777418,0.649075187435017
TCGA.06.0190.02,0.00688582809051812,2.30572278669452e-06,0.0205911158105649,3.78248443149568e-06,3.70292383505759e-06,0.510178718019775,0.462334546948089,0.418508121406507
TCGA.32.2632.01,0.0464682311332236,5.0159897349736e-08,0.00260783474782735,0.708257250039191,0.0717005085925993,7.51586650030165e-08,0.170966050168596,0.459098223214811
TCGA.76.4925.01,0.377594309686949,0.176994776904102,0.0149951905984256,0.123621111086762,0.0654569826731112,0.23364312364086,0.00769450540979048,0.797197818737622
TCGA.19.4065.01,0.12834352477499,0.211776362197443,0.0135831426697314,0.00198355305780555,0.347984345938249,0.276428874776853,0.0199001965849274,0.752177367254233
TCGA.06.0745.01,0.314978526736779,0.41037544763946,0.0229217654840344,0.00386565331429907,0.222405372778525,0.0198690981800126,0.00558413586688962,0.657057415049605
TCGA.27.2519.01,1.21380048693589e-05,0.386535140736928,0.0142240064711408,0.355865539858492,0.102309895835829,0.141015120749684,3.81583430565672e-05,0.670938910827037
TCGA.14.0790.01,0.477599018938384,0.000172387488382848,0.00711277124128851,0.388713065590627,0.126302434614786,4.43968557480898e-06,9.58824409569571e-05,0.523756008326422
TCGA.14.1829.01,0.000286107188440594,0.0179642551630945,1.24452338415761e-06,0.0012720135242688,0.904145346516051,0.0693749768717022,0.00695605621305903,0.202378502577863
TCGA.28.2514.01,0.602046211074025,0.231610089133179,0.0277611013140659,0.0273918647483156,0.00642210610041439,0.103775017361304,0.000993610268695714,0.573871742859486
TCGA.06.0878.01,0.275730924972818,0.111470206500181,0.00398702753715894,0.144068095473463,0.0411346329860995,0.401226199855103,0.0223829126751754,0.762452383517262
TCGA.06.5859.01,0.0545485387572044,0.112678861494314,0.0269046433814528,0.700262404947686,0.070710849054563,0.0348191205519147,7.55818128651937e-05,0.542877699243357
TCGA.19.2624.01,0.572499572536106,0.0697636070967682,0.306142927734591,0.0515924606963889,9.9550293590184e-07,1.58272500999842e-07,2.78160709321173e-07,0.524384851443197
TCGA.02.0055.01,0.000310379591601001,0.0180505232530217,0.0118776857182421,3.33190340975294e-05,0.879348633339554,0.0901171668237791,0.000262292239704938,0.236431741893436
TCGA.06.0211.02,0.320052987387988,0.233091183221111,0.026495419523904,4.54583480055903e-05,0.188996557078813,0.188349887539714,0.0429685069004637,0.804397699017501
TCGA.06.5416.01,0.10117951921502,0.536236549933006,0.0402157413412072,0.0101344734937389,0.236734575546815,0.0718031388362442,0.0036960016339687,0.66428350380373
TCGA.27.1837.01,0.476585228818511,0.292898877880478,0.00235772889417371,0.130655826464683,0.0260038012754387,0.0714901621041833,8.37456253300583e-06,0.656062114536235
TCGA.06.0132.01,0.10816361135199,0.378639398848857,0.0200231504252998,2.40334402122254e-05,0.446344905949348,1.93947426865689e-05,0.0467855052416062,0.611734873166069
TCGA.06.5858.01,0.0524644568551761,0.358094547507109,1.99570923794372e-06,0.329981634958926,0.00242292623074238,0.205256438756013,0.0517779999827963,0.709794006715147
TCGA.27.2521.01,0.0211890099053391,0.695626170516791,0.00827538515162374,0.113597245143375,0.152074405282488,1.9241191120164e-05,0.00921854280926345,0.488577788280654
TCGA.14.0871.01,0.0156710018212828,0.414047089129183,0.00783045739868328,0.0366317028145376,0.113628053026546,0.000112262403399001,0.412079433406368,0.618117912775557
TCGA.32.2638.01,0.418680791256439,0.0554749408232472,6.8447064914884e-08,0.0809617069410835,0.0691065820413364,0.332773060972207,0.0430028495186217,0.72695243050183
TCGA.28.2510.01,0.333843399214595,0.463015302231399,0.0741872347092518,1.2187186109834e-05,0.00666690870043871,0.074358900186062,0.0479160677721442,0.661963314115018
TCGA.26.1442.01,2.39782351642848e-06,0.545409000646823,7.1258157234291e-06,0.352721651410024,0.0254883174570182,0.0763655531414338,5.95370546179873e-06,0.507909843175438
TCGA.41.5651.01,0.0234546911848081,0.540458387023084,0.313656295886968,0.0834786445495914,0.0204732017210068,0.00314058450510189,0.01533819512944,0.592695332921863
TCGA.06.2564.01,0.351051096598998,0.175991539913603,0.0130987104643189,0.259433410449322,0.00746212153920287,0.172132393369111,0.0208307276654443,0.770912696148459
TCGA.06.0882.01,0.283510605822804,0.117281445316624,9.88662928964822e-06,0.336126993900458,0.0983641636130197,0.164654968377092,5.19363407131802e-05,0.771336702517697
TCGA.12.0619.01,0.10005299342044,0.342849253299708,0.00670372319648366,0.233128228994257,0.00237771055642416,0.299846435881265,0.0150416546514218,0.724091115786294
TCGA.14.0781.01,0.116638097150195,7.91298107899181e-07,7.90950711957884e-07,0.075881778788919,0.153007171531493,0.601689629444228,0.0527817408363444,0.613837076229281
TCGA.41.2571.01,9.21771735197197e-07,0.476575742115148,0.318236374790758,6.82911691580607e-07,0.101654210010778,0.103531934142539,1.34257350354522e-07,0.608863618470272
TCGA.06.0129.01,0.0141375962867413,0.79247016534495,0.0725179157899406,0.12086800604738,3.08728072220742e-06,1.23277319867057e-06,1.99647706720834e-06,0.354746140504408
TCGA.19.2625.01,0.0125862030651239,0.131403858064465,0.00118556072801254,0.303819157430758,0.134128782343336,0.416743478161378,0.000132960206927013,0.681992910251502
TCGA.06.2565.01,0.57214905474501,0.189820376213909,1.75985261731597e-05,0.115549432704213,0.0310626322169585,0.0500771406299657,0.0413237649637708,0.65465026955973
TCGA.02.2485.01,0.400617097542035,3.08290958029812e-05,0.22096204012583,0.273273252474994,0.055516921450565,0.0495849137657724,1.4945545000084e-05,0.701226347208337
TCGA.06.0210.01,0.0761093837217052,0.119271484947239,0.038967852545166,0.143850610445414,0.123877056144049,0.441403606841254,0.0565200053551727,0.841301013086077
TCGA.06.0210.02,0.1038120842493,0.426054244034898,0.00499916160979804,0.174431756741461,2.45709861331371e-06,0.229657989005369,0.0610423072605599,0.739152083833826
TCGA.02.0047.01,0.0442817407360298,0.437613600406739,0.00514486958094007,0.220980499955916,3.68533889171645e-06,0.278579988294885,0.0133956156865978,0.654843668048745
TCGA.06.0750.01,0.147689236134459,0.126419962460848,0.00298690553656586,0.230414381297928,0.183431682666443,0.251976363640473,0.0570814682632823,0.884608965811698
TCGA.32.1982.01,0.612642229613718,0.0184369980954546,0.0200495040803561,0,0.262354789235317,0.00403806720906503,0.0824784117660896,0.529980741960849
