S3,S7,S10,S2,S4,ITTH
TCGA.CR.7383.01,0.135252864386315,0.194295688973119,0.141352352546767,0.157290204393555,0.371808889700244,0.947079295429865
TCGA.CR.7398.01,0.522569313973591,0.0889684978747541,1.11020501787683e-05,0.375647693541003,0.0128033925604731,0.607743567912477
TCGA.CV.A6JT.01,0.0020979224787681,0.00335302771616498,0.967885388509767,0.00521255600790692,0.0214511052873934,0.10777145315312
TCGA.HD.8635.01,0.163703117956089,2.14310880677416e-05,0.0165470592641492,0.277932434699993,0.541795956991701,0.653805385081421
TCGA.CR.6481.01,0.778751741472494,0.0289969128376148,0.0361204721122744,0.022882554168114,0.133248319409503,0.479893200426021
TCGA.CR.7395.01,0.133446587705657,0.00217310475090274,0.0460064545001172,0.389439202492513,0.42893465055081,0.717068731484154
TCGA.BB.7863.01,0.0154265507420615,1.88176564693159e-05,0.0555456602662309,0.238339144775762,0.690669826559477,0.511061516357402
TCGA.CV.7427.01,0.204656400381432,0.0153375289971813,0.000343837443047645,0.235424121091099,0.544238112087241,0.660536492175275
TCGA.CV.6436.01,3.62202472790762e-05,3.46793713420656e-05,0.744909725524591,0.25500525427553,1.41205812580774e-05,0.353360427694679
TCGA.CN.A63V.01,0.281887411995887,9.77770737948691e-05,0.235814809703734,0.225107017686408,0.257092983540176,0.859563745902313
TCGA.BA.A6DE.01,0.35208678639769,1.51421375345762e-06,0.0419162329176987,0.292881481988945,0.313113984481912,0.760362633725914
TCGA.CV.7177.01,0.115574808073464,0.432766551222817,0.00167341808010756,0.0752878487040674,0.374697373919545,0.736344078815981
TCGA.P3.A6T4.01,0.397129759975857,0.0302795194791231,0.0481942161326616,0.0985093074981638,0.425887196914194,0.752204697709178
TCGA.DQ.5631.01,0.00497695316676208,0.000399706540572472,0.00101678793548332,0.71329811106954,0.280308441287642,0.393946992459085
TCGA.CQ.A4CA.01,4.08660695395636e-05,7.31300446500569e-05,0.24015253334129,2.13630972416793e-05,0.759712107447279,0.343407463853137
TCGA.CR.7365.01,1.52306319072226e-06,0.00036845741696003,4.63963173018546e-06,0.522289944238713,0.477335435649406,0.431977746486245
TCGA.F7.A61W.01,0.138569950981756,8.42108882553643e-07,0.0618772989609157,0.42679631062153,0.372755597326915,0.731498150024852
TCGA.CV.6937.01,0.440404530975209,0.00638094983093806,0.164552988703504,1.16032579077869e-06,0.388660370164557,0.657167107225831
TCGA.CQ.7069.01,0.000217268039602348,0.0040952849569838,0.00110717919204023,0.84152811437284,0.153052153438533,0.288518452743071
TCGA.D6.A74Q.01,0.48563617755167,0.0145116928848679,0.131681871981252,0.24057483916998,0.12759541841223,0.798181232133068
TCGA.KU.A66T.01,0.0971685220270014,0.0177679948102623,0.0744937294740302,0.202073592704406,0.6084961609843,0.694046260523039
TCGA.CN.4728.01,0.499232633009094,0.284480027851668,0.0550368008175111,1.43768457753158e-06,0.161249100637149,0.719684010541205
TCGA.CR.7401.01,0.162122755900785,0.0048815572651617,0.111723189680994,0.116468792235964,0.604803704917095,0.696121442420503
TCGA.CN.A63T.01,0.398977773168312,0.150956977248111,0.151971281179809,0.292870823714503,0.00522314468926467,0.823545735352156
TCGA.CV.5976.01,0.241971148641427,0.00471032956364574,0.0850385420344501,0.229645492072265,0.438634487688213,0.793756912624166
TCGA.CV.7254.01,0.368610787560121,0.546421837902238,0.0843232852397626,5.68647480384239e-05,0.00058722454983977,0.566397085645845
TCGA.BB.A6UO.01,3.20355819517145e-06,2.15331676609343e-05,0.281291800457223,0.375970662312286,0.342712800504634,0.678399171290468
TCGA.CR.6470.01,0.944011327703362,0.000124968897916837,0.00273456001526621,2.73504155296059e-05,0.0531017929679253,0.141554506140694
TCGA.CV.7411.01,0.115443892487819,0.0142581232527572,0.0907949667687349,0.0313442271106888,0.74815879038,0.530173446975786
TCGA.D6.A6EP.01,0.510068802067133,2.27506297976996e-05,0.462701482868265,0.0271239680704181,8.29963643862806e-05,0.496349243941629
TCGA.BB.A5HZ.01,0.390838995513521,0.00368772132980841,0.132128208762659,0.305769307417248,0.167575766976764,0.818249264349272
TCGA.CR.6480.01,0.897572354387722,0.00268587333935956,0.000203319389643695,5.75474023686772e-05,0.0994809054809058,0.214213879964313
TCGA.IQ.A61E.01,0.0194350333391761,0.00131839850836809,0.111269666198717,0.600061172081502,0.267915729872236,0.614493027189781
TCGA.CV.7415.01,8.20643872298671e-07,7.48372625263839e-07,0.173443803919547,2.80258110642802e-06,0.826551824482849,0.286663077601661
TCGA.CN.6988.01,0.810033391077191,0.0301579036888193,1.92618554822443e-05,0.126446051516934,0.0333433918615736,0.404699746787816
TCGA.CV.5444.01,0.268996724406221,0.000216166520556221,0.101922649235128,0.0160521916783715,0.612812268159723,0.592874681177504
TCGA.CQ.A4C7.01,0.234880364733535,0.000824410987455901,0.0358844226639524,0.476664114099247,0.25174668751581,0.72444374238376
TCGA.CN.5365.01,0.0135378919701265,2.05992017906711e-05,0.153111380517545,0.195291587006448,0.638038541304091,0.591176657637312
TCGA.DQ.5624.01,0.118476927851618,7.77043931752925e-05,0.0295087993990998,0.640905807832736,0.211030760523371,0.603220147085845
TCGA.CR.7370.01,0.50597789786608,0.200475803675181,0.00152259043858752,0.104828016881169,0.187195691138983,0.76228858500988
TCGA.BA.5559.01,0.922864243750807,0.00132872889799476,0.00192428398969506,0.000113543205943926,0.0737692001555597,0.179099145006776
TCGA.CV.7247.01,0.158568522771575,0.000833370905624439,0.0707363002621084,0.27777572708743,0.492086078973263,0.739415221518974
TCGA.CV.A6JU.01,0.312783075577951,0.208986273055247,0.363170799636007,0.0472911269476049,0.0677687247831899,0.860710911105186
TCGA.DQ.7591.01,0.830538320058514,5.940775555104e-05,0.0423176370096457,0.0729361694925474,0.0541484656837417,0.396090340753186
TCGA.T3.A92M.01,0.450614081579534,0.000427577972202892,0.0887144675957354,0.126567235131986,0.333676637720542,0.748874514193542
TCGA.CN.5374.01,0.681937321009903,2.17895735881712e-05,0.121640111637298,0.0218552079318454,0.174545569847366,0.562799003413462
TCGA.CR.7369.01,0.432408964435073,0.012979439794837,0.00131766029132407,0.0855978035994999,0.467696131879266,0.617282456426623
TCGA.RS.A6TO.01,0.381248376884031,0.0542092691170364,0.367408821492148,0.164242310074488,0.032891222432296,0.809308257990546
TCGA.BA.6868.01,0.575316214164465,0.00013320230198866,0.218898154378067,0.20560082568028,5.16034751998054e-05,0.607364441581578
TCGA.F7.7848.01,0.509649561464839,0.139745718669792,0.000492598316612559,0.0721430684421499,0.277969053106607,0.725608468595975
TCGA.CR.7376.01,0.63660937437681,0.0361753480918457,0.0157491253265022,0.00435462145255411,0.307111530752288,0.533837749008095
TCGA.CV.7421.01,0.679105463977796,0.110829096613112,0.14381235215819,5.76641953365785e-05,0.0661954230555655,0.600071605683051
TCGA.CQ.5325.01,0.137595299228929,1.76580141103924e-06,0.10243271171261,0.267223164108696,0.492747059148353,0.750402474377919
TCGA.CV.7433.01,0.00044071171677273,0.00560198305420351,0.180354468557617,0.171147310380619,0.642455526290787,0.576437438804785
TCGA.CN.6012.01,0.360362126334962,0.321234755495309,0.02260365320874,0.000379257502274653,0.295420207458714,0.734082827720941
TCGA.CV.A45Z.01,0.503263903718124,0.147420497836466,0.0862803672234114,0.146158348303782,0.116876882918218,0.851947729123394
TCGA.BA.A6DG.01,0.177393746387742,3.81836440944609e-05,0.138758740219893,0.530707454550568,0.153101875197702,0.74856379112122
TCGA.CN.4729.01,0.265628650088387,0.041717687696692,0.0178750834534108,0.384646396117694,0.290132182643816,0.797244648590928
TCGA.CV.5979.01,6.0350070543815e-08,7.1059280500547e-08,0.0542257801802051,0.396606548911325,0.549167539499119,0.530606982505461
TCGA.CV.A45U.01,0.563265369493324,0.0301857399203775,0.0379550476269769,2.02643036301048e-06,0.368591816528959,0.572279426780718
TCGA.DQ.7590.01,0.869009250058728,0.0690081427428427,0.0454483086690039,0.01649512566822,3.91728612055855e-05,0.320049240876614
TCGA.CR.7388.01,0.562096227845846,0.0646288868391724,1.99732216078291e-07,0.0780200132195121,0.295254672363254,0.658639985465694
TCGA.BA.A4IG.01,0.4691020734721,0.0954522533561522,0.0329139087347198,0.183593526082986,0.218938238354042,0.829748848389977
TCGA.P3.A5Q6.01,0.0918891302081665,0.0218368098474548,0.282858390385229,0.325501859115702,0.277913810443448,0.8582194649904
TCGA.CV.7180.01,0.234472672656181,0.0148171387692557,0.0939478403049674,0.37809485787596,0.278667490393637,0.837859481757006
TCGA.CN.6992.01,0.479526975319942,0.258151454492486,0.00783133628781895,0.106860848355604,0.14762938554415,0.783744709225881
TCGA.CR.7373.01,8.70346620156677e-05,0.000607588236499827,0.0205051369501594,0.731590132273394,0.247210107877931,0.409550606890839
TCGA.CR.7371.01,0.537935308023043,0.162056354725406,4.97848203768178e-06,0.0711070516044281,0.228896307165086,0.717009698373906
TCGA.BA.4074.01,0.0107267034294135,3.89394528331636e-05,0.341180454349582,0.648051832480084,2.07028808720463e-06,0.433113597205253
TCGA.CV.7435.01,0.276559481137115,0.121537584225584,2.84180936418232e-07,0.18337020594819,0.418532444508175,0.799783645258944
TCGA.DQ.7595.01,0.70959383292081,0.0641173648552741,0.0167184786997154,0.0911461061925607,0.118424217331639,0.5958258951007
TCGA.BA.A6DB.01,0.492172653296645,0.00171974261074083,0.181611121845963,0.121311890897392,0.203184591349259,0.77627503719179
TCGA.CN.6021.01,0.569223054924256,0.216826183401601,1.9295131333576e-06,0.10703879101065,0.10691004115036,0.702380140847047
TCGA.D6.6825.01,0.0145612545912642,1.36658306908733e-05,5.05579612351671e-05,0.0489431684377025,0.936431353179107,0.168635638184173
TCGA.CN.6998.01,2.22558705883288e-05,3.03428998601081e-05,0.0679582661776024,0.237589639202686,0.694399495849263,0.483400855332121
TCGA.CV.6948.01,0.581363357780037,0.128540563898711,0.108465258951529,0.0643139011993025,0.117316918170421,0.775320438680214
TCGA.UF.A7JC.01,0.0154370296340024,0.00764579666830771,0.0174527188590625,0.359688458989561,0.599775995849067,0.526081682383525
TCGA.MT.A7BN.01,0.355025532982784,0.00999354300826317,0.634953214211788,1.40018054886252e-05,1.37079916767212e-05,0.436418754056072
TCGA.BA.A6DA.01,0,6.37607106552503e-05,0.677981681297163,0.321954557992182,0,0.390812786821365
TCGA.UF.A71E.01,0.172684524837638,0.452004330607853,0.0869750279034412,1.16308954338821e-09,0.288336115487979,0.766225125679373
TCGA.HD.7754.01,0.848216050622374,0.0491908770265212,0.00024940210026182,0.00144916467210158,0.100894505578742,0.329779837300566
TCGA.D6.A6ES.01,0.120488458537357,5.56359705264466e-06,0.638188500583736,9.40746785473444e-06,0.241308069814,0.549782827808374
TCGA.CV.7434.01,1.44850716021066e-06,2.45163678100384e-05,0.0691190720272905,0.307280249145717,0.623574713952022,0.523198756428136
TCGA.IQ.A61I.01,0.787787475520148,4.07349174306015e-06,0.212202505403266,3.76623665479209e-06,2.17934818845247e-06,0.321226357132605
TCGA.CN.4736.01,0.198436146988561,6.68468017641714e-06,0.0591935810392402,0.149598919601172,0.59276466769085,0.672622045000165
TCGA.BA.7269.01,0.0367131121113879,0.138132726677227,0.585634537437836,4.43280902556381e-06,0.239515190964523,0.65269151110316
TCGA.CV.6433.01,0.901854915918959,0.0181656337386158,0.0628217215214215,0.0170540171834542,0.000103711637549097,0.254881463507577
TCGA.CR.7385.01,0.916884945778961,0.00507835314313413,0.00935737265592253,9.54977367884222e-06,0.0686697786483038,0.207613712388681
TCGA.CV.6441.01,0.629776012696274,0.000102526663841582,0.126223786098444,0.11098962321334,0.132908051328101,0.662095598409877
TCGA.CV.5978.01,0.199304631962968,0.489933248548705,0.00015684443135164,0.0968110780390962,0.213794197017879,0.763173022541986
TCGA.CN.6017.01,0.0415065316515792,2.53291147613182e-06,0.11176133564733,0.741706811760694,0.10502278802892,0.519010418602782
TCGA.CN.5367.01,1.31947866344744e-05,1.68290733681378e-05,0.0806548350535528,0.164144597837157,0.755170543249288,0.442427251570764
TCGA.CV.7252.01,0.0799394214788603,3.82357031687807e-06,0.0225641375848198,0.512669320178096,0.384823297187907,0.619834385391718
TCGA.QK.A6IG.01,0.228616042676149,0.000102570363622302,0.2364794584563,0.522106168995921,0.0126957595080077,0.667336197320182
TCGA.CV.A45R.01,0.286429221093184,0.0317287417704058,0.0888176310398073,4.33729686848293e-06,0.593020068799735,0.616711153846572
TCGA.UF.A7JV.01,0.109481118933076,8.92502882164423e-05,0.18333389600303,0.549172548681577,0.1579231860941,0.729840972520057
TCGA.CX.7219.01,0.41667370527422,1.54048779434892e-06,1.38127337079604e-05,0.306445538293375,0.276865403210903,0.672873355958549
TCGA.BA.A6D8.01,0.183971135407698,0.316025928954579,0.487723432693908,0.0122779696484471,1.53329536733006e-06,0.67087431189464
TCGA.CR.7382.01,0.146206102466396,0.000444764848015189,0.00729279035774626,0.780559708847825,0.0654966334800173,0.430176561433533
TCGA.CV.6953.01,0.23667697953219,0.00303616909706651,0.112198762577677,0.276342101264875,0.371745987528191,0.824739286252246
TCGA.CN.6022.01,0.267427016186301,1.01596985550326e-05,0.0308313612057795,0.489277310192165,0.2124541527172,0.707665385668372
TCGA.CQ.6221.01,0.31312454880805,0.000385996126620483,0.204457341523215,0.000548105755568174,0.481484007786546,0.650660904446581
TCGA.HD.7753.01,3.27105262889292e-06,4.19196425494724e-06,5.61023620899267e-06,0.464879334065548,0.535107592681359,0.429245622397252
TCGA.H7.8502.01,0.0107753174871778,8.64517544083265e-05,0.0137315378294148,0.447017025885144,0.528389667043855,0.50048444751521
TCGA.CN.6020.01,0.191922373232241,0.0372963879786519,0.00717178600335499,0.271466143883434,0.492143308902317,0.731786732876954
TCGA.P3.A5QA.01,0.229215894389569,0.000770378964067395,0.102323534525155,0.667486051749059,0.000204140372149354,0.526888096916448
TCGA.CQ.7072.01,0.444409251213118,0.0458952654871016,0.0665072911093651,0.443037780168002,0.000150412022412948,0.648740042381607
TCGA.CN.6016.01,0.00566144548369604,0.000267322474615463,0.106570632642898,0.00471165929790022,0.88278894010089,0.251888136093357
TCGA.CR.5248.01,0.763098515025683,0.0185364969135546,0.0504567431838154,0.000556578280183393,0.167351666596764,0.456231181775539
TCGA.D6.6823.01,0.144742762697118,0.0201983114385613,0.0535811458420175,0.432822256668331,0.348655523353972,0.773692105188182
TCGA.MT.A67F.01,0.148358519255505,8.99179205584208e-06,0.22364584391142,0.627978361616355,8.2834246634881e-06,0.5656676307549
TCGA.CN.4725.01,2.91799481963705e-05,0.00121546601812901,0.000344119295135541,0.596573126304864,0.401838108433675,0.426066745256409
TCGA.CV.A463.01,0.160426825031494,2.68032694968863e-06,0.0854799385533455,0.231199950612878,0.522890605475333,0.734080623854973
TCGA.BA.4078.01,0.586245006080044,0.0492818760774534,0.021226363502892,0.00248197334285845,0.340764780996752,0.574692220644404
TCGA.CV.7245.01,0.305776884488107,0.0601718879032291,0.0210194105744613,0.285222195626752,0.32780962140745,0.830125404801848
TCGA.QK.A8ZB.01,0.292627953601903,1.23399436054914e-07,0.0177916658725832,0.239810780002753,0.449769477123324,0.704024506104297
TCGA.CN.5363.01,0.0404653345800306,0.00117580744480446,0.0664589999515806,0.525820982400728,0.366078875622857,0.636102893212345
TCGA.CV.A45P.01,0.453663998749162,0.000197201738277346,0.0761273769951238,0.291437243052836,0.178574179464601,0.760062194703944
TCGA.CN.4722.01,0.367161986276244,0.0698466206437956,0.0989872738739915,0.152583640309979,0.31142047889599,0.890296429443703
TCGA.BB.4224.01,0.45051673827352,4.56724561393132e-05,0.0955798869830919,0.104658201234232,0.349199501053016,0.73795862327351
TCGA.CQ.5326.01,0.126310746413361,0.00173481043410793,1.03150142998698e-05,0.62737366619601,0.244570461942221,0.565036476866196
TCGA.BB.7861.01,0.923080019772806,0.00555512726862474,0.0019205204122272,0.0504275993794806,0.0190167331668615,0.211710313493693
TCGA.CR.6487.01,0.932957749394551,0.0179912621312077,0.0454074352893386,0.00209922329745812,0.00154432988744414,0.186632724077728
TCGA.BA.A6DI.01,0.506271669364854,0.125973713537791,0.0246422661860422,0.28907396005741,0.0540383908539029,0.753861964851092
TCGA.CN.6994.01,0.142476044879772,0.0642994312236275,0.0494595210194271,4.91385031717342e-05,0.743715864374002,0.511657477356536
TCGA.P3.A6T6.01,0.590791985390877,0.0222862288705146,0.196735468303987,0.0731439199064531,0.117042397528168,0.719474035762339
TCGA.CN.4739.01,0.736725979383488,0.00654164790137076,7.54496723347871e-07,0.0535240751788709,0.203207543039547,0.458872095541106
TCGA.DQ.7594.01,0.773379150009292,0.00533246586414959,0.000376184528295685,0.0301535710974705,0.190758628500792,0.40464042593229
TCGA.CV.A45W.01,0.654476704835632,0.203502282232962,0.0818343069021353,0.0554603652085527,0.00472634082071742,0.616349813737121
TCGA.BA.5556.01,0.057824277739055,2.37979163405671e-06,0.0420270057378801,0.253056950529632,0.647089386201798,0.576255369410358
TCGA.QK.AA3K.01,0.591528622068323,0.00243530805510239,0.217074896764275,0.188570928509795,0.000390244602503898,0.605472940887235
TCGA.CN.4727.01,0.329844867155241,0.013016695299236,0.0295617866841684,0.501004297179689,0.126572353681666,0.704799590166791
TCGA.BB.7864.01,0.405033026940078,0.126005951994021,0.0329575901148319,0.242900801495714,0.193102629455355,0.870389301817714
TCGA.CV.5966.01,0.0726229460676315,0.000591677165850094,0.202160226126688,0.662208345741262,0.0624168048985684,0.59904578142152
TCGA.CR.6482.01,0.794904396119484,0.0368736929757009,0.0183996102947006,0.0820245152780117,0.067797785332103,0.475473429299609
TCGA.CV.6936.01,0.297018408242096,2.54949112511871e-08,0.0942164387576407,0.0672561042669905,0.541509023238361,0.681494890040384
TCGA.CQ.5332.01,0.277817554775251,0.265887815387836,0.0207519252428032,0.310058749055872,0.125483955538239,0.877316956863774
TCGA.CQ.5327.01,0.192123796977571,0.00477204638310653,0.212298172904756,0.399009436332188,0.191796547402379,0.841762387673435
TCGA.CV.A460.01,0.741287857013858,3.35629574711151e-06,0.0529846698319891,1.47058195189607e-05,0.205709411038887,0.436838691815399
TCGA.UF.A71A.01,0.285445543179459,0.387093796073844,0.0955205227573103,0.0934754899414306,0.138464648047956,0.897753374481751
TCGA.BA.A4IF.01,0.363471262418527,0.131527835454441,0.0359129564614402,0.201304228497192,0.267783717168399,0.888282516431266
TCGA.F7.A50J.01,0.133687255408943,0.00407807894460476,0.174365202877217,0.43519191368381,0.252677549085425,0.811250222137239
TCGA.CV.7100.01,0.435275163762509,0.00016230886432594,0.026188174852164,0.326351989054165,0.212022363466836,0.716498192873835
TCGA.CQ.A4C9.01,0.561214431786449,0.117996651194401,0.0541890052070463,0.0891342497904858,0.177465662021618,0.780806455484812
TCGA.CR.7374.01,0.681851824071201,0.0501637512073526,5.28319944132332e-05,0.0675399176816748,0.200391675045358,0.569075835950225
TCGA.CV.A6JZ.01,0.172054903676478,2.37504341080723e-10,0.187432258619861,0.197880643657279,0.442632193808878,0.806473221053644
TCGA.D6.6827.01,0.690130559884945,0.00455327481481372,0.104935752396994,0.177063559006056,0.0233168538971905,0.566191119867499
TCGA.CQ.7068.01,0.173905856150791,5.94770527603326e-06,0.153902767854964,0.232277387120555,0.439908041168413,0.803153397642647
TCGA.BA.5152.01,0.330267971371349,0.00228024142239819,0.187542769555473,0.312583904933655,0.167325112717125,0.842718922440315
TCGA.CN.A49B.01,0.378653710739347,0.0260437452864135,0.120737929016291,0.180376486586458,0.29418812837149,0.861709767181763
TCGA.CV.A6JN.01,0.000491962214116402,0.000281251728451095,0.654635891128634,0.0876713866022787,0.25691950832652,0.525623455387445
TCGA.CN.4723.01,0.283786680452542,0.0813597232652569,0.0306372661095046,0.309644052789058,0.294572277383639,0.864518086682162
TCGA.CN.A6V7.01,0.801306233236734,0.0310453163180524,0.0842170175952705,0.0117492977854063,0.0716821350645367,0.456565393623001
TCGA.HD.8634.01,0.177424073898059,0.0013306964762151,0.0293007241599833,0.381937413579655,0.410007091886087,0.715914709358196
TCGA.CV.6945.01,6.51176770994558e-07,0.0638478799900103,0.185045806908488,0.208336366909358,0.542769295015373,0.712260155786552
TCGA.DQ.7588.01,7.76190038524014e-05,0.00907627271127357,0.0515021303223388,0.558463051004343,0.380880926958193,0.552471482086894
TCGA.DQ.5630.01,0.253064110221801,1.18220379991144e-07,0.189432533600628,0.207037526669735,0.350465711287455,0.842790092073777
TCGA.CV.7429.01,0.0772468719804589,0.215198913061523,0.0724402635718349,0.519234904909302,0.115879046476882,0.813079794341357
TCGA.CN.4737.01,0.254521913453556,0.00789723542738035,1.28685547107782e-05,0.128600405500585,0.608967577063768,0.591799350609803
TCGA.D6.A6EQ.01,2.22036062768291e-06,6.06138775661801e-07,0.42967444382999,0.210946517225681,0.359376212444926,0.658018765277419
TCGA.D6.A4ZB.01,0.383644742568034,0.0731842894038942,0.100946165988006,0.0625751074326288,0.379649694607437,0.827311373736923
TCGA.CQ.5323.01,0.514281770999542,0.038241066530229,0.0108525498078028,0.0775529717563667,0.35907164090606,0.672254653828544
TCGA.DQ.5625.01,6.38756516640185e-06,8.85005556671946e-06,0.133112059391731,0.14323597048787,0.723636732499666,0.485278155649781
TCGA.CV.A6K2.01,0.280323452491281,1.95558830779566e-05,0.118993886843551,0.16112719185787,0.43953591292422,0.786294784767429
TCGA.IQ.A61G.01,0.266798329615984,0.0372488196855991,0.171690343041673,0.309975696655284,0.214286811001459,0.913829524104601
TCGA.BA.6869.01,0.545017635679509,0.137641044382556,0.0877486593215699,0.189783711859568,0.0398089487567975,0.783498215001847
TCGA.F7.A61S.01,6.61505646027033e-05,0.00172155079174584,0.277494147005271,0.388090098107195,0.332628053531186,0.683963362085612
TCGA.BB.7871.01,0.477799737023459,0.0840185935729132,0.0794312092815064,0.0140257977357961,0.344724662386325,0.738857490956724
TCGA.CV.A6JE.01,0.0949693367854618,0.000896180347244028,0.534324516628294,0.000201288132643338,0.369608678106357,0.580540052997408
TCGA.CN.4740.01,0.616006707019157,0.0749354925658849,0.0688488042876415,0.118939823213103,0.121269172914214,0.736863240680319
TCGA.CV.A45V.01,0.60415967830243,0.0552945259769533,0.0584536797798106,2.44966409185848e-09,0.282092113491142,0.613569787799942
TCGA.UP.A6WW.01,0.777672190235341,0.0050516618247964,0.217251903059197,2.0760436526882e-05,3.48444413880154e-06,0.344346823669288
TCGA.CN.4742.01,5.21466071289434e-07,1.5690996529141e-06,4.42488132420572e-05,0.325564099692454,0.674389560928579,0.392368551151091
TCGA.CV.6942.01,0.137022726757347,0.0324560149904621,0.192874524734072,0.503887878443308,0.13375885507481,0.817347172600615
TCGA.CR.6477.01,1.56735156659233e-06,0.124315725064832,0.0431869569966955,0.125061577173524,0.707434173413382,0.559052687635247
TCGA.CX.7085.01,0.455107424462807,0.0193577704053816,0.010247413436587,0.51061942768593,0.00466796400929452,0.528027255871367
TCGA.CR.6473.01,0.611820145135315,0.00387849998770466,0.0404316943824175,0.202081838693739,0.141787821800824,0.653619501439761
TCGA.BB.7872.01,0.881630377766534,0.11332590698807,0.000808512059973719,0.00206194410275601,0.00217325908266643,0.242115073773572
TCGA.D6.6517.01,0.00937134443778329,0.00100542896096036,0.0439041172953271,0.448191527684778,0.497527581621152,0.556065837889335
TCGA.CN.A641.01,0.436308133395399,0.160510063775453,0.0476695044643671,0.355350190782514,0.00016210758226781,0.726758374050122
TCGA.IQ.A6SH.01,4.37664339303463e-05,0.0531525415252526,0.304485418653608,0.196648547159631,0.445669726227578,0.744663984861771
TCGA.CV.7091.01,0.178307689793537,0.0153716394009411,0.0349845996438396,0.239638459429577,0.531697611732105,0.725185110445707
TCGA.CV.5430.01,0.71841615129938,0.00112842109374206,0.0413944605574817,8.08555805554849e-05,0.238980111468841,0.447299284855378
TCGA.F7.8489.01,0.438840281552614,0.0135016858214254,0.0157734709722866,0.000664855002047336,0.531219706651626,0.513169911399296
TCGA.UF.A7JF.01,0.111016929384495,0.635602290959872,0.253363372206177,8.9346496389246e-06,8.4727998180097e-06,0.546849350435908
TCGA.IQ.7630.01,0.00493685984100346,1.78263357084391e-05,0.0768247165264218,0.301374592406468,0.616846004890398,0.548672319413331
TCGA.BB.7870.01,0.294134135520962,0.120312714152958,0.258778023846232,0.322245847083441,0.0045292793964068,0.841225979556194
TCGA.CR.6478.01,0.237452164907,3.78288698533595e-05,0.0403979153129836,0.347602811794808,0.374509279115355,0.749676291152072
TCGA.CN.A642.01,0.233770500741438,0.000392838052293492,0.250367476636174,0.356437646138953,0.159031538431142,0.838594022671267
TCGA.CN.6018.01,0.250231925932572,3.24298251820639e-07,2.55299293641746e-07,0.610540189383067,0.139227305086816,0.573135678633036
TCGA.CN.6010.01,0.0952534822509525,0.903721484672354,0.000295895337375326,0.000341738422427012,0.000387399316890886,0.201078889944086
TCGA.CV.A45Q.01,3.04598827274914e-05,8.84030536656346e-05,0.977817644799694,0.0219545676697443,0.000108924594168289,0.0670482205430628
TCGA.CR.5243.01,0.706432695302393,7.09045644364255e-05,0.000166251118970861,0.000382227455063812,0.292947921559136,0.379204833859336
TCGA.D6.8568.01,0.245014143406897,2.30199039735854e-06,0.00227858627635271,0.498200909402642,0.254504058923711,0.654816403936543
TCGA.P3.A6T3.01,6.25607822447342e-06,5.45435190111179e-06,0.0543435626992078,0.605059694663485,0.340585032207181,0.5152437039613
TCGA.C9.A480.01,0.262477335776796,0.000202811313455267,0.0561828928212931,0.213685847180679,0.467451112907776,0.745489320023662
TCGA.CR.6488.01,0.114112260722479,0.0960404875223967,9.90050406573771e-06,0.22525974303145,0.564577608219609,0.702935263378117
TCGA.DQ.7592.01,0.041006868117981,1.78366555227103e-06,0.0278289457579844,0.311863047271703,0.61929935518678,0.553486465382389
TCGA.UF.A71B.01,0.243593767718743,0.171915108220527,0.0782436411946642,0.177667191561162,0.328580291304904,0.943657361238303
TCGA.T2.A6X2.01,0.00602087261716436,0.000425475812957264,0.105111375808771,0.326731849710723,0.561710426050384,0.596690886741684
TCGA.CV.6940.01,0.120490699911,0.341347797389748,0.0282783559112527,0.0964004422798105,0.413482704508189,0.816047189351261
TCGA.CV.7413.01,0.201750495851735,8.67475679996238e-05,0.11259839798115,0.0227303906128172,0.662833967986299,0.576757593852326
TCGA.CR.7404.01,0.649915405228381,0.0351418956678555,0.0107138775689931,8.95845125744405e-08,0.304228731950258,0.502256987737982
TCGA.CV.7432.01,2.69173943093e-06,0.130712965309714,0.0853615566978678,0.319251264194171,0.464671522058816,0.743560872463365
TCGA.CV.5440.01,0.184673477089242,0.227734681436283,0.0818815139402518,0.0729922460225805,0.432718081511642,0.874420809182572
TCGA.CQ.A4CE.01,0.45628473673246,0.0172370041326998,0.06275188821391,0.145378816434455,0.318347554486475,0.774481623528386
TCGA.CV.7422.01,0.416925801660799,0.269669388788532,0.00106705910703395,0.107587912206751,0.204749838236884,0.801555268001132
TCGA.CV.6950.01,0.000113642582228386,0.000149969806377326,0.0178576313192849,0.49687283432031,0.485005921971799,0.480109380165227
TCGA.CV.A45X.01,0.255500817037061,0.000126888396701901,0.0399372108264064,0.103278905262728,0.601156178477103,0.633014570698508
TCGA.CV.7263.01,0.43985607516651,0.159383927834289,0.0486712939336646,0.08501225770525,0.267076445360286,0.847019140878239
TCGA.CV.A45T.01,0.352762522152168,5.77394255089455e-05,0.198194136921122,0.334749708093248,0.114235893407953,0.809649885058882
TCGA.BB.4217.01,0.415761145371951,5.45052844310916e-05,0.0437326733471648,0.327492355759041,0.212959320237412,0.743890104426871
TCGA.CV.7089.01,0.343093457923836,9.00911195060383e-07,0.0426479387170299,0.454496958194726,0.159760744253214,0.716396643516464
TCGA.CV.A461.01,0.595318418562667,0.0665727950155623,0.135151810248041,8.48301321923847e-05,0.202872146041537,0.673553873552161
TCGA.D6.A6EK.01,3.17821461008164e-07,9.62839233989058e-07,0.999979088499115,1.94867488834687e-05,1.44091306716212e-07,0.000156963984762869
TCGA.CN.5359.01,0.207500082924088,0.249149039321373,0.000121931965514393,0.17569153975684,0.367537406032185,0.836983594664887
TCGA.CQ.5330.01,2.62545993434514e-05,0.000109540976003572,0.099451937886107,0.517929946245846,0.3824823202927,0.583536869075824
TCGA.CV.5977.01,0.000113641528053696,0.000543882530219033,0.162259170893078,0.325827432959055,0.511255872089594,0.626660523158579
TCGA.BA.A4II.01,0.326834665018911,0.0130557832093946,0.0466825578530637,0.138232162276863,0.475194831641768,0.740812474591204
TCGA.CR.7402.01,0.614583862474021,0.031042127052345,0.0029386199651899,0.12791817598689,0.223517214521554,0.63503097704038
TCGA.CV.5443.01,0.887652903357458,0.000421144717981311,0.0425028658824949,0.0138994507299552,0.0555236353121105,0.287826825390803
TCGA.UF.A7JS.01,4.92400630680654e-05,4.79256777928513e-05,0.999826564960627,6.50425667465017e-05,1.12267317653242e-05,0.00117648452537424
TCGA.IQ.7632.01,0.284435122133053,0.0195794425042792,0.0272431956919398,0.365785819952595,0.302956419718133,0.784390092734822
TCGA.CN.4730.01,0.187288147926552,0.0538089271834898,0.117848331229006,0.483814359249242,0.15724023441171,0.848210949468515
TCGA.C9.A47Z.01,1.37352841864976e-05,4.3720948080956e-05,0.0231600056669297,0.307968153138541,0.668814384962262,0.4470750988477
TCGA.CV.7101.01,0.498312803766424,0.271413477811738,0.0077453331484968,0.0876375688385985,0.134890816434743,0.759440595450312
TCGA.CQ.6227.01,0.074671310527824,2.5756178692923e-06,0.0434739226542699,0.639274314171231,0.242577877028806,0.596305493660577
TCGA.CV.7253.01,0.211244399627333,0.212790544955758,0.0368091101323947,0.293211060842658,0.245944884441856,0.922036114384931
TCGA.CV.A6K1.01,0.198684839377174,1.89176617248522e-05,0.454326006205067,0.301789392369426,0.0451808443866083,0.733923212274623
TCGA.CR.7377.01,0.269146471939736,9.21735458608277e-06,0.00748669309070954,0.313812639615963,0.409544977999006,0.695464171445397
TCGA.HD.7831.01,0.45467246643737,0.00014384902066189,0.00205919600091693,0.231354186278766,0.311770302262286,0.667558960168458
TCGA.CN.4735.01,0.769122587841786,0.0119322888549591,0.0115985361340962,0.0174753267280326,0.189871260441126,0.430342657904241
TCGA.BA.6872.01,6.01576696137675e-06,0.0234163183427487,0.144078298990803,0.23728987661319,0.595209490286296,0.632069367681046
TCGA.BB.A5HU.01,0.0595308659564507,1.67320398078563e-06,0.0214545366218334,0.529720426852574,0.389292497365161,0.592911511654793
TCGA.CQ.A4C6.01,9.57932633930546e-06,1.13413288681037e-05,0.0712150926413597,0.305513573653036,0.623250413050397,0.525237352288938
TCGA.BB.A5HY.01,0.354131980429851,1.54380894041425e-05,0.111787424654837,0.534047156953041,1.79998728673264e-05,0.588977720495227
TCGA.CV.7099.01,0.183388912746835,0.187720058549992,0.0814288841095254,0.205954045081627,0.341508099512021,0.945446913125418
TCGA.KU.A6H7.01,0.674535263124763,0.00010364770610273,0.230413306806757,7.61419563451285e-05,0.0948716404060315,0.515038461364403
TCGA.BB.4225.01,0.917314758074907,7.37545937143153e-06,0.0825515484671644,5.76744143162794e-05,6.86435842409305e-05,0.177942655512287
TCGA.CV.6955.01,0.208120846032585,0.790816739869655,0.000848794635216318,3.13257880097219e-05,0.000182293674533713,0.323197855734793
TCGA.BA.5153.01,0.934594523511931,0.000119974229832344,0.000501491909285348,0.000108014136355827,0.0646759962125955,0.15297563344079
TCGA.CN.A6V3.01,0.159414596081633,0.265187814918413,0.0394204560742371,0.241898932705786,0.294078200219931,0.916726477847214
TCGA.CV.A6K0.01,0.517175259961818,0.000720037593315986,0.0326212416914178,0.20344433784499,0.246039122908459,0.700149334158364
TCGA.BA.A6DJ.01,0.133798257381198,0.00440785163868943,0.181652216918268,0.680094941362462,4.6732699382915e-05,0.537783949201242
TCGA.CN.4738.01,0.377176277094174,0.143589794584255,1.81511955583173e-05,0.283260850920397,0.195954926205615,0.822226288459173
TCGA.CV.6960.01,0.217032644432144,0.0805114522754555,0.00225902681323674,0.524454751996994,0.175742124482169,0.740764045896957
TCGA.MZ.A6I9.01,0.71969968814212,0.134538900810325,0.145730510504249,2.58637131476539e-05,5.03683015841218e-06,0.489367992084562
TCGA.CQ.6228.01,0.324659147830787,0.303693296844352,0.0718281916980318,0.0774934008455689,0.22232596278126,0.900190847782679
TCGA.F7.A622.01,1.91554289855642e-05,0.0150620468640294,0.254715157621949,0.42168482494577,0.308518815139265,0.707505488187079
TCGA.CV.7236.01,0.183223918499772,0.0019435643072648,1.06639920670198e-06,0.468697056631134,0.346134394162622,0.64959944743861
TCGA.RS.A6TP.01,0.568615959894917,0.000190238400731955,0.0562091099832285,0.0470999851205534,0.32788470660057,0.617597609332883
TCGA.HD.A4C1.01,0.235731380112328,0.0228465482856505,8.16385643885789e-05,0.365283572341421,0.376056860696212,0.722867640582194
TCGA.CV.7255.01,0.0375223995662285,4.82129452198728e-05,0.0192765716868982,0.490669018868244,0.45248379693341,0.56414065310431
TCGA.F7.8298.01,0.199429021343426,0.000120989024591291,0.0466472974339483,0.224865369533165,0.52893732266487,0.707103474267487
TCGA.4P.AA8J.01,0.453727550624986,2.87617674752624e-06,0.36114246847702,0.114664565966005,0.0704625387552413,0.721782635364503
TCGA.BA.5558.01,0.0307442883772277,0.00182722428686847,0.0395289514903152,0.37136675277991,0.556532783065679,0.584233925216955
TCGA.P3.A5QF.01,0.634184808335799,0.0671315285252146,0.0760229522030396,0.11170625135041,0.110954459585537,0.71753716664168
TCGA.CV.5973.01,0.0603044285986056,3.20414643537751e-05,0.398888245811279,0.100422350441622,0.440352933684139,0.701034313726282
TCGA.BA.6871.01,0.673127711431631,0.00143963075736916,0.145019680355462,0.179094955276003,0.00131802217953511,0.542194985741783
TCGA.QK.A8Z7.01,0.530607707809536,0.142198216698974,0.0483605709660851,0.245281252493153,0.0335522520322522,0.757231650480339
TCGA.CQ.A4CB.01,0.0781424751617162,0.000718611496831181,0.0350409779044287,0.496015365466586,0.390082569970438,0.644223309193915
TCGA.CX.7086.01,0.377185475481123,0.048454848985776,2.09856833482142e-06,0.172681222490931,0.401676354473835,0.735736869319004
TCGA.CR.7390.01,0.126048128731213,0.135458699238314,0.0016479112928599,0.479268695165799,0.257576565571814,0.773125355128144
TCGA.P3.A6T5.01,0.0656170598910763,0.0171628113287399,0.216636681306564,0.0550566706041707,0.645526776869449,0.635020625954038
TCGA.CV.7183.01,0.130356224063758,0.0156367008814386,0.0610662946670695,0.55413625263854,0.238804527749194,0.72725567583411
TCGA.CQ.A4CI.01,0.300509539761173,0.344231687035334,0.0507459351828274,0.212615823523004,0.0918970144976615,0.887403082605632
TCGA.HD.8224.01,0.541257975952598,0.0189801304511091,0.000157672460381118,0.0226155417995591,0.416988679336353,0.533920648052152
TCGA.QK.A8Z8.01,0.305064927104322,0.442940406648872,0.00237297518860362,0.0968712108459752,0.152750480212227,0.776894208848459
TCGA.CN.5358.01,0.643358166160483,0.0164836977943147,0.00887411864052773,0.272109050074122,0.059174967330552,0.56841036836288
TCGA.CN.6989.01,0.323915652950125,0.232520288543268,2.06473617113916e-05,0.235255647712775,0.20828776343212,0.852324061767443
TCGA.CV.6941.01,0.381431146561061,0.184765592023275,6.53759985629175e-07,0.260710658598799,0.173091949056879,0.828690661911825
TCGA.CR.6484.01,0.722696644287609,0.00456917234561055,0.0503842626536026,7.5428143441754e-08,0.222349845285035,0.462387960085563
TCGA.CN.6024.01,0.25117456854211,0.283453512172518,0.035033213219944,0.305076389285173,0.125262316780255,0.89732349455331
TCGA.UF.A7JT.01,5.91297169045979e-05,0.000361097735500884,0.446237336778385,0.404913052327277,0.148429383441932,0.629247256443397
TCGA.MT.A67D.01,0.335939512608477,0.0189064331467504,0.139578611449762,0.385586462130567,0.119988980664444,0.831472743889435
TCGA.CR.7392.01,0.178596214480552,0.000501105724161549,0.000723357110092563,0.246078833289972,0.574100489395223,0.609106493867073
TCGA.CR.7379.01,0.206835859147012,0.025892331352205,0.00305717746638604,0.517738536821246,0.246476095213151,0.698537306789453
TCGA.CX.7082.01,0.511427500605415,0.100825597281284,0.02379205130568,0.134498021983734,0.229456828823887,0.789600305188414
TCGA.H7.A76A.01,0.797307596513451,1.09382503522247e-05,0.20266472273994,1.02647402147725e-05,6.47775604182344e-06,0.313411318540319
TCGA.P3.A6T7.01,3.84614510166322e-07,1.57829992099806e-06,0.225058137478182,0.156029213484833,0.618910686122554,0.573172068297832
TCGA.CN.4733.01,0.636954942590238,0.000158936892292187,0.0317109069589756,0.234257048834934,0.0969181647235601,0.599160771958463
TCGA.TN.A7HI.01,0.528051433999525,0.0124618884858647,0.457392258605122,0.00200862061151935,8.57982979697536e-05,0.474013848716588
TCGA.CR.7389.01,0.404784506140552,0.0586307203849957,0.000221366928364352,4.12134910463373e-06,0.536359285196983,0.539587602760164
TCGA.CN.6023.01,0.494417502531571,0.397019551821689,0.0372047430799734,0.0255862729849165,0.0457719295818501,0.666331212672609
TCGA.CV.7430.01,0.439747776925257,0.113571554672537,0.000791392801973133,0.209065228842892,0.23682404675734,0.796752284486854
TCGA.HD.7832.01,0.0526190692923068,3.3579494910906e-05,0.062547920041637,0.396075251902005,0.48872417926914,0.649540308419907
TCGA.T2.A6X0.01,0.767437022274533,0.100524039292418,0.0108154897256572,0.0480861521665341,0.0731372965408571,0.509651995842024
TCGA.BB.4228.01,0.895343955491271,4.32979492032151e-07,0.0967462537105128,0.00790700267599193,2.35514273231919e-06,0.225700784455681
TCGA.HD.A633.01,0.136970182671696,0.000159202724047135,0.102150860552963,0.558932476561303,0.20178727748999,0.71754236129035
TCGA.F7.A623.01,0.387743792552203,0.000111914165140568,0.0763684118707311,0.0165064494785318,0.519269431933393,0.604460155490073
TCGA.QK.A8ZA.01,0.159125845622187,0.329363057065618,0.0400967642429656,0.0647688864173908,0.406645446651838,0.826632889796938
TCGA.D6.8569.01,0.14035584233243,1.83764361496335e-05,0.00853052069149608,0.389913450008869,0.461181810531055,0.646567229647131
TCGA.CV.6943.01,0.230486451365116,0.000479720998413388,0.085941328229288,0.000463717070026197,0.682628782337156,0.507641486884589
TCGA.CR.7367.01,0.277783380709817,0.00437038403803389,4.86614106440213e-05,0.274817205808722,0.442980368032783,0.680795988608389
TCGA.IQ.A61H.01,0.213036200877157,0.368477108459445,0.0233276988266852,0.141088687765223,0.25407030407149,0.875696948415597
TCGA.CN.A49C.01,0.689117663475835,9.40265935561402e-08,0.0667022654986211,3.62059751244356e-08,0.244179940792975,0.485539066893347
TCGA.CV.5441.01,0.285176962799379,0.0686783873247446,0.0936466704746196,0.287460990595918,0.265036988805339,0.915737436354685
TCGA.WA.A7GZ.01,0.229492002105804,0.001372742847187,0.0522388971453577,0.297344243991281,0.419552113910371,0.761810773503948
TCGA.CN.A6V1.01,0.664798149699606,2.19013149927402e-08,0.334395888480156,0.000353507948538603,0.000452431970384107,0.400151866073811
TCGA.CV.5971.01,0.000285839317519651,0.000627403195720313,0.267730065927179,0.731056560027973,0.000300131531607736,0.367342930454552
TCGA.HD.A634.01,0.575540514991584,0.000738186271915847,0.251311553199161,0.172342596652897,6.71488844427507e-05,0.605195844931642
TCGA.TN.A7HJ.01,0.370259854056767,0.0467288569842776,0.133631068121123,0.192473880906565,0.256906339931267,0.898624667483588
TCGA.CV.A464.01,0.184016922135046,2.1129443393161e-05,0.157743039561029,0.0636693719568704,0.594549536903661,0.675715047663121
TCGA.CV.5970.01,0.168960974799926,0.000122458166292631,3.7102765703658e-05,0.137424337831083,0.693455126436994,0.514778985198429
TCGA.BB.7862.01,0.503170442457747,0.159355973363768,0.0160720851645268,0.321320144335663,8.13546782952772e-05,0.664965788558819
TCGA.CN.5366.01,7.90862330900945e-06,1.26634898594618e-05,0.0384660844353763,0.435662691090133,0.525850652361322,0.51292941969858
TCGA.CV.5431.01,0.613904008153094,5.4622803915449e-11,0.0713771883085023,0.0862056782693454,0.228513125214436,0.644055885047051
TCGA.CV.A6JM.01,0.0102070817863476,0.0104005932571497,0.75243873504188,0.0324190592462705,0.194534530668353,0.458514832883013
TCGA.CR.5247.01,7.08768772107365e-05,0.157889292708286,0.0924191584148532,0.492986853110474,0.256633818889176,0.751773618984737
TCGA.D6.A6EN.01,0.053772128638017,2.55776980399264e-05,0.66915505186918,0.277037155725884,1.00860688794548e-05,0.485880392136356
TCGA.P3.A6T8.01,0.486669512199899,0.0592028387820587,0.13277548311154,0.320572902375535,0.000779263530967164,0.718387816263597
TCGA.F7.A61V.01,0.361127603646407,0.135203980876806,0.144498665939637,0.198887905686076,0.160281843851074,0.952221248417676
TCGA.BA.6873.01,0.0606071509566111,3.19667384232675e-05,0.0427904822713413,0.498142480574813,0.398427919458811,0.633059533726667
TCGA.UF.A7JK.01,0.101645657799356,0.00842960897408301,0.0720663201504793,0.360893839702785,0.456964573373296,0.738070905730399
TCGA.H7.8501.01,0.000278398056587205,1.59402208458172e-06,0.27795973875395,0.721757993577675,2.275589702459e-06,0.368784810298219
TCGA.CN.5369.01,0.160422899413568,1.62328924444553e-05,0.0687788315676166,0.463143298400357,0.307638737726013,0.743736948799235
TCGA.CN.5356.01,0.245880655911765,0.00406906456464402,1.91838276529335e-05,0.493783212002257,0.256247883693682,0.661663408503854
TCGA.CV.7407.01,0.078091805550119,0.375064680050088,0.0898163518021847,5.43289607002653e-05,0.456972833636908,0.709436077202367
TCGA.H7.7774.01,8.97280642125938e-05,0.999884241437222,1.86105144387005e-05,3.04629863803787e-06,4.37368548825538e-06,0.000774971536688895
TCGA.QK.A6IF.01,0.889793327204283,0.000261193437602348,0.0480637537346378,0.061821496025602,6.02295978750679e-05,0.263820450147583
TCGA.MT.A67A.01,6.90277116166886e-05,0.397139433567976,0.308697770959393,0.188150339465055,0.10594342829596,0.796789228012589
TCGA.CX.A4AQ.01,0.707064863097341,0.000654692192091369,0.269040617825992,0.0227144948723974,0.000525332012178619,0.430615545828681
TCGA.BB.8601.01,0.235261607737743,0.379274777565399,0.130167130542715,0.253440118245877,0.00185636590826598,0.828300393141043
TCGA.QK.A6V9.01,0.847547970641092,9.14294149460895e-05,0.0228837350829312,0.0030402982016306,0.1264365666594,0.314752358123021
TCGA.CR.6493.01,0.0594359323719096,0.000257848203960552,0.0416231141446397,0.556696755929842,0.341986349349648,0.618387542133718
TCGA.CR.7368.01,0.446969780424328,0.00131337321060802,0.000771053151179919,0.00010177299295848,0.550844020220926,0.437156226127572
TCGA.CQ.7065.01,0.0176259703995578,0.00419089731188533,0.0802134261205759,0.355442863506694,0.542526842661287,0.618812390067403
TCGA.F7.A624.01,0.257322585624611,0.004555638117093,0.476374475022161,0.261141204777908,0.000606096458227107,0.672431178544185
TCGA.CQ.5334.01,0.157973669188136,0.00111307921543845,0.0457912702646929,0.424281852815403,0.37084012851633,0.728152469593916
TCGA.CV.6939.01,0.809342825672207,0.018054223599835,0.00110714432213191,0.0641391249271467,0.10735668147868,0.41440684185364
TCGA.CV.5442.01,0.376994583002891,9.50528464518001e-05,0.0676984956564989,0.0861601557767309,0.469051712717428,0.694190529107449
TCGA.BB.4227.01,0.2682949489655,0.00026709400675884,0.084094072637692,0.272456566278758,0.374887318111291,0.798706413316361
TCGA.CV.7104.01,0.00613558006227963,2.03101448266773e-08,0.0493710393658247,0.0446581395053555,0.899835220756395,0.256972774196085
TCGA.CQ.7063.01,0.00545730237062605,0.00313271816399994,0.0652304814135039,0.266841539860577,0.659337958191293,0.529202756673659
TCGA.CR.5249.01,0.635923626615886,0.029516370986197,0.000138779466664573,9.78063998934841e-05,0.334323416531359,0.472391281023474
TCGA.QK.A6II.01,0.0165843757034933,0.00021428553683798,0.762604035646755,0.220418923973415,0.0001783791394986,0.379844101548323
TCGA.UF.A71D.01,0.487847864566212,0.0768608606089542,0.0429457493145982,0.206389634336679,0.185955891173557,0.820814264072234
TCGA.CN.4741.01,0.595018430405536,0.0202919669702597,0.000134072853227004,1.27911375434792e-05,0.384542738633434,0.470255688186944
TCGA.IQ.A61J.01,0.286116183321896,2.41022377781237e-05,0.0414249677373027,0.0420705136511297,0.630364233051893,0.568126598117542
TCGA.KU.A6H7.06,0.560471578133763,5.62983583012735e-06,0.439516629044239,4.63781273484601e-06,1.52517343305041e-06,0.426212872807953
TCGA.CV.7097.01,0.201177858185949,3.15772728672237e-05,0.0387927666992925,0.395793684664828,0.364204113177063,0.735470648273082
TCGA.CQ.6218.01,0.123794175522891,0.0127071376040274,0.158107213137302,0.177020295574478,0.528371178161302,0.776239656735171
TCGA.CV.6952.01,1.74220524442777e-05,2.2187739717719e-05,0.0335117096360435,0.598299835904151,0.368148844667644,0.490502760478123
TCGA.CV.A6JO.01,0.000378504606194065,0.000706958475899099,0.226058018902038,0.303467384870176,0.469389133145693,0.659323380020324
TCGA.CV.6954.01,0.363290332819686,3.46749934492893e-06,0.090028657892605,0.217912573003616,0.328764968784748,0.796797965100638
TCGA.CN.6013.01,0.237252227725695,0.00946181319551295,0.0305584313496938,0.000842503651464505,0.721885024077634,0.4555785547685
TCGA.D6.6515.01,0.292274243550594,8.09134725784453e-06,0.0691661955020994,0.0941440151564667,0.544407454443582,0.682136817049379
TCGA.BA.A6DD.01,0.240116270473067,0.0104332503943161,0.26506136315195,0.22892757094313,0.255461545037538,0.887422998055113
TCGA.CV.6959.01,1.33781885156343e-08,3.16053573547472e-08,3.64587320628298e-08,0.711392802101208,0.288607116456514,0.373360949774971
TCGA.QK.A8Z9.01,0.132930411510977,0.00346672720361574,0.0705361082836715,0.0763267717622577,0.716739981239478,0.565408729907471
TCGA.CV.7414.01,0.507863772589208,0.0681287608903443,0.0469021806476438,0.000117280802926909,0.376988005069877,0.645848107772701
TCGA.CQ.6224.01,0.00064150029886629,0.000209326282174488,0.13060386223787,0.389640278450821,0.478905032730268,0.616481268748073
TCGA.UF.A7JD.01,0.462581950287236,6.12907913961772e-06,0.0913974616351238,0.356481340771046,0.0895331182274541,0.720202995300673
TCGA.BB.8596.01,0.257690933207533,0.30627883750266,2.47635683391859e-05,0.204607242422408,0.23139822329906,0.854595305950721
TCGA.CV.7178.01,0.390750524760392,0.0102571590841447,0.0550911169051254,0.0131352574248617,0.530765941825476,0.600810871481103
TCGA.HD.A6HZ.01,0.377873304759112,0.084617864023435,0.00384560834676588,0.410281997741735,0.123381225128952,0.75914678938651
TCGA.DQ.7596.01,0.899403100191017,0.0197055980722518,4.85556552615343e-09,0.0753260078758593,0.00556528900530635,0.246308153140039
TCGA.KU.A66S.01,0.520817071178703,0.186841651906829,0.150320219474448,0.141998914904097,2.21425359235111e-05,0.755200985569723
TCGA.CV.7102.01,0.000139262721634908,0.000104985650327314,0.0466751072087182,0.509372217786577,0.443708426632742,0.527761083136865
TCGA.BA.6870.01,0.140632282823538,0.0389999078081601,0.156774433580995,0.193314500184214,0.470278875603093,0.84835563483598
TCGA.CV.7250.01,0.541689889574716,0.101952097642408,0.00604543831013155,0.246401806446828,0.103910768025916,0.730807429595057
TCGA.CV.5439.01,0.31705595358919,0.0294522684200871,0.0634229057248308,0.0551026143738952,0.534966257891997,0.706642200115216
TCGA.UF.A7J9.01,0.472939682056125,0.224281007915127,0.00635024676142622,0.259739053800236,0.0366900094670858,0.741218203469297
TCGA.CQ.6223.01,0.126224331920282,0.0318745551507067,0.0193380720270392,2.0230675599339e-07,0.822562838595216,0.377809123120631
TCGA.CR.7394.01,0.396137424323236,0.0222120236245977,0.0109232050861268,0.209994193270055,0.360733153695984,0.743281726423646
TCGA.CV.7103.01,0.452493447380206,0.177627995766821,0.0392019525595844,0.0508421211429173,0.279834483150471,0.808104047772008
TCGA.P3.A5Q5.01,0.63222998309048,0.0772256412615604,0.181162169343923,0.000112911141959143,0.109269295162077,0.646243022955325
TCGA.CN.6019.01,0.33642960551849,0.625328409087247,0.038169823079837,2.8557296600801e-05,4.36050178257313e-05,0.488034615648612
TCGA.CR.7380.01,0.0656568633842094,0.0164282334322546,0.000180347563754875,0.237380976919702,0.68035357870008,0.528921682675206
TCGA.T2.A6WX.01,0.0874745251226984,0.0113883148631795,0.273552897377877,0.370889464852112,0.256694797784134,0.829868629159534
TCGA.CV.7425.01,0.134884664980147,0.0083352696753532,0.0760882215058634,0.256496141931614,0.524195701907022,0.741679579531318
TCGA.CN.5355.01,0.155068992955799,0.0123940834977439,0.00313772139591373,0.562358183941483,0.26704101820906,0.64483695634138
TCGA.D6.6826.01,0.211613930019803,0.0508147414515545,0.00336580591764068,0.397639947452191,0.336565575158811,0.765745592861372
TCGA.BA.5149.01,0.0404069415153339,0.00111116672617009,0.0319546011529256,0.523962364142106,0.402564926463464,0.591633259892093
TCGA.CQ.5324.01,0.000279456029763371,0.722553064656286,0.0727463567578624,0.0440650524326688,0.160356070123419,0.533619061094646
TCGA.CQ.7071.01,0.1774996350512,6.1125519493286e-06,0.0307127672471987,0.532219581220366,0.259561903929286,0.683259955775846
TCGA.CV.7423.01,2.45839724734614e-05,5.51387647001887e-05,1.31608659037615e-05,0.315811643933406,0.684095472463517,0.388134955924662
TCGA.HD.A6I0.01,4.16771166666641e-05,4.93113083181771e-05,0.678108540962609,0.321469440763463,0.000331029848943668,0.392554663112387
TCGA.CV.6934.01,0.289459073779334,0.0855413877666684,0.0377493810933132,0.334813667669622,0.252436489691062,0.874048068565285
TCGA.CR.6491.01,0.0465579609046802,0.0272715537109354,0.064654302979885,0.421798571399751,0.439717611004748,0.710486812876035
TCGA.CR.7364.01,0.579164766136484,0.0425132186702165,0.00103627902547615,0.276482700181893,0.10080303598593,0.648951081422486
TCGA.P3.A6T0.01,6.76402650503487e-05,0.344424612914213,0.0146851748621515,0.346010844989706,0.294811726968879,0.718918247138787
TCGA.BA.5557.01,3.07099615345748e-05,0.407274657757333,0.0228294732730477,0.569818816524214,4.63424838705207e-05,0.480539741243332
TCGA.UF.A7JO.01,0.0356514581623851,0.610346381343222,0.192026750529909,0.00649719493546216,0.155478215029023,0.658105322224511
TCGA.CV.6003.01,1.69977624587107e-10,1.87259309948652e-10,0.128491367418358,0.608091857610457,0.263416774613948,0.570097175617099
TCGA.CV.A45O.01,0,0,0,0,1,0
TCGA.CR.5250.01,0.837218178255689,1.72846662811356e-05,1.45042138167101e-05,4.34788262349936e-06,0.162745684981589,0.276263816457029
TCGA.CV.7095.01,0.0421972831343262,0.00745044990190197,0.0739626230231433,0.316585421373691,0.559804222566938,0.653391393232534
TCGA.CQ.A4CG.01,1.22200291388375e-05,0.323659411216095,0.00226489832274226,0.321548734333672,0.352514736098352,0.690567520778
TCGA.CQ.5333.01,0.133817749841664,0.000304507741708403,0.418930378510851,0.387700215591126,0.0592471483146515,0.727514942158373
TCGA.HD.7917.01,0.335889797726735,0.00524644101360329,0.0498667935994097,0.386281198153508,0.222715769506744,0.773826838186805
TCGA.CV.6935.01,0.000163551917023752,0.469496852412275,0.108767501060641,2.96260688953739e-05,0.421542468541166,0.597827844158329
TCGA.CN.A63U.01,0.52282137570927,0.106168193739253,0.136196947726677,0.234776822270393,3.66605544061255e-05,0.738946239218131
TCGA.CV.7243.01,0.0103113158885332,3.09245252421207e-06,0.0935247928859109,0.24311218101415,0.653048617758881,0.553548346926365
TCGA.CV.6933.01,0.105325758495958,0.508667227054575,0.0153884116655366,0.176163999209688,0.194454603574242,0.788747491943319
TCGA.CV.7248.01,0.413060875513422,0.17809227072006,0.0156530621518747,0.188175071324904,0.205018720289739,0.855442260945134
TCGA.CV.A6JY.01,0.375925787853878,0.102921451115417,0.0300867574301163,0.0962368127096022,0.394829190890987,0.807380217997058
TCGA.QK.A652.01,0.187520421236137,0.000325507992696134,0.0950199087476617,0.144266111805814,0.572868050217691,0.707452778783439
TCGA.CN.A6UY.01,0.75518288467423,3.98325861033471e-05,0.244695558614043,3.300578932736e-05,4.87183362965665e-05,0.346548023896541
TCGA.MT.A51W.01,0.111421837627641,0.0406554094173686,0.105982210028404,0.276120463474151,0.465820079452435,0.822521538501295
TCGA.CQ.6229.01,0.010832072851546,0.0222465530153084,0.0498316847179854,0.385973725084257,0.531115964330903,0.613038489359173
TCGA.UF.A718.01,0.230040448709186,3.24763997974289e-06,0.122310945277023,0.0142377266949804,0.63340763167883,0.587074941045145
TCGA.QK.A64Z.01,0.00903139048460651,4.95185169938958e-05,0.0863607671613072,0.0145679481635329,0.889990375673559,0.260866980732128
TCGA.CN.4731.01,0.390157501853753,0.011451495538534,0.0732113230483979,0.436000381560344,0.0891792979989711,0.737705522045666
TCGA.CV.7418.01,0.341471141126884,0.411483007734984,0.0423121739081274,0.0828663522709778,0.121867324959027,0.825760097235688
TCGA.IQ.7631.01,0.588517096989206,0.0607065478935781,0.248485328094745,3.80981830494842e-07,0.102290646040641,0.659416202310746
TCGA.D6.6516.01,0.130452020289075,0.0167265861051638,0.0612275820961529,0.114174851973094,0.677418959536514,0.631732471359587
TCGA.CV.5436.01,0.0213198475270878,0.0179479199176379,0.0854329915236757,0.390441245096013,0.484857995935585,0.672628437050705
TCGA.QK.A6IH.01,0.0276518759679978,0.000283045369337612,0.316111790083392,0.191776941996607,0.464176346582665,0.707413414072425
TCGA.CV.7238.01,0.0672076039583232,0.0143477527031456,0.11013261908572,0.109027092757839,0.699284931494972,0.607085468711483
TCGA.P3.A6SW.01,0.650756436789945,0.0626013957608824,0.11418457648792,0.0711804938918878,0.101277097069365,0.696410128076237
TCGA.CR.6467.01,0.835606061402221,0.00307084969446888,0.0414362622169522,0.0714543021917395,0.0484325244946181,0.394508367192357
TCGA.CN.6011.01,0.0943339857680076,0.000380218747775836,0.0671714119300779,0.106626113464565,0.731488270089574,0.54335592586269
TCGA.CN.6997.01,0.33656922303888,0.193195950814584,0.00010001691698292,0.349746454537574,0.120388354691979,0.812298282135063
TCGA.BB.7866.01,0.809806280427325,0.000429871523759673,0.018216639800711,0.0703646970438075,0.101182511204397,0.413609508308872
TCGA.CR.7386.01,7.16830520263215e-06,1.30998608035906e-05,0.0647139512564357,1.19227516136035e-05,0.935253857825945,0.149209345028784
TCGA.BB.A6UM.01,0.82681222260581,0.00164762724445399,0.113636180981587,0.00293514554608863,0.0549688236220601,0.367525426897374
TCGA.BA.5555.01,0.418723116738402,0.134434755178849,0.00716084983671826,0.15446842121955,0.285212857026481,0.817657362299171
TCGA.IQ.A6SG.01,0.344042983169307,0.145533262872299,0.0288094988707407,0.307643226031623,0.17397102905603,0.880231988365522
TCGA.CV.6956.01,0.169738061128651,0.00281631612926613,0.0397748129990267,0.449256715547812,0.338414094195244,0.728184367226724
TCGA.CV.5435.01,0.224349589250464,0.563313576526338,0.000137455394919851,0.0448207224742876,0.167378656353991,0.682338284444617
TCGA.CN.A49A.01,0.413722116620296,0.000360649423927048,0.0546201810908569,0.149179655705504,0.382117397159416,0.732076253852053
TCGA.HD.8314.01,0.842825222271401,0.0814806763861131,3.01802972669264e-05,2.08666810214616e-05,0.0756430543641971,0.338162891381776
TCGA.P3.A5QE.01,0.877681477589162,0.000811143193704014,0.00896593047199805,0.0349602102279679,0.077581238517168,0.297075958221868
TCGA.D6.6824.01,0.7431288345686,0.242201104608326,2.65083866952162e-05,0.014638328853444,5.22358293455837e-06,0.389104319881479
TCGA.BA.5151.01,0.106706933656879,0.00424571222233232,0.00205916900064839,0.439386421454178,0.447601763665962,0.618754701427237
TCGA.CV.7438.01,0.239546147899586,0.000334575707503727,0.10734483294038,0.252338199144178,0.400436244308351,0.806802802245551
TCGA.T2.A6WZ.01,0.184831061230893,2.83776557322975e-06,0.47510978625889,0.0922586550023397,0.247797659742304,0.765018802647721
TCGA.CV.7090.01,2.23451219503338e-05,0.0651285811524278,0.028583323468179,0.30164508278122,0.604620667476223,0.587461578574562
TCGA.P3.A6T2.01,0.105361852845363,0.000556196405281068,0.0917862657526406,0.627852100249372,0.174443584747343,0.656951006852396
TCGA.CR.7372.01,0.241657334862457,0.0504486301686325,0.000187412547483414,0.280332101588977,0.42737452083245,0.755125775544859
TCGA.CV.7261.01,0.385825472340722,0.313737772992833,1.85701068336452e-06,0.213887282573396,0.086547615082366,0.790850150136122
TCGA.CN.A6V6.01,0.922710124602019,0.0119797946535491,0.0652259634973922,6.15491409819495e-05,2.25681060576047e-05,0.190207008832715
TCGA.CV.7235.01,0.0946528326661196,0.0160641350445153,0.070759580607693,3.28786243561355e-05,0.818490573057316,0.398395917069489
TCGA.CN.6995.01,0.222553383930109,8.98046206622341e-08,0.113152251172947,0.158465597381861,0.505828677710463,0.756567262599709
TCGA.BA.A6DL.01,0.477912053696025,0.103130738254448,0.0757336702364802,0.330814997164027,0.01240854064902,0.747459256040883
TCGA.QK.AA3J.01,0.729189995449439,0.00465847179271173,0.014086622567043,0.0575725506504907,0.194492359540316,0.495922924344085
TCGA.IQ.A61O.01,0.000217553377893185,1.67482008621324e-06,0.997859382265178,0.00185692407439625,6.44654624458711e-05,0.0101247650114352
TCGA.CV.6938.01,0.00706971845396211,0.00989896253112047,0.13027086729526,0.41145777700894,0.441302674710717,0.666441881470981
TCGA.CN.6996.01,0.0631350434618682,2.65105560346799e-05,0.000133998530263541,0.346878163952499,0.589826283499334,0.530953794950905
TCGA.TN.A7HL.01,0.609197250612883,7.1230002524892e-05,0.390682304705067,4.35732955232572e-05,5.64138400213776e-06,0.416480180866526
TCGA.BB.4223.01,0.808896158844718,0.000136834495499382,0.048421090727136,0.0458928292378191,0.0966530866948278,0.426633890559239
TCGA.CQ.5331.01,0.154005362235395,0.00412417515137104,0.0913996468431159,0.309141354995277,0.441329460774841,0.778743032303086
TCGA.BA.A8YP.01,0.583649090167864,0.146509252659583,0.0277091599327218,0.157671018064437,0.0844614791753942,0.74251346833592
TCGA.CV.7242.01,0.590162672779157,0.244200869106535,3.25236374555102e-06,0.1553320522946,0.0103011534559628,0.616316988957121
TCGA.CN.5373.01,0.00297274708127736,2.62781315575273e-05,4.66230256021518e-05,3.29192916028394e-05,0.99692143246996,0.0133288650273572
TCGA.CN.5370.01,0.218418795865627,0.0149785578083889,0.0164565123149839,0.350978152549166,0.399167981461834,0.743659664587654
TCGA.DQ.7593.01,0.9650041449377,0,0.0319542776116667,0.00304157745063327,0,0.100678786291175
TCGA.CV.5432.01,0.25948336502657,0.209365424794964,0.086508954683338,0.252499984180411,0.192142271314717,0.96533027673936
TCGA.F7.A620.01,0.188834106020366,0.000437635351071213,0.286608732012825,0.406409455143779,0.117710071471959,0.804056915652497
TCGA.CN.5364.01,0.286936597890615,0.0438040984791687,0.0772858126697959,0.0650360792273931,0.526937411733027,0.750855901297925
TCGA.UF.A7JH.01,0.438422210380801,0.0136356395385935,0.223647178585839,0.206017347153329,0.118277624341437,0.828230188209952
TCGA.HL.7533.01,0.33688745132648,0.000107939266908417,0.0998119724749744,0.174618516834555,0.388574120097081,0.788833647462055
TCGA.F7.A50G.01,0.169422657720452,0.00326130494950295,0.0442739509958804,0.0757979376637792,0.707244148670385,0.557950266292008
TCGA.CN.A498.01,0.165177545871005,0.0693518513263609,0.0120127960537403,3.77698726349968e-06,0.75345402976163,0.465360610053044
TCGA.CV.6962.01,0.461096313052443,0.210574360786857,0.0723934723165208,0.190972931879805,0.0649629219643746,0.85053126506464
TCGA.BA.A4IH.01,0.823613118702642,0.000138565343921591,0.0234645079988219,0.15273670155586,4.71063987545961e-05,0.333389380368525
TCGA.P3.A6SX.01,0.154276278618317,0.000241596228744019,0.100595692933069,0.258407624314155,0.486478807905715,0.759027977447024
TCGA.CN.4726.01,0.0849026063155278,0.0500450131137705,0.0932703448776351,0.440155844860955,0.331626190832112,0.81255900682227
TCGA.CR.7393.01,0.986636060732853,0.0121688572043162,0.00102495934706588,9.38971417241373e-05,7.62255740409828e-05,0.0469565235107734
TCGA.CQ.7067.01,0.338896528511552,1.55839056385335e-06,0.068824363125661,0.00932658021787583,0.582950969754348,0.564859585622159
TCGA.BA.4076.01,0.0290692468434252,7.12373084394665e-06,0.108381104542841,0.376812904976292,0.485729619906597,0.660035486487768
TCGA.CR.6471.01,0.380136843383233,1.81115007023018e-07,6.94993195723093e-05,0.0686943885865185,0.551099087595669,0.547198817855451
TCGA.CN.A499.01,0.35758328879357,0.0001932754256501,0.00691103931507781,0.325888181672105,0.309424214793597,0.703425975972301
TCGA.QK.A6VC.01,0.813713795802729,0.0136403647819604,0.11405899148744,0.0585856733624934,1.17456537739106e-06,0.397773397435791
TCGA.MZ.A5BI.01,0.815610463610074,4.64657503178818e-05,0.174482265259393,0.00976996523271451,9.08401475010002e-05,0.321478275967847
TCGA.D6.A6EO.01,0.404601312434773,0.165134408162215,0.0179315000710914,0.224750750295663,0.187582029036259,0.860575405793125
TCGA.MZ.A7D7.01,3.67074562786726e-06,0.413293735022428,0.253438636706726,0.33326192891497,2.02861024813452e-06,0.670627262187151
TCGA.H7.A6C4.01,0.0811675300442705,0.000122988617388963,0.179782582446204,0.592430700189658,0.146496198702479,0.686562799468387
TCGA.QK.A6IJ.01,0.156537988226052,1.82146703183187e-05,0.649055078544165,0.0532851755990045,0.141103542960461,0.623567188357113
TCGA.CV.7424.01,0.432341165524523,0.320762099968692,0.0651816405981515,0.0655906755632987,0.116124418345334,0.828836015213895
TCGA.CV.A45Y.01,0.443476279818931,0.0516525136711148,0.126010876133801,3.8848973842932e-06,0.378856445478769,0.70983538231622
TCGA.CV.5434.01,0.350855086682312,0.355629005390289,0.0338984010183844,0.109727960286186,0.149889546622829,0.855465206901033
TCGA.CR.7397.01,0.576488641716822,0.0156155566392329,3.74602663478975e-06,0.212172509978366,0.195719545638944,0.640412945544927
TCGA.CR.6474.01,0.0101143334156318,0.000246749669436256,0.0197981193854042,0.638449558855201,0.331391238674327,0.483803602880979
TCGA.WA.A7H4.01,0.341710635319531,0.0384926363368547,0.0277386495697622,0.276037507064436,0.316020571709416,0.814637416654804
TCGA.CN.A63W.01,0.284713304881775,0.0241978220223093,0.101489459869084,0.33526862212056,0.254330791106271,0.866461341623073
TCGA.HD.7229.01,1.07967794844689e-05,4.4475867154247e-05,0.000740024649322342,0.582067111737886,0.417137590966153,0.426000012167735
TCGA.CV.6951.01,0.0992797664275546,0.492519578507146,0.050347260953835,0.0433508077675209,0.314502586343944,0.763289684878053
TCGA.UF.A71A.06,0.412875546323976,0.235657176696851,0.0912862737916478,0.10647860372371,0.153702399463815,0.901370627879883
TCGA.CV.A6JD.01,0.336352191540846,0.00204100091380038,0.428200976239325,0.201956506893137,0.0314493244128921,0.729559262479289
TCGA.CQ.6220.01,0.122132491661919,0.00822035198279096,0.0313589482915374,0.402266175345551,0.436022032718201,0.704026686036684
TCGA.CV.A465.01,0.013657677443028,0.00159885343255943,0.0632451758603485,0.403300876261528,0.518197417002536,0.590532185905956
TCGA.CQ.A4CD.01,0.142356737006989,1.70987604838701e-08,0.18407092139532,0.439494169544342,0.234078154954589,0.801688467941937
TCGA.KU.A6H8.01,0.453413480798426,0.169814624469512,0.376742949241487,1.62000680972998e-05,1.27454224777812e-05,0.638616167464891
TCGA.CN.5360.01,0.147942213906252,0.851830647654276,0.000178060183220745,4.4026793723418e-05,5.05146252784674e-06,0.261802092899321
TCGA.UF.A7JJ.01,0.382561488955306,0.0168956425219495,0.149966588703526,8.49570295305406e-05,0.450491322789688,0.671725119573573
TCGA.CN.A497.01,0.560240215752402,0.0871965252466624,0.0254082802148529,0.314060206574673,0.0130947722114101,0.653113684577376
TCGA.D6.A4Z9.01,0.0624618523491629,4.76046256041592e-05,0.0423038138683703,0.258181693246712,0.63700503591015,0.586771018027636
TCGA.UF.A7JA.01,0.393963001725084,0.00175184686204297,0.0859052155967556,0.0023187697232403,0.516061166092877,0.586793377828758
TCGA.CQ.5329.01,0.189403749979676,0.00034410415403659,0.0860219496268289,0.497318611354046,0.226911584885413,0.753590031825066
TCGA.CV.7409.01,0.366803501058166,0.0217364022635728,0.0946370758321292,0.268950174471157,0.247872846374975,0.853194699133919
TCGA.CR.7399.01,0.652514761471112,0.0349617050203029,0.0601372421457165,0.0948591772477296,0.157527114115139,0.670689266110611
TCGA.CV.6961.01,0.555506172654753,0.0256478745337035,0.0403105126577971,0.0620920312454891,0.316443408908258,0.675162772038348
TCGA.F7.A50I.01,0.392266200814484,0.0559378143731104,0.116291882799791,0.297857993084915,0.137646108927699,0.877520427150072
TCGA.QK.A6VB.01,0.425320686701364,0.402465721136949,0.0292232399448684,0.0794745298029841,0.0635158224138345,0.751496930183891
TCGA.MT.A51X.01,0.071571583493142,0.00937026065907243,0.0699117551263938,0.278112360144781,0.57103404057661,0.679966596062737
TCGA.T3.A92N.01,0.227206965167997,0.0759717210433067,0.142437358480466,0.327321137703833,0.227062817604398,0.939631738351032
TCGA.CR.6472.01,0.922869457962105,0.0204862828861709,0.0564436742893322,6.17820754247709e-05,0.000138802786966926,0.197464462298007
TCGA.D6.A6EM.01,0.000717989570418863,6.86673424822967e-06,0.671811963676679,0.327118451441249,0.000344728577405649,0.398146318873073
