S7,S2,S1,S10,S12,S8,S5,ITTH
TCGA.BP.4162.01,0.657345858321389,0.00364478361620176,0.29802437294892,0.0295504790507781,0.00390884805796926,0.00274020344251328,0.00478545456222784,0.423710426874477
TCGA.DV.5566.01,0.63254441372868,0.00258029768195931,0.232328842048957,0.0821669645396417,0.0378989876557927,0.00228848475072504,0.0101920095942444,0.531485112352575
TCGA.BP.5191.01,0.224093763278206,2.48215644024929e-05,0.00213999215913012,0.4267089708485,0.325905312346688,0.00265618930587039,0.0184709504972041,0.599652634052847
TCGA.BP.5200.01,0.529963650245889,0.00499424478853341,0.415787243342991,0.0346192660896108,0.00621959018104309,1.5843261922209e-05,0.00840016209001112,0.470838245792924
TCGA.BP.4347.01,0.660619793955554,0.0223004036663292,0.222261090348092,0.0733530084521974,0.0203968649955418,0.000204860792483474,0.000863977789801676,0.499410377891012
TCGA.BP.4770.01,0.00163053009981033,0.000341037485013127,0.0104536197065114,0.963169548400569,0.000780290648406858,0.00046481419970084,0.0231601594599883,0.0993702054085257
TCGA.BP.4762.01,0.701086018486106,2.49457810240686e-06,0.0134682541450675,0.248234842698478,0.022277544841761,0.00280073497735615,0.0121301102731292,0.415041227101569
TCGA.BP.4158.01,0.707882540295844,0.0113317294876994,0.15802063432529,0.109085513070957,0.0100812637052832,0.000669736353746237,0.00292858276118078,0.460911569101388
TCGA.CJ.4887.01,0.854577382859422,0.000107160722997681,0.0630056114228685,0.0777970283340109,0.000104931640123025,0.000473596414504731,0.00393428860607317,0.274677367198586
TCGA.B2.4098.01,0.553957680114735,0.13191202264975,0.0223930836198778,0.0745809602223167,0.205821454027257,0.0022940501527898,0.00904074921327431,0.644901997187294
TCGA.CJ.5676.01,0.377101339147157,0.000166704313402736,0.308453393065801,0.309358734703384,0.00285838596967431,0.00141621616246615,0.000645226638114516,0.578517063946186
TCGA.A3.3370.01,0.743124515752044,0.00986626182750258,0.200626472497778,0.0403005130006995,0.00132532092880675,0.00242071058331842,0.00233620540985092,0.388200947767028
TCGA.B0.5102.01,0.618248344339279,0.0335961361248938,0.136412617863951,0.137184455147056,0.068758315932758,0.00208807340873553,0.00371205718332633,0.602949104773776
TCGA.B0.5701.01,0.768636483652473,0.0296160955319495,0.0096509688433661,0.0648499760677215,0.112777965900346,0.00270874256322479,0.0117597674409192,0.433249979381066
TCGA.CJ.4905.01,0.687625956299547,0.0143621137723295,0.142152574988056,0.14084601298682,0.00378393617652202,0.00417405332849183,0.00705535244823444,0.488602908510494
TCGA.CJ.5682.01,0.800272111953368,0.00784832860395459,0.00140157948787612,0.174237969440644,0.0117376934649988,0.000415202323120629,0.00408711472603841,0.312395482010767
TCGA.AK.3428.01,0.537138553742669,0.00829340136557463,0.203154330477829,0.219912853790422,0.0219744773439208,0.00102162245798959,0.00850476082159449,0.59709767720673
TCGA.BP.4760.01,0.129485751369922,0.0744272012198644,0.0686871360760664,0.097184490615912,0.61526139725004,0.00154202272871747,0.013412000739478,0.634770796978959
TCGA.B4.5378.01,0.129968855331829,0.082289546144799,0.307281544384892,0.0891835458368061,0.381805598296906,0.000270193622666202,0.00920071638210201,0.751238746167594
TCGA.B8.4153.01,0.557759533948739,3.68311583705395e-05,0.324550266275691,0.108529464125654,0.0051962419061574,0.000139950048803946,0.00378771253658445,0.504617877723172
TCGA.CJ.6028.01,0.705688978183496,0.0575735080070675,0.0999956377004867,0.0913144108708045,0.0443808286310784,1.583756590333e-05,0.00103079904116392,0.516293864768546
TCGA.DV.A4VX.01,0.706807266020679,0.0409522123366194,0.0876218400570122,0.113958726077519,0.031010622750365,0.00264655061343806,0.0170027821443673,0.529138417093829
TCGA.BP.4325.01,0.802455890350339,0.00221891822675681,0.14361534830998,0.0498352834847917,0.000243774723897013,0.000682657670507635,0.000948127233728303,0.324746027682876
TCGA.CJ.5689.01,0.540907776580251,0.0697765752516666,0.173387169071169,0.135577310907107,0.051907126184575,0.00110397006296857,0.0273400719422626,0.694983887958665
TCGA.B0.4691.01,0.559943100833451,0.000398763036549578,0.0106807582717741,0.232270525630568,0.194229377475108,0.000558929501669184,0.00191854525088056,0.53953313290377
TCGA.B0.4815.01,0.260771568410792,0.0598841179800272,0.168671823992035,0.239763437238495,0.251489917824013,0.0115318483735094,0.00788728618112825,0.821471923708753
TCGA.BP.5004.01,0.765570733654061,0.0342017226290989,0.134460775745275,0.0654236217585219,6.25508951601401e-05,0.000181981366983942,9.86139508987002e-05,0.396336000123486
TCGA.B0.5402.01,0.694660765801831,0.0205283421096318,0.153065280450602,0.128518107061612,2.4606149552811e-06,0.00303062212477719,0.000194421836590984,0.464097630456902
TCGA.CZ.5453.01,0.592394204260966,0.00789559529436339,0.314466646675518,0.0769450391753546,3.57511406664833e-08,3.28722938069745e-08,0.00829844597036354,0.487841571883431
TCGA.B0.4701.01,0.524237605938104,0.0307984468546189,0.222121857925201,0.172534088735081,0.0454813141221398,0.00142707281439084,0.00339961361046563,0.643573623657597
TCGA.BP.5189.01,0.747692804750166,0.0152693543039219,0.103791632534159,0.110520923510704,0.0211466626315765,1.32853260050241e-05,0.00156533694346748,0.437645518727833
TCGA.B0.5117.01,0.0128537464993383,0.741039993344427,0.0641911958700447,0.00616208494792856,0.0560245664537009,0.000303392251743927,0.119425020632816,0.464247737684388
TCGA.CZ.4857.01,0.513694217887122,0.0268157454315432,0.0767245120369275,0.218261482209967,0.162033808533656,0.000612414097396623,0.00185781980338764,0.657549649806268
TCGA.CJ.4918.01,0.363277491213188,0.0247364242765822,0.292455553894166,0.303948535574474,0.000322260970800392,0.000738244161684066,0.0145214899091055,0.642507840443891
TCGA.B8.4622.01,0.769789020951039,0.00491826136045624,0.0907278842277245,0.119074126643754,0.0154899949486408,2.43706824397588e-07,4.68161561063147e-07,0.3922278204319
TCGA.B0.4693.01,0.642820878457676,0.0401779788365249,0.191479247536905,0.0603300914815264,0.0593590954211716,0.00015326704898797,0.00567944121720886,0.563988551654122
TCGA.DV.5569.01,0.514084999661148,2.63465565049521e-06,0.274843881784741,0.119337685676888,0.0833975668085285,5.22488204421066e-06,0.0083280065309997,0.61557925118356
TCGA.CZ.4866.01,0.866352443230549,0.0466272728946956,0.00309527129372683,0.0310185559215849,0.0431026038802889,0.000573751186450845,0.00923010159270408,0.295951813094079
TCGA.B0.5095.01,0.301154865387548,0.000134252419362037,0.296192808249734,0.264367448946682,0.137623056196798,0.000375870394365646,0.000151698405510438,0.694774609799517
TCGA.AK.3460.01,0.598823202671415,0.00671498275584734,0.229083256304597,0.142314717542971,0.0185417211517303,0.00082458229078306,0.00369753728265657,0.542797333784663
TCGA.B2.3924.01,0.722084971669321,0.00105574040550918,0.105160022640826,0.165268047995273,0.000524995917184352,0.000558250942961352,0.00534797042892485,0.417716953268887
TCGA.B8.A54J.01,0.528501808462732,0.00339891541066256,0.372118169046163,0.0840066800395379,0.00408784133782763,0.00048936628966431,0.00739721941341289,0.511219096724743
TCGA.BP.4165.01,0.601957782029126,0.00694343013751952,0.236066963018428,0.142450559689575,0.00222198742306066,0.00130033235689855,0.00905894534539145,0.525856651986697
TCGA.CW.6090.01,0.0530845156661031,4.0663791359285e-05,0.299768972997329,0.645932651805234,0.000232333665336687,0.000487974017475331,0.000452888057162326,0.415676153308611
TCGA.CJ.5672.01,0.834085199004155,1.09940139372647e-05,5.65994723439498e-05,0.0821843299490762,0.056607091675956,0.00186867092509852,0.0251871149594331,0.320867073793679
TCGA.BP.5180.01,0.602580010959561,3.36613908866766e-05,0.140096741288777,0.145436396634164,0.105140388720948,3.69852034969033e-05,0.00667581580216656,0.581717601064102
TCGA.A3.A8OV.01,0.774757562948346,0.00294978518719604,0.108475293493121,0.10369510777422,0.00682319505607395,0.000480568291358428,0.00281848724968428,0.382911642257971
TCGA.B8.4619.01,0.00129054057812782,0.910556034441587,0.00764452353625896,0.0800079660181438,0.000161077466851539,0.000204015121598555,0.000135842837432222,0.173483089962588
TCGA.B0.4843.01,7.81495433065419e-07,0.015985780611189,0.639320524493145,0.273246771943036,0.0334662831196075,0.0189274697853006,0.0190523885522884,0.498929468855717
TCGA.AK.3450.01,0.780490868472508,0.0022871973269407,0.15496182328697,0.0472686752403828,1.82378321221049e-06,0.000475254281281538,0.0145143576087044,0.362622105146361
TCGA.CW.5585.01,0.839631174637623,0.00296168016317778,0.0979575999940833,0.0469477833665277,0.0111806837766414,0.00026838869762903,0.00105268936431741,0.305690983219426
TCGA.B8.5552.01,0.62578522161205,0.0130786511886706,0.215907099040204,0.0828930752330331,0.0428423830870157,0.00202929066855999,0.0174642791704664,0.568204188240939
TCGA.BP.5000.01,0.446614053355254,0.000164702622176745,0.233904654106084,0.167261041185259,0.120848466172814,0.00832698502391565,0.0228800975344958,0.710225713775797
TCGA.B0.4713.01,0.955035623078095,0.000193024172411185,0.000131392599691305,0.0208350773409068,0.00018022216757812,0.0222054546358014,0.0014192060055166,0.114508901487664
TCGA.CZ.5454.01,0.528797018812341,0.011197735798025,0.146833352683133,0.300808215602619,0.00108134788818881,0.000486947123897869,0.0107953820917957,0.560283192236392
TCGA.AK.3465.01,0.0792546405397767,0.683312522501937,0.0415694471774966,0.00592726987419795,0.0774643724521159,0.000486858542892522,0.111984888911583,0.550266677918835
TCGA.BP.4758.01,0.413863408742623,0.000846968933799197,0.391114411042301,0.169484561804899,0.011131728911315,0.00114382575179733,0.012415094813266,0.591707558386764
TCGA.CZ.4864.01,0.811427696105198,0.0139786293548171,0.0984806354813164,0.0668367462786217,0.00151999445310104,0.00103913685060817,0.00671716147633771,0.354050618238267
TCGA.A3.3316.01,0.597807161617012,0.0119921976032156,0.243481382684022,0.134739908952317,6.49297516807542e-08,0.00438995938345855,0.00758932483022426,0.532157369092977
TCGA.B0.5119.01,0.727384854602304,1.05533223222046e-08,0.208123850226501,0.0562775008651449,0.00493869326364906,0.000121658613867004,0.00315343187521148,0.393453074243072
TCGA.BP.4983.01,0.222635328036802,0.0517638147546927,0.222097923154163,0.239237709707786,0.251228746768831,0.00717531299935302,0.00586116457837117,0.810250433722085
TCGA.B0.4848.01,0.699421066363133,0.0246280210795757,5.83133504384708e-05,0.146652227167467,0.120230113124214,0.00343552598859133,0.00557473292658122,0.476111541629429
TCGA.B0.5080.01,0.00146633913222916,0.00610480268767338,0.506962237395638,0.348900729541043,0.115339578052788,0.00421611385452965,0.0170101993360984,0.562173612684997
TCGA.AK.3447.01,0.0189198859841782,0.0685802784047186,0.0150524321406185,0.0660636548992291,0.00831455264845348,0.0053126047983763,0.817756591124426,0.377039956667664
TCGA.BP.5183.01,0.835551648821293,2.70537779469305e-08,0.0614930731176987,0.0985220524480722,0.00437991387433896,1.19427706454334e-06,5.20904077543176e-05,0.295106421675006
TCGA.B4.5377.01,0.790634735448066,1.77064827178201e-06,0.141498967113825,0.0434416824877484,0.0187237599156893,0.00226536762389637,0.00343371676250298,0.363050799881644
TCGA.AK.3453.01,0.466691992005965,0.254095534257764,0.0231658519123145,0.00235880004253186,0.128397892896894,0.0115905620533402,0.11369936683119,0.702856414912658
TCGA.CZ.4858.01,0.0686529977885028,0.0336723668633508,0.343353052622288,0.406837064679064,0.131344323369198,0.00594069631971664,0.01019949835788,0.70653590117607
TCGA.B0.5081.01,0.229009528176379,0.0403027249771653,0.313937507883809,0.317252155858177,0.0656881554318571,0.00324083559569141,0.0305690920769213,0.770321160689546
TCGA.B0.4836.01,0.369305425240237,0.035768040408541,0.237417281906522,0.142505847274151,0.195778132999017,0.00709343242597182,0.0121318397455599,0.778017184453008
TCGA.B0.5100.01,0.000196471984524919,0.000102194647668921,0.016683440085336,0.608506196263825,0.342712408711346,0.000101419779527726,0.0316978685277712,0.437079559618267
TCGA.A3.3374.01,0.000203530416122744,0.783113121651475,0.0159953907422702,0.0392355461918983,0.0570106234895511,0.000268764822958872,0.104173022685724,0.404699885307963
TCGA.B0.5085.01,0.554887597025207,0.00100019173734961,0.38758971583387,0.0560861098338339,8.91434263444324e-05,1.88105513844447e-05,0.000328431592010802,0.445210476725763
TCGA.CJ.4892.01,0.725362822305046,0.00124719777071415,0.18159862354586,0.0882443992702545,0.000531821514662528,0.000453299711315784,0.00256183588214745,0.404979199995761
TCGA.B0.4849.01,0.479560278540479,0.0304026790084457,0.372330683977998,0.0898767223731761,0.0264859272429675,0.000183411463856658,0.00116029739307645,0.590270916746397
TCGA.CJ.5680.01,0.840932312190339,0.0686827152960677,2.42210723032876e-05,0.0394450067152497,0.0393731913986565,0.000914878898098794,0.0106276744292848,0.328622276672627
TCGA.BP.5187.01,0.545311413343347,0.000999475591658435,0.233941184782418,0.152607626914018,0.0640866810084108,0.000778306936029764,0.00227531142411709,0.596022297624243
TCGA.B0.5712.01,0.792264576515999,4.06236335779867e-06,0.116892738794935,0.0644632902179983,0.0184883171348115,0.000968872023102081,0.00691814294979636,0.373652821697814
TCGA.B0.5693.01,0.611039968067641,0.0158413826802462,0.266777069842878,0.0980018031384809,0.00382440017603468,1.90965036224936e-06,0.00451346644435702,0.510037319310464
TCGA.BP.4782.01,0.693814892554786,0.0329665552456879,0.0205677724418228,0.0696715953606581,0.167144869167097,5.02834136634627e-08,0.0158342649465349,0.511971492839982
TCGA.B0.4816.01,0.570971053986868,8.64281961780622e-06,0.21089800989837,0.167727358511358,0.0485364860340499,2.39729974757747e-05,0.00183447575226095,0.568598391166475
TCGA.CZ.5465.01,0.616010697054198,0.0161648090644401,0.204481368165049,0.157269572867719,0.00519954815246635,0.000455351108396147,0.000418653587731048,0.521463350863424
TCGA.B0.5088.01,0.442972224394991,1.2764614938992e-06,0.463802589708916,0.0805817219392595,1.2747620791982e-05,0.000227607468581208,0.0124018324059665,0.501813483400553
TCGA.DV.5565.01,0.282738282321453,0.0263976731219497,0.33440720014364,0.150792540725039,0.193230537099802,0.00206596055300319,0.0103678060351132,0.761844391608887
TCGA.CZ.5451.01,0.760530235789195,7.0421373787382e-06,0.16765402138481,0.0711216911259636,1.50281726693268e-06,2.15504249313772e-05,0.000663956320455172,0.360133054669631
TCGA.CW.5588.01,0.568318356791037,0.0109857112571361,0.00027928400453747,0.306987263251481,0.106253656078219,0.00322209565480687,0.00395363296278239,0.521143274922243
TCGA.BP.5169.01,0.000110176816253227,0.00198980791111176,0.251362356326566,0.683364957916681,3.49677051610816e-06,0.0629273003282088,0.000241903930662912,0.409449668581601
TCGA.A3.3372.01,0.641081045446875,0.0324029007956371,0.218031037895447,0.0840818788631383,0.0193865288881223,0.000952523745578576,0.00406408436520225,0.535413544458859
TCGA.BP.4177.01,0.129257283978826,0.0729243316231766,0.0520127814599698,0.158943863463489,0.571575977119217,0.0011651579952648,0.0141206043600568,0.662532909446778
TCGA.B0.4814.01,0.637044180987538,0.0158353754252524,0.19805702403547,0.148039517290133,3.66200393584965e-05,0.000833571914457814,0.000153710307789281,0.495409909949556
TCGA.CW.5580.01,0.669502976547689,0.032918393215198,0.113764582237771,0.10190333164437,0.0718749796233633,0.0038206713781325,0.00621506535347538,0.566868903821168
TCGA.CZ.4860.01,0.320673874694027,0.0410112282345895,0.00107260802376811,0.539812677135142,0.0932950749940083,0.00106708713058624,0.00306744978787858,0.556136991266476
TCGA.BP.4985.01,0.249972224684306,0.0464017271478047,0.0387888158958804,0.0959067381921684,0.544275979026869,0.00511430623459015,0.0195402088183815,0.655162135520374
TCGA.BP.4989.01,0.430948715997568,0.050902201919639,0.282499190105166,0.195994971037259,0.0228230335017216,0.00189640439346543,0.0149354830451807,0.694683149439234
TCGA.B0.4714.01,0.542428087144153,0.0228999910492559,0.259039655359684,0.147045136201932,0.0234993472759994,0.00126280255217814,0.00382498041679748,0.600202222589203
TCGA.CZ.5469.01,0.181187841038103,0.0118810129995427,0.0382530945171683,0.383586515187219,0.384818296661454,4.58542220611774e-05,0.000227385374451355,0.629230004904594
TCGA.CJ.6027.01,0.415007835407738,0.050025153426197,0.0355792095786126,0.191347117863002,0.289082735339804,0.00206816140747518,0.0168897869771708,0.714529604089645
TCGA.BP.5007.01,0.628581034748383,0.00910268129573141,0.189896350334998,0.108411048839894,0.0615170901651174,0.000425365797316489,0.00206642881855918,0.554277029018232
TCGA.BP.4967.01,0.617236337494707,0.024596066486725,0.104436816296607,0.111978473913343,0.14121881442946,0.000235116837286489,0.000298374541871293,0.591434074921411
TCGA.CJ.5683.01,0.712062269486729,4.57953067161789e-06,0.183304301039895,0.0878617326520225,0.0111735918053451,0.000954978942352116,0.00463854654298437,0.435951048383692
TCGA.CZ.5986.01,0.713938889600594,0.00680114445298434,0.228099773891494,0.0440967247922323,0.00649562201368478,0.000296583571619652,0.000271261677391161,0.404247761960382
TCGA.CJ.4639.01,0.749150421036883,0.00941799433583332,0.159633807470172,0.0810448929402994,5.37378008098568e-05,0.000224591775343994,0.000474554640657874,0.392054527844921
TCGA.BP.5176.01,0.839036413875391,2.68271971608401e-06,0.0853027054213785,0.0701659947759535,7.98919494837338e-07,0.000213668315957414,0.00527773597210862,0.294556908695861
TCGA.B4.5834.01,0.551776509274743,0.0151041738008429,0.298300327169393,0.123673779526138,0.00160466007501186,0.00164164830050061,0.00789890185336967,0.549791249074078
TCGA.CZ.5467.01,0.47468508922633,0.0494386650524476,0.264792726343599,0.176216704845495,0.0332362286564691,4.90786858718923e-07,0.0016300950887996,0.659712716124813
TCGA.B0.5692.01,0.79886576094325,0.0267430131870225,0.0682376105925655,0.073633247831124,0.0245123347230728,0.00328925554029515,0.00471877718267003,0.404189135611391
TCGA.AK.3425.01,0.396573677072616,0.000176689457617014,0.000417065702638143,0.453140093106458,0.0899302771633573,0.00800738167226044,0.0517548158250532,0.58521495708723
TCGA.CZ.4853.01,0.812232806851164,0.0185827499293526,0.0770532078612365,0.0777632476771045,0.0134219299579911,0.000611947360837819,0.000334110362313166,0.361868747843966
TCGA.BP.5195.01,0.663475526879372,1.04934989364021e-05,0.104308420308829,0.165383686674223,0.0661680361486743,3.37160039603781e-05,0.000620120486005235,0.508921313873955
TCGA.B0.5691.01,0.741762884312816,0.0377608131773311,0.117719967479613,0.0447956047986448,0.0502293405466826,0.00147882570154347,0.0062525639833689,0.476842148272912
TCGA.BP.4971.01,0.000146958168587628,2.22036254850138e-05,0.817075943811434,0.124591230271972,0.0283458756482201,0.000184998439666547,0.0296327900346343,0.32527695866956
TCGA.BP.4959.01,0.898599576451296,0.0189266595447306,0.000174748679457186,0.030387121566178,0.0378641327040563,0.000488146668595291,0.0135596143856864,0.238877125854112
TCGA.CJ.4884.01,0.830814873388269,0.0215726950214967,0.0735075069341267,0.0602529877521201,0.00561216455339845,0.000194190246435558,0.00804558210415341,0.342997297731615
TCGA.EU.5907.01,0.798568062475699,0.0183735565994745,0.0472062472477949,0.0739537634827783,0.0618392610771927,3.40985842256429e-05,2.50105328349998e-05,0.391857978044223
TCGA.AK.3458.01,0.533322513596507,0.000563432185864637,0.0528560373778137,0.387643304165957,0.000505240163425661,0.000108634010545221,0.0250008384998862,0.492978737521272
TCGA.EU.5904.01,0.311942815264758,3.94408889911966e-06,0.652378209841267,0.0251249846284334,5.62367397412955e-06,3.07833553516048e-06,0.0105413441671333,0.402252320412964
TCGA.A3.3357.01,0.890039339710686,0.00117565043255214,0.0342724892302376,0.0295551634524692,0.0423542443468116,0.000307268928514227,0.00229584389872905,0.2475201008435
TCGA.CJ.4899.01,0.555013159778985,0.0250266731265403,0.293403518072196,0.0826173235648796,0.0333895313951748,0.00111057318296236,0.00943922087926168,0.590944502974563
TCGA.A3.3322.01,0.711612688508548,0.0290700227889739,0.158590723905575,0.0744123645066132,0.021854221123148,0.00112495136281559,0.00333502780432572,0.4833416185122
TCGA.CZ.5466.01,0.714010257994743,0.00393520545138335,0.043502531080502,0.193841210732216,0.0284100658328626,5.73381380514567e-09,0.016300723174479,0.454799913690246
TCGA.B0.4712.01,0.000345757414679321,0.000181573026216018,0.000412203712644689,0.764744178663925,0.169342897770194,0.000359252532954816,0.0646141368793853,0.356244538153261
TCGA.BP.4756.01,0.78751619489165,0.141784987729186,0.0201356763688142,0.0169732321571856,0.0216339934525961,0.00308279106088922,0.00887312433967943,0.388294004641848
TCGA.CZ.5982.01,0.727473715166388,0.0187151030510493,0.145256803902094,0.0517316245686284,0.0534878950764044,0.00131068504402122,0.00202417319141473,0.471375900225756
TCGA.BP.5181.01,0.819074020841434,0.00143832243731444,0.0779661211407018,0.0999401647938293,5.0094396509175e-05,0.00047894094351952,0.00105233544669188,0.315208010496903
TCGA.AK.3445.01,0.381443179186811,0.0323343090165904,0.1258483385717,0.214552561187406,0.226554488187263,0.00392777506317294,0.0153393487870561,0.766680629081392
TCGA.B0.4838.01,0.717900011637067,0.0458658502278356,0.122951641766276,0.0779279000757341,0.0316641071121078,0.000814689841715288,0.00287579933926424,0.497354353624031
TCGA.CZ.5459.01,0.470462885426748,0.0127771149896708,0.267281520273419,0.19980062340873,0.0457273729782883,0.00391210687983434,3.83760433091367e-05,0.641364192128105
TCGA.B8.5165.01,0.691455690973136,0.0529198585507055,0.0983555462314883,0.104406869100249,0.0428156998537716,0.00264911807175187,0.00739721721889835,0.545540678146459
TCGA.B8.5158.01,0.783719811813499,0.0335886355589363,0.0219233625980937,0.0662509454406578,0.0847543421638627,0.00885897057659343,0.00090393184835676,0.424447705352644
TCGA.CJ.4638.01,0.780731636015411,0.0344963929959938,0.0759263532704652,0.0429767504751208,0.0580396480441241,0.00125895317541107,0.00657026602347424,0.435285211931896
TCGA.BP.4799.01,2.99074337027139e-05,2.45064645319634e-05,0.41738545905816,0.500375564545006,7.93571663180852e-06,0.0245081557648286,0.0576684710171391,0.497061478944866
TCGA.B0.4841.01,0.137463828298362,0.0176550242126922,0.435655420175054,0.332494027125795,0.0485395230682689,0.000294926829812291,0.0278972502900153,0.678991995684123
TCGA.BP.4795.01,0.000259814051146571,0.0163925845439719,0.0375274682822847,0.157843576976756,0.743369501086384,0.00730421694459065,0.0373028381148658,0.443592710764287
TCGA.CJ.4923.01,0.372428566432116,0.0288436850833711,0.271594348247043,0.261883986082032,0.0596838721948595,0.00225615742997856,0.00330938453059996,0.707073534458622
TCGA.CJ.4893.01,0.799810365271948,1.72824176501558e-06,0.12857488194955,0.0599049235206302,0.000114758596887271,0.000378422326956748,0.0112149200922625,0.341968160262865
TCGA.BP.4976.01,0.879210882099393,0.00023212541434598,0.0363242587700792,0.0571509036264908,0.0249616715230001,0.000962076798745755,0.00115808176794501,0.259903789928398
TCGA.BP.4341.01,0.542242234070455,0.00484207619777206,0.350839741627655,0.0997280875541667,0.000598208654667797,6.42227612585675e-05,0.00168542913402537,0.498938943783921
TCGA.DV.A4W0.01,0.581580882606244,0.011370335935067,0.298564400062003,0.0594736390013137,0.0408918213605394,0.000900016209671503,0.00721890482516089,0.548585502436745
TCGA.BP.4166.01,0.532630196513282,0.0294811482545792,0.105450683492237,0.313627574994056,0.000304264620534021,0.000140022132527937,0.0183661099927847,0.574234981609124
TCGA.B0.4813.01,3.56885381038584e-06,0.05248528121427,0.466648209160668,0.30039649245376,0.180452177407147,8.23468732882213e-06,6.03622301554612e-06,0.606825592691543
TCGA.B0.5098.01,0.294737292886392,0.0901395613511882,0.131071853426082,0.223341312827983,0.259223165995553,0.00131582611835508,0.000170987394447784,0.790531459112346
TCGA.CZ.5463.01,0.828018268750013,0.024100098870322,0.0373826074415518,0.071862515087576,0.0354423089416243,0.000751431786828009,0.00244276912208504,0.357978041254401
TCGA.CZ.5457.01,0.749173414205757,1.06228246032984e-05,0.0211454173760662,0.22876670562431,8.36235402575501e-06,0.000885151691461999,1.03259237759261e-05,0.32986976786487
TCGA.CJ.5686.01,0.853383584350778,1.39754152157788e-06,0.048692056509886,0.0539468560695825,0.0339745422246857,0.00801371035951263,0.00198785294403392,0.311392500064396
TCGA.B0.4842.01,0.85399399762422,0.00909063926139311,0.00127332969508476,0.0825577939687189,0.0188125075314978,0.00312553665181561,0.03114619526727,0.304612794044408
TCGA.CZ.5468.01,0.315259300305184,0.0245043371952758,0.260558655185972,0.123045513840316,0.253046940201906,0.00802506728783209,0.0155601859835143,0.778184271343214
TCGA.B4.5844.01,0.785462622288623,0.0180217184189559,0.134524555220882,0.0517974438663683,0.00439389800923916,0.00195977011560034,0.00383999208033082,0.381661682970979
TCGA.AK.3451.01,0.62406302670416,0.000195375451489596,0.000176885085034828,0.28493947828172,0.0031341448997012,0.00214400291890561,0.085347086658989,0.460692786805632
TCGA.CZ.4856.01,0.780371930246584,7.1079121199208e-06,0.0444009200389231,0.097121363825343,0.0606723692208068,0.000458978285123461,0.0169673304710994,0.411669990164214
TCGA.BP.4331.01,0.664155731960368,0.0327795968786059,0.156244518665526,0.0923246897003926,0.0488088447482594,0.00112410928315361,0.00456250876369453,0.551647998554926
TCGA.B0.5094.01,0.617598740787305,0.052526653998237,0.0721015511335126,0.122791107491733,0.0951003065297981,0.035224681830368,0.00465695822904599,0.650671742202739
TCGA.B0.4818.01,0.67699313400786,4.52547429795431e-05,0.239335726117683,0.0797209624996078,0.000140921231410941,3.65609192513738e-05,0.00372744048120752,0.426980759739155
TCGA.MM.A84U.01,0.537160808609187,0.0205551229484259,0.0682952055135067,0.115230568375955,0.240527500686043,0.0017215721884904,0.016509221678392,0.651316814952168
TCGA.BP.4776.01,0.242030485311339,6.50313160072615e-05,0.553358588103437,0.183762219505808,0.00404017575608411,0.000275635035516565,0.0164678649718085,0.55239247208058
TCGA.A3.3352.01,0.750676797761545,0.0177325989673311,0.119512368052352,0.109227558764042,5.16551345643078e-06,0.00112424453193472,0.0017212664093389,0.411727695392864
TCGA.CJ.6033.01,0.155627371419114,7.44358155249504e-07,0.289323190923515,0.370956132300239,0.126469188641826,0.020850006156147,0.0367733662010036,0.760506944748361
TCGA.AK.3426.01,0.0024431622630003,0.000903274507884685,0.0259890019363082,0.469234886080316,0.44060082494647,0.00693110542926881,0.0538977448367522,0.526198833772606
TCGA.B0.4852.01,0.619668933827882,0.0164352534767238,0.269354404884356,0.089357429824491,0.000591488439904726,0.000302184961322297,0.00429030458531959,0.495108977974959
TCGA.BP.4972.01,0.788483477203264,0.0333783909729387,0.0552585955594099,0.084190101517713,0.0208262174149951,0.00354636465356147,0.0143168526781176,0.426868920708504
TCGA.BP.4993.01,0.468440921291999,0.00743187626759432,0.36150195261875,0.125347615446098,0.0323578105150158,0.00119173420405108,0.00372808965649277,0.595960794049069
TCGA.B4.5838.01,0.892488862766081,0.0305358614586356,0.000219573758990376,0.050713739593921,0.0201336433542759,0.000344014601017549,0.00556430446707854,0.242232483862359
TCGA.CJ.4885.01,0.766381640100936,1.70874968098291e-07,0.0419726011485919,0.157346134215356,0.0342967873295254,9.95183874735073e-07,1.67114674787518e-06,0.382182095784456
TCGA.B0.4696.01,0.439367357986669,0.139879406147621,0.0893387025619877,0.196753565518445,0.130157717013026,0.000620383161792542,0.00388286761045833,0.75218091904139
TCGA.B0.4710.01,0.416943587896846,0.00857771782690004,0.479767980965827,0.0871933282275427,4.11197963635321e-05,0.000182638553906561,0.00729362673261416,0.518279614291817
TCGA.BP.4789.01,0.599502915566219,0.0254488853121481,0.193023355267689,0.165215012419218,0.010183062622578,4.87172260585385e-05,0.00657805158609008,0.562918487253088
TCGA.CJ.4903.01,0.753770253868355,4.29491203364902e-05,0.142379865680807,0.102790008238234,0.0005918025034765,0.000121854407929976,0.000303266180860265,0.376605704374268
TCGA.BP.4343.01,0.588756549899868,0.00149026544066422,0.000314538026501936,0.37078202724083,6.36554039772444e-05,0.00238776416473619,0.0362051998234219,0.425083129252646
TCGA.A3.3383.01,0.517936931116156,2.25238378795117e-05,0.158429602144771,0.311412054608202,1.43987557555083e-05,7.77063934336272e-05,0.0121067831438026,0.539866012627179
TCGA.B0.5113.01,0.615176497261021,0.0280372184880845,0.2155087220349,0.118416705882994,0.0177872128647259,0.00302877546225541,0.00204486800601882,0.557266508854607
TCGA.B0.4718.01,0.142328743852487,0.0371352974102354,0.514699672679073,0.268808623657163,0.0359847668954371,0.000959152270971297,8.37432346331916e-05,0.627915170786827
TCGA.B8.4154.01,0.680319347174873,0.000116885389879032,0.0444390578604027,0.263958476398002,6.87501010495988e-05,0.00119551586535236,0.00990196721044118,0.41495454999708
TCGA.B0.5110.01,0.63713857354105,0.00492535382819896,0.305625026077491,0.0466517398006789,0.00141880792810559,0.000221223761577746,0.00401927506289832,0.43783506104474
TCGA.BP.4968.01,0.584299065977823,0.00504900941691997,0.219062289426112,0.163748344177094,0.0133140157935576,0.00180802733849275,0.0127192478700004,0.562215503332622
TCGA.BP.4988.01,0.0191172847567823,0.0645473325834687,0.725302581906015,0.147045450938793,0.0416303842043116,2.40613849295926e-05,0.00233290422569984,0.469753686654362
TCGA.BP.4159.01,0.375301119446991,0.000385493804535996,0.126097586046345,0.476882653550121,0.000322690654564763,0.000364237292440282,0.0206462192050024,0.550210340319468
TCGA.B8.4148.01,0.696841292922699,0.0278180963932871,0.205544150373966,0.0434138410299049,0.0260839074399108,0.000207633617014117,9.10782232179275e-05,0.467875440917897
TCGA.A3.3347.01,0.473836813650092,0.0999511488518651,0.0435060615794637,0.110527898175363,0.261577795430325,0.00781387966169919,0.00278640265119251,0.703530745270285
TCGA.A3.3367.01,0.723814076201619,0.0168990456938004,0.103908756984137,0.132471173559882,0.022537799025146,0.000168640208000753,0.00020050832741541,0.459737104162512
TCGA.MM.A564.01,0.132798130328199,0.0330627191501277,0.298391781010321,0.533972191646786,0.00150467682389039,4.48732689354194e-05,0.000225627771740278,0.559550270200423
TCGA.BP.5168.01,0.661614476386952,0.000754255798105418,0.216326027729879,0.114038161512776,0.000225347000246628,0.00289907964587575,0.00414265192616488,0.462030165518896
TCGA.BP.5190.01,0.937486786610729,1.15662431076229e-07,0.0201961413911111,0.0240512972828967,0.00978591838292262,0.00674101382531832,0.00173872684459099,0.163939254675537
TCGA.B0.4822.01,4.21358698496319e-05,3.64337025492683e-05,0.596292782727401,0.239925465590714,0.149903015690234,9.92356642823196e-05,0.0137009307549703,0.511712737975134
TCGA.CJ.6032.01,0.816997329060182,0.000135731155475268,0.152748317201818,0.00473136526249323,0.0226604360503123,0.000275371687086744,0.00245144958263253,0.298826296689171
TCGA.B0.5713.01,0.696022808066339,4.05205168811402e-06,0.249666544030872,0.0454099733814217,0.00146803217495258,0.0018387170115231,0.00558987328320414,0.40560741596001
TCGA.CJ.4875.01,0.60258656321096,0.0113531622977258,0.160903946937937,0.152782452674694,0.0592433453676696,0.00134921398718337,0.0117813155238299,0.59906972954461
TCGA.A3.3351.01,0.644789080569424,0.0259304757727823,0.203229298983823,0.0727619926653677,0.0478205749106319,0.00306634025677811,0.00240223684119262,0.549763948201171
TCGA.BP.4995.01,0.379678278414218,0.402987768438678,0.103266314882936,0.05812551746391,0.0305958946803718,0.000375372905334689,0.0249708532145514,0.686348444207463
TCGA.B8.5551.01,0.000133389362812911,8.82643300713672e-05,0.000165226164145233,0.247748474465057,0.712292498388516,2.936051779549e-05,0.039542786771602,0.369414785738671
TCGA.BP.4970.01,0.653641750575333,0.0109620264246772,0.0570473244715813,0.0986085178356741,0.171761872489781,1.21216204343466e-05,0.00796638658251982,0.544954311881353
TCGA.BP.4964.01,0.623897618092778,0.0114414749028558,0.18452899240716,0.148708284849201,0.0270132922309466,0.000841927893307156,0.00356840962375108,0.546973031426502
TCGA.BP.4774.01,0.450551942139981,0.000995852697617063,0.480645684750523,0.0587467468073977,0.000165355334696749,9.74000804709703e-05,0.00879701818931318,0.477273180787388
TCGA.AK.3443.01,0.00972153252613162,0.912061439649154,0.0031888249901157,0.0114871550228542,0.00257544962677434,0.00240359619320455,0.0585620019917658,0.202817127158553
TCGA.CJ.4902.01,0.3399977670114,0.0169171844034213,0.35990257462675,0.24819551369991,0.0298015598296534,4.73686235456582e-07,0.00518492674262983,0.658539390430414
TCGA.B8.4143.01,0.0655980492156619,0.0160198740547569,0.308973110465311,0.375082913406394,0.2279359997766,0.00126733095595456,0.00512272212532157,0.692809436690876
TCGA.BP.4994.01,0.236035317068414,0.547882360312807,0.0980711097290212,0.0427773501633478,0.0409387746025856,0.00133696945388427,0.0329581186699402,0.660428545216384
TCGA.BP.4777.01,0.778917427740569,0.000809251806242479,0.0955978356807239,0.0792019837830617,0.0214012579637387,0.00150705534552486,0.0225651876801395,0.41279114014841
TCGA.BP.4355.01,0.268824571250341,0.0233740075420103,0.566052087594195,0.139448969880552,0.000101836188071321,0.000230822778782515,0.00196770476604774,0.541096068697658
TCGA.A3.3346.01,1.51483659142755e-05,7.87375773774839e-06,0.285326094410799,0.291862281603861,0.301278863282694,0.0892212439269997,0.0322884946519939,0.722247225546189
TCGA.B0.4824.01,0.766360220761441,0.00234213123258201,0.179789297205113,0.045658973213735,0.00076824755918636,0.000588191579927588,0.00449293844801522,0.360617015729365
TCGA.G6.A8L6.01,0.127704264684373,0.0101473998243865,0.337877674735099,0.495061805441135,0.0179287082954255,0.00283900502506012,0.00844114199452169,0.592595655969142
TCGA.A3.3323.01,0.615210425687443,0.0316145179925888,0.125644458164624,0.135371400822631,0.0811780963834299,0.00394812730567395,0.00703297364360995,0.616655909559806
TCGA.EU.5905.01,0.44565465415197,0.0456011602119053,0.0506250286307894,0.238103170580816,0.218366367007824,0.000523686583773168,0.00112593283292322,0.687377108749821
TCGA.BP.5196.01,0.0879573427548273,2.23269636506506e-05,0.210162271774423,0.224098822285399,0.470859925479954,0.000188470921269803,0.00671083982047614,0.651060984283155
TCGA.CJ.5675.01,0.877243772095455,6.7829735876628e-08,6.05545266487109e-09,0.0870371374938543,0.0242290637694966,4.53565473396223e-08,0.0114899073994586,0.240937853789473
TCGA.BP.4807.01,0.755519137018431,0.0152559124988374,0.053795689458454,0.0951027973681345,0.076047491877284,0.00034505674450519,0.00393391503435378,0.450723140473542
TCGA.B8.A54H.01,0.712861593337837,0.0190230380340099,0.172596453172816,0.0755789675974271,0.0130966056022912,0.00103613197020151,0.00580721028541675,0.467060028795229
TCGA.B0.5109.01,0.0362973605409783,0.0939686793792347,0.0903864354005129,0.265726416713057,0.509053896573255,4.04705196005154e-05,0.0045267408733619,0.65807706276676
TCGA.B0.5711.01,0.802983666350486,0.0066606908962749,0.090443661751471,0.0861505225915979,0.00721753119248534,0.00234006754138298,0.00420385967630233,0.365325742146055
TCGA.CJ.4869.01,0.693330990513074,0.000190578898125242,0.00467233304995246,0.212530329083355,0.0826615804201113,0.000400181921561417,0.00621400611382054,0.437098415619455
TCGA.BP.5010.01,2.15216621976525e-05,2.88058793502773e-05,0.662677531978283,0.198181721051412,0.104083766938543,0.0136230441916955,0.0213836082985178,0.498592576267334
TCGA.BP.5001.01,0.671251762193391,0.00448155372929413,0.285503003328933,0.0319946563147925,0.000495789460201277,0.000487445032003179,0.00578578994138529,0.409635800864307
TCGA.B2.4099.01,0.612840012480791,0.000106475508931287,0.0822483055886805,0.277279729693946,7.29374904092258e-05,0.000154969554181705,0.0272975696830606,0.494645375008013
TCGA.B0.5106.01,0.313409508578697,0.0362216273520166,0.39070351553519,0.159599305019278,0.0983093406160244,0.00080472135136798,0.000951981547425385,0.711380037504846
TCGA.B8.A54I.01,0.307156151305617,0.0435217123780583,0.154510682854361,0.106907905636963,0.382978805133914,0.00168121084346341,0.00324353184762324,0.731513190337237
TCGA.B0.4827.01,0.91204067016433,0.0231509884315782,8.98086866209428e-06,0.0182384067587939,0.0325084398679031,0.00471183069149046,0.00934068321724239,0.218184065015385
TCGA.BP.4761.01,0.000142979562684925,5.23993779268282e-05,0.000280092647586941,0.260488307239094,0.737302854473955,0.00068751551620231,0.00104585118255028,0.30390094554465
TCGA.B0.5694.01,0.649935174520609,0.00382785362428357,0.0916515351911456,0.143119768107207,0.100191457166287,0.0077901804294252,0.00348403096104312,0.558430962266093
TCGA.A3.3335.01,0.619594872216384,0.0402792390639939,0.18811732475018,0.12062850848058,0.0239197641413108,0.00159182644450414,0.00586846490304772,0.578181695729858
TCGA.BP.4332.01,0.53880037392285,0.0321597091642043,0.190300316213838,0.152896172753595,0.0827319166800896,0.000555593544138809,0.0025559177212845,0.6537872890676
TCGA.A3.A8OW.01,0.647518351582222,0.0143068513313163,0.247788209117324,0.0765521859655612,0.00806984060931681,0.000407279949113978,0.00535728144514546,0.490617549978192
TCGA.B0.4819.01,1.0170243340075e-06,0.0409792708422549,0.528047801151252,0.215599780810254,0.189687166504976,0.00657719455697237,0.0191077691099562,0.628459171735558
TCGA.B0.4823.01,0.565171244000986,0.0157130653758935,0.167376240620474,0.149359245409685,0.0929788797907929,0.00048873282717807,0.00891259197499004,0.635999185058131
TCGA.A3.A8OU.01,0.496771567211379,1.0222753867426e-06,0.417635102175892,0.0544772575691371,0.0215459834338904,0.00238635934308768,0.00718270799122685,0.51559392689374
TCGA.BP.4161.01,0.75150706846034,0.0166146259990764,0.113558859234103,0.0992755415500711,0.0186831341691231,0.000117720463276196,0.000243050124010092,0.429909698887821
TCGA.B0.5075.01,0.898108734069309,0.0212659205727396,0.0256239957942186,0.0263082005084279,0.0182176799379858,6.60096570214175e-05,0.010409459460298,0.25135977480761
TCGA.BP.5006.01,0.673820912709402,0.0016946921381714,0.214564771432503,0.0967060912090218,0.00562583746254364,1.06761486249889e-05,0.00757701889973249,0.462124132252933
TCGA.A3.A6NJ.01,0.667630000821406,0.00370174507859005,0.225316794541446,0.0689418777883144,0.0262595220664592,0.000430614195966411,0.00771944550781761,0.48670655413
TCGA.BP.4982.01,0.776476663146127,1.97642245600037e-06,0.1627402657866,0.0549984156468813,0.00362856497093247,7.57894468870026e-07,0.00215335613253531,0.352061289646011
TCGA.B0.4700.01,0.000895720791932277,0.00136954881025537,0.343131378026543,0.527094731745429,0.0816390202368069,5.67230363312876e-05,0.0458128773527018,0.547933095654852
TCGA.BP.4797.01,0.888646201440309,0.00288688430694745,1.91081822237891e-05,0.0524998725364615,0.0462638557764566,3.81832578179839e-05,0.00964589449978342,0.238478364671841
TCGA.BP.4763.01,0.674202568483731,0.0107517151085006,0.0407154553178017,0.238364476977941,0.0298961764868183,0.00124398224460019,0.0048256253806066,0.47569425877512
TCGA.B0.5697.01,0.540200265540125,0.0585127964539312,0.00201590090088099,0.0707098198356503,0.307517275109477,0.00152533028364904,0.0195186118762867,0.589926714369505
TCGA.B0.5121.01,0.572245263914388,0.019018208203394,0.204972853525666,0.192698505870214,0.0049639431521244,0.000148078606800009,0.00595314672741344,0.562760855090298
TCGA.A3.3306.01,0.715318027723051,5.86731371921858e-05,0.0775606818242202,0.160332674338637,0.0466076977110777,9.39596499063462e-05,2.82856159153233e-05,0.450215102889014
TCGA.BP.4170.01,0.613589386024265,0.000217625921135706,0.25963282983881,0.122890790515506,0.000213646124871395,8.36853114320859e-05,0.00337203626397999,0.478471674833286
TCGA.B0.4706.01,0.37144686141483,0.0417047930468528,0.23249426282164,0.279725363186359,0.0740408532248174,0.000101956025120479,0.000485910280380389,0.716007269568724
TCGA.A3.3378.01,0.716982074807806,0.10112238939317,0.0804829111993774,0.0234116935742249,0.0656645118927608,0.00923570949474453,0.0031007096379165,0.514383688289181
TCGA.B0.5084.01,0.15107678992923,0.0849135260921862,0.0302412749338041,0.307994462980502,0.421691185286239,3.89475525163831e-05,0.00404381322552257,0.693894634534887
TCGA.B2.3923.01,0.0447715992204903,0.806972320794888,0.01935013068333,4.85281265663143e-05,0.0497547787417943,8.46541227616546e-05,0.0790179883101692,0.380079483181311
TCGA.B0.4703.01,0.00271816546728252,0.010429908639344,0.076709654519369,0.213278252635473,0.658062366046248,0.0111617498467247,0.0276399028455592,0.521555111580685
TCGA.A3.3319.01,0.606333768117931,0.117328149059118,1.93899067982759e-07,1.396732686358e-07,0.258788552853134,0.0175479645576199,1.23183986134143e-06,0.501335203789744
TCGA.AK.3454.01,0.613987583628193,0.0166563825768436,0.279419125822412,0.0838881142250434,5.90606636710272e-07,0.000116008429180897,0.00593219471169065,0.495060590782794
TCGA.G6.A5PC.01,0.681726638914356,0.00372717399689317,0.011765073180978,0.210675538498203,0.0064166501822033,0.000492374942773118,0.0851965502845935,0.466815048747118
TCGA.B0.4844.01,0.525253404300345,0.00912971844022826,0.157708735887704,0.155168883747584,0.145972135500686,0.00569216913067831,0.00107495299277421,0.6573515426455
TCGA.B4.5832.01,0.902951437308616,0.0846257056345229,7.0610890972793e-05,5.15921171125336e-05,4.79061153953939e-05,0.00451043344090749,0.0077423144924732,0.187481845068034
TCGA.B8.5545.01,0.579034974764182,0.00895515866218327,0.0806496713017334,0.142885819456421,0.172970486550355,0.00201511935693315,0.0134887699081913,0.623748722988621
TCGA.A3.3317.01,0.743794187430043,0.0629762217580336,0.0552643853895937,0.0485939174157396,0.0831335313664806,0.00115594537694694,0.00508181126316273,0.484456918732314
TCGA.BP.4977.01,0.71231780380757,0.0428983299825851,0.0864173368406544,0.0611685760698446,0.0907357995971466,0.00036735204330783,0.00609480165889193,0.519537819253157
TCGA.A3.3387.01,0.621305582769013,0.0262720746705213,0.0394219244381705,0.170720108145489,0.12408617643589,0.00439050364537939,0.0138036298955359,0.597384786138422
TCGA.A3.3343.01,0.71236787848649,2.20117126179944e-05,0.169071637251791,0.118195242357792,7.09059707871805e-05,0.000112228537943457,0.000160095682578605,0.410013961487545
TCGA.BP.4981.01,0.514742038750055,0.0152402819359633,0.279193575880525,0.157255664279017,0.0299144852122104,5.30130973220505e-05,0.00360094084490785,0.60561680890919
TCGA.B0.4810.01,0.358496011080639,0.00783975114528155,0.330467583495425,0.193697639397701,0.103160077122734,1.77981185678859e-05,0.0063211396396517,0.696925793027611
TCGA.BP.4765.01,0.611569020121483,0.00741469792406868,0.263288348729511,0.0962553097797312,0.0176461089838005,0.00123243851821097,0.0025940759431943,0.518370522500371
TCGA.BP.4329.01,0.552638874615568,7.1340133185755e-05,0.19488366603638,0.245300612734252,0.000201988857256881,0.000124266048404366,0.00677925157495323,0.528560867149663
TCGA.B4.5835.01,0.814313862729831,0.071407541861177,6.40569720142665e-05,0.0743870933255643,0.00379535027106321,0.010534442972073,0.0254976518682773,0.366061879998822
TCGA.B0.5077.01,0.61511394748258,0.0416508888646763,0.223651286334369,0.0884118078421547,0.0276129443303881,0.000246235961447934,0.00331288918438357,0.565697320157775
TCGA.BP.4330.01,0.735836217111441,0.0198176790340526,0.134410434297036,0.0982972618282566,0.00842670955082772,0.00160041753983849,0.0016112806385481,0.443035144271185
TCGA.A3.3307.01,0.731070693562722,0.0112985091657013,0.15518508641393,0.0919942143967198,0.00552312191171742,0.000199217080978763,0.00472915746823111,0.43374028662449
TCGA.CW.5581.01,0.937482654335732,4.63433178317038e-07,0.00677445308816424,0.0392460100407538,0.00836163237815729,0.00472015374351585,0.00341463298049872,0.157312534482943
TCGA.BP.4335.01,0.303735725217926,0.0127707756429526,0.556960074386116,0.119615202200212,0.00015817441091064,8.05330405355548e-05,0.00667951510134691,0.530952283829756
TCGA.CJ.6030.01,0.627993142129979,0.00510963951315422,0.0902355470182497,0.203346025693531,0.0609509199277694,0.00265670782202903,0.00970801789528675,0.560836867274775
TCGA.CJ.4904.01,0.657060550265118,0.0274879162001656,0.207003495601179,0.0795848693866962,0.0220762303481266,0.00195170003706631,0.0048352381616485,0.526407443352422
TCGA.BP.4975.01,0.789798692389781,7.93897740284962e-06,0.0715637832264181,0.137609914356741,1.10351495878475e-05,1.48335169929691e-05,0.000993802383076461,0.336748072298995
TCGA.BP.4798.01,0.487305887313698,0.0906947141204393,0.10831913087969,0.313089267191891,0.000192440539928699,0.000198930238073363,0.000199629716279565,0.605052414017142
TCGA.CJ.5681.01,0.67750584646863,0.213853643372422,4.90931501230884e-07,0.01546182516698,0.0589174599468861,0.0201800277486364,0.014080706364944,0.495261265385258
TCGA.BP.5175.01,0.0165461950627878,0.00442645162430467,0.000748138844531832,0.0138768951123173,0.922217296112348,0.038563240040058,0.00362178320365204,0.193830121098727
TCGA.B8.4621.01,0.663868452645616,0.100063305658736,3.78499972212985e-05,0.0146569524378003,0.20119264047223,0.00140033275959619,0.0187804660288,0.499021933836959
TCGA.G6.A8L7.01,0.000263703448717254,0.20875717984113,0.397132425910907,0.133092679324321,0.117270249336804,0.0148361560323801,0.128647606105741,0.792426901147145
TCGA.B0.5698.01,0.662872976987869,0.0103863565322011,0.216985839850098,0.0749037053574498,0.0296949187939517,0.000695334853824752,0.00446086762460607,0.503248765046858
TCGA.B8.5164.01,0.890117320673164,1.01767629029839e-05,0.070057095509605,0.0338895799976765,5.73841667526374e-06,8.25431639377974e-06,0.00591183432358257,0.223635162486672
TCGA.BP.4787.01,0.493178259820325,0.073220334989399,0.142815115560255,0.133872886445533,0.144707427830889,0.00828043623531097,0.00392553911828785,0.734029536954043
TCGA.BP.4775.01,0.666391434065972,0.00842071864315959,0.27643000768188,0.0467070184352189,0.000382769516372625,0.00090551440058889,0.000762537256808117,0.423486940819411
TCGA.CJ.4878.01,0.557761113073711,0.00503952021391542,0.372335615602685,0.0601363503906545,0.00280813150130158,0.00124492170561421,0.000674347512118226,0.472246610600372
TCGA.AK.3433.01,0.088910985440482,0.762142222292689,0.0202341079596758,0.00240409594406027,0.0347490909659526,0.00126906898312544,0.0902904284140147,0.44089367603904
TCGA.B0.4821.01,0.00128200538176186,0.0294592412253822,0.45709156971898,0.303367490839015,0.197548050143522,0.00869927253229061,0.00255237015904844,0.621287211978353
TCGA.B0.5108.01,0.00321347515478568,0.0611231751533633,0.604049442689137,0.32295847699604,1.80853899400902e-05,3.40728412336263e-05,0.00860327177549967,0.462641173845382
TCGA.B4.5836.01,0.824239243712266,0.00382392612898192,0.110677223163655,0.046823099156185,0.00878830570729438,0.00146913221943194,0.00417906991218597,0.329741457956351
TCGA.CJ.4920.01,0.463066449467909,8.49135750126024e-07,0.318478427046842,0.12416924389435,0.0922371785856894,0.000404567644288126,0.00164328422517082,0.623608864998751
TCGA.EU.5906.01,0.731116179680246,4.49530369936704e-05,0.224079071569067,0.0381644291599941,0.000120138960296618,0.000311799901011907,0.00616342769239072,0.372164262682789
TCGA.CZ.5455.01,0.848533965444705,0.00634799592557935,0.0751621056969069,0.0584197056454565,0.00135400444612941,0.00159424655347892,0.00858797628774354,0.304227745241694
TCGA.CW.6088.01,0.802733105074329,0.00915597958632153,0.114735564020298,0.0419214136015379,0.0286296188385439,0.00131017466948379,0.00151414420948559,0.3705241021609
TCGA.BP.4352.01,0.000624984648609542,0.0101302606970379,0.160859563873439,0.233751808410307,0.591187732347427,0.00239926310235237,0.00104638692082752,0.522742853483847
TCGA.MM.A563.01,0.442003364620011,0.0338477958274068,0.169026857160716,0.207694351704945,0.131695296368447,0.00109575748502495,0.0146365768334483,0.739325339674923
TCGA.B8.A8YJ.01,0.000359954685555396,0.000286670371556431,0.917799985068706,0.0502880407426309,0.000187553760340938,9.85643980154828e-05,0.0309792309731951,0.177003289697868
TCGA.CZ.5984.01,0.788041844436829,0.000337591098063668,5.6315247211004e-05,0.07605304946411,0.134317310177593,0.000176861832310224,0.0010170277438832,0.341786995983045
TCGA.CJ.4871.01,0.698646538674959,0.00181590853077303,0.100757812613344,0.186712582778936,1.54131797016902e-08,0.00403171593794941,0.00803542605085897,0.445845256888863
TCGA.BP.5192.01,0.701829867152531,0.00567019616903883,0.227844887585666,0.0542114701649739,0.00546947104580664,0.00166851448260079,0.00330559339938257,0.426990911620559
TCGA.A3.3358.01,0.648535462339136,0.0130459929378315,0.0997428442040023,0.182408105120638,0.0418668062466065,0.000694075345176149,0.0137067138066105,0.552155784975003
TCGA.CZ.5460.01,0.508909410183527,0.0176851697099162,0.272997700991783,0.188791466865055,0.0103725794169355,3.93321946482762e-05,0.00120434063813561,0.585931795374311
TCGA.A3.3326.01,0.721971081762408,0.000371080776514441,0.17513113811474,0.101853476609533,0.000277437306147813,0.000214008779081794,0.000181776651574528,0.401635536601192
TCGA.CJ.4907.01,0.695089760506786,0.0145163256610421,0.102930408780968,0.134743660775788,0.0498855023493139,0.000617712521679778,0.00221662940442242,0.506721740030277
TCGA.B0.5703.01,0.705480710540616,0.00280525781515865,0.149237618673332,0.114839884113312,0.0275797389716684,3.14770166963416e-05,2.53128692162195e-05,0.459761281161289
TCGA.B0.4834.01,0.0119958173599143,0.888422408635307,0.00935197237856038,0.0684723262720898,0.000341734315780006,0.000837230940509894,0.0205785100978384,0.243605480910651
TCGA.AK.3444.01,0.862791492735859,4.05362585711577e-06,0.108982630510921,0.0259880791221381,2.13057219751924e-06,6.41869907761017e-06,0.00222519473395018,0.245389382730283
TCGA.CJ.5677.01,0.794632487557825,0.000171678429619547,0.000906321081340758,0.154996011996912,0.0455086423342473,0.000482708434555926,0.00330215016549961,0.330251292309145
TCGA.CJ.4644.01,0.878775969744909,0.0134366701165505,0.0165810106747693,0.0819241397700408,0.000215824136737127,9.26240359369939e-05,0.008973761521056,0.251498361812431
TCGA.B0.5115.01,0.578462708944288,4.20659567674207e-06,0.280577250310122,0.140731439532054,5.94219221594022e-05,3.94513834309031e-05,0.000125521312269171,0.488894841823807
TCGA.B2.5641.01,0.745809034457283,6.72717249645174e-07,5.38970395360187e-05,0.0866577736064819,0.159286817842915,0.00225908115306441,0.00593272318347008,0.394684958437758
TCGA.CJ.4894.01,0.745322333046408,0.0190369324160099,0.0558611190934559,0.129593701624564,0.0474171750757063,0.000517431687302097,0.00225130705655464,0.453594222422911
TCGA.B0.5099.01,0.521913963288758,0.00965623903974772,0.40375742686808,0.0366779777744179,0.02265321530324,4.45261867687375e-07,0.00534073246388786,0.506373695245641
TCGA.B4.5843.01,0.758384661481878,0.0148218997491162,0.0925182406126684,0.0803209374897948,0.0501176348099866,0.000625817345574506,0.00321080851098196,0.446069707078643
TCGA.B8.A54D.01,0.710762661710223,0.0416793906812356,0.129244514323272,0.0331535058686813,0.0827332051006726,0.000237654767650996,0.002189067548265,0.50057107742667
TCGA.AK.3427.01,1.34413264761932e-06,0.465725201048251,7.82492157462712e-07,0.381898622809727,6.33282618113671e-07,7.0693699392199e-07,0.152372709297605,0.519155601254667
TCGA.B0.5699.01,0.836485472922256,0.00136632689183115,0.0582838127675338,0.0737087626141976,0.0300748496856998,6.97298735943759e-05,1.10452448872485e-05,0.319857461268923
TCGA.A3.3320.01,0.692515145094969,0.013057104568488,0.266317477897957,0.0250446184624806,0.000768804864558234,0.000479163377854657,0.001817685733692,0.399009976178763
TCGA.BP.4973.01,0.714272782951057,0.00892363079312167,0.182425848591355,0.0778950624521006,0.0147198208536945,0.000709501723450781,0.00105335263521997,0.445097510137256
TCGA.B8.A54G.01,0.816272351764702,6.70475694016864e-05,0.0210585394139034,0.149534581744782,7.59125862093162e-05,0.000887620034709111,0.0121039468862928,0.304323186613762
TCGA.BP.5184.01,0.706744127094295,4.16033863579916e-06,0.152636617381679,0.133139175109625,4.49719243528182e-06,0.00137426409961139,0.00609715878371831,0.432150716524662
TCGA.CJ.4868.01,0.0418796409660915,0.0380352194730943,0.356148273783715,0.196889961271073,0.337877483934501,0.00971774273958438,0.0194516778319407,0.736505993974893
TCGA.BP.5199.01,0.0426695121153328,0.0262809864136798,0.534038927247119,0.228300247600783,0.141696216213171,0.0105469952958552,0.0164671151140585,0.665475389288202
TCGA.BP.4803.01,0.706615226151811,0.00170570607673002,0.0606157304346533,0.162279167752366,0.0676585759418167,0.000479240838438076,0.000646352804185055,0.468625625341111
TCGA.BP.4326.01,1.32856167143188e-05,4.41674338920167e-05,0.835664457868394,0.152698502407504,0.000165801038431924,0.0114120129849124,1.77265015099987e-06,0.251859397545457
TCGA.BP.5177.01,0.439574232660284,0.000720108359808038,0.223575623158399,0.315468096417675,0.00258255304761871,0.0028642820703185,0.0152151042858971,0.596756177201329
TCGA.B0.4688.01,0.371407614713084,0.158762092330562,0.0411450541021555,0.184056748445443,0.237454868865782,0.000191298706405062,0.00698232283656753,0.76085002853069
TCGA.CJ.5671.01,5.56074779392059e-05,7.06241758893422e-05,0.551289140258195,0.431915410066236,4.39006803230999e-05,7.61321265707399e-05,0.0165491852148467,0.391154656660776
TCGA.CJ.4873.01,0.187523564698409,0.0304327557617309,0.112271497698063,0.354420760081901,0.252278898665365,0.00351929418478179,0.0595532289097497,0.806117833343991
TCGA.A3.3380.01,0.571053822711206,0.0262803650473104,0.213848005447623,0.164535855658546,0.0213748811056944,0.000656206844844322,0.00225086318477645,0.587432866578636
TCGA.B8.5163.01,0.000847673039745273,0.00102960114037211,0.000652979309978995,0.558281031347354,0.207675702992023,0.0968452743360507,0.134667737834475,0.599105266953577
TCGA.A3.3385.01,0.886935262801999,9.58493487678078e-05,0.0430772285348081,0.0694585524246131,3.63891460870524e-05,6.46909311281221e-05,0.000332026812596536,0.221837133237653
TCGA.BP.4334.01,9.58592282219326e-05,0.650097292445107,0.132713296918969,0.0148123026854058,0.073174673432938,0.00099152202302433,0.128115053266334,0.551265960840402
TCGA.CJ.4901.01,0.150761491819354,0.0459290695488409,0.48265607192743,0.237181014918004,0.0627260026828294,0.00646481140488578,0.0142815376986562,0.712559760017388
TCGA.B2.4101.01,0.620970012194446,0.0375328197411662,0.163098592332864,0.140136204818299,0.0374452076295188,0.00056595079546706,0.000251212488239298,0.575332484355969
TCGA.MW.A4EC.01,0.58256530367568,0.00567585747899455,0.275753529036844,0.115703271443736,0.00826509097888559,0.000273353565923207,0.0117635938199361,0.536017925796347
TCGA.B0.5107.01,0.480691166561161,0.0304824318812725,0.0404879286779951,0.254463295836781,0.190485026556593,0.000375960797337151,0.00301418968886037,0.654159219173867
TCGA.GK.A6C7.01,0.481843411523247,0.00849969170989366,0.408585180949719,0.0571244145782604,0.0293428048040507,0.00537450783930989,0.00922998859551938,0.563456995401482
TCGA.BP.5174.01,0.936599695659113,0.000276017573647855,0.00714574058757399,0.021146326154373,0.0300262800067019,0.000341746986498583,0.00446419303209185,0.160651159471172
TCGA.BP.4991.01,0.616868988526745,0.0192640585385926,0.233059558992771,0.0666164666338899,0.0590387424124566,0.00234685974125391,0.00280532515429083,0.561039950430998
TCGA.A3.A6NN.01,0.620987531469268,0.027464266201704,0.156553669913562,0.137440388527432,0.0528610345277444,0.00105831745861185,0.00363479190167744,0.5862275829242
TCGA.A3.A8OX.01,0.577328897990119,0.0554341560022466,0.151922819243942,0.0581565262233594,0.146104707855385,8.87210354290746e-05,0.0109641716495183,0.647791932571942
TCGA.A3.3308.01,0.676769850925895,0.0150780074069145,0.188924667822463,0.102567738711687,0.0122015431856607,0.00124531220750943,0.00321287973987008,0.491494096804743
TCGA.BP.4987.01,0.762765973320001,0.0187729878052483,0.104521617487169,0.103211386080698,0.00717955238606955,0.00129944271880882,0.00224904020200537,0.415958577641381
TCGA.CJ.6031.01,0.408756685872639,4.97268753518476e-05,2.31164101845922e-05,0.517377149120956,0.0460421889655823,0.000128901778014999,0.0276222309772714,0.487890873036016
TCGA.AK.3456.01,0.724274886688868,0.124098691096053,1.98397546701124e-06,0.0438254984631161,0.0891643096860838,0.000705263093642557,0.0179293669967696,0.474039380355236
TCGA.B8.5546.01,0.702159394993238,0.155338502505476,7.23531639979792e-06,0.041145189745611,0.0762100956027192,0.00149779142735859,0.0236417904091978,0.495072766114632
TCGA.BP.4999.01,0.541513542502149,0.0153718393273915,0.368792408599692,0.0611382687267401,0.00613953972962748,0.0019258188121704,0.0051185823022294,0.516665290858989
TCGA.BP.4176.01,0.529373829929423,0.0137649882935992,0.210370856504807,0.154959271877853,0.0744555773075047,0.00108908139208884,0.0159863946947252,0.657552143576858
TCGA.CJ.4640.01,0.780423154998562,0.000610972889574058,0.000190886698974401,0.128218876372193,0.0589987496864353,0.0134964613069815,0.01806089804728,0.390863588333914
TCGA.B0.4847.01,0.552572997927546,0.00643336388561791,0.269144859956665,0.152824518488935,0.00957886799378811,0.00116843242607147,0.00827695932137678,0.561515897501923
TCGA.B0.5710.01,0.471750677718321,0.015278927780755,0.33624689194544,0.119440903800738,0.0347726852650266,0.00061086687442144,0.0218990466152975,0.639083636594841
TCGA.B0.4839.01,0.528829187555534,0.000122030805489658,0.0402035536943677,0.390423596337911,0.0289686183050808,0.000226369563582667,0.0112266437380346,0.508407379358797
TCGA.CZ.5470.01,0.829335651033695,3.39267651125256e-08,0.0105554342170354,0.127427104096097,9.1116163238027e-07,1.26969352547134e-06,0.0326795958712497,0.296821036278347
TCGA.BP.5186.01,0.78170628573896,0.0103084709095451,0.121716280782264,0.0682696401113733,0.0116597011302935,0.00295557713203769,0.00338404419552681,0.394489486128409
TCGA.AS.3777.01,0.00754122598738911,0.211995623023734,8.67797884478202e-07,0.0666227309201907,0.0116373669917012,0.619879507094442,0.0823226781846579,0.565296951681019
TCGA.A3.3363.01,0.582656662584551,0.0340370417150068,9.0469748553399e-05,0.082999382655726,0.271831065727442,0.0068075716394438,0.0215778059292766,0.569412519731345
TCGA.CZ.4862.01,0.725263549530819,0.0348605910749161,0.0507352776297988,0.0745150523225253,0.110063021557007,0.00335993217612641,0.00120257570880817,0.495819615121688
TCGA.BP.5202.01,0.751532952137607,0.000886493874470317,0.159469253838737,0.085781828504424,2.02622844800816e-05,0.000166451268685961,0.00214275809159554,0.379863584628179
TCGA.BP.4963.01,0.781778107288593,0.0285885403738185,0.11369996511588,0.0653314217811242,0.00725852259241626,0.000228258788672567,0.00311518405949532,0.398363874958911
TCGA.B0.4707.01,0.444585874209047,0.0353293791026638,0.0740449587892016,0.157163461814392,0.286953071792114,0.000377276560284345,0.00154597773229742,0.685174384792064
TCGA.B0.4817.01,0.750448466763932,0.00845387623869332,0.122374544488747,0.0233974949916485,0.0775142389080504,0.0168333662780998,0.000978012330828755,0.449394195067454
TCGA.CJ.4636.01,0.700426234194189,0.0426558300547896,0.0433540191737354,0.0952932198527799,0.10104553081752,0.00137594352835354,0.0158492223786325,0.539801343040417
TCGA.CJ.4908.01,0.487762786479887,0.0168241536719846,0.358989914257436,0.104419395827023,0.0252051998691227,0.00174328087892103,0.00505526901562508,0.592611323894539
TCGA.BP.4960.01,0.12835465832635,4.0479078340232e-05,0.653601896080782,0.217652928269731,0.000216986763044245,2.28384713382025e-05,0.000110213010413575,0.450602804368698
TCGA.B0.4837.01,0.229900101408836,0.0119677935278348,0.386452318846649,0.301175413498936,1.633886274858e-05,0.0677894254836666,0.00269860837132881,0.67751198136132
TCGA.CJ.4881.01,0.236013041294179,0.0703599001354619,0.23938773441239,0.143308646665458,0.286011685668138,0.0048815881546052,0.0200374036697674,0.827640056238117
TCGA.B0.4811.01,0.508087928504044,0.00301488715283039,0.259102747172748,0.218711914589084,0.0105951538654303,0.000216873105050163,0.00027049561081386,0.563297188054277
TCGA.CW.5591.01,0.591805160476205,0.168167080075373,5.17722168803584e-05,0.0241414542721925,0.201644463978614,0.0038755530781699,0.0103145159025656,0.561305503114374
TCGA.BP.5008.01,0.270699730660376,0.000604351265525578,0.606303354152255,0.0667905908924675,0.039991086520161,1.07528848933447e-05,0.015600133624322,0.532452141050188
TCGA.A3.3359.01,0.752904831938723,0.00558661922182703,0.200515114713811,0.0351237081366074,0.00298530809174994,0.000420848456678841,0.00246356944060272,0.368936477643661
TCGA.BP.4164.01,0.705167004825085,0.030747095892957,0.177856706343174,0.0589801079006792,0.0237968345781639,0.00134728720159966,0.00210496325834171,0.482186294593691
TCGA.DV.5567.01,0.137234078308336,0.0718241037913029,0.112229683125989,0.0778165603375441,0.58635567362304,0.002816705979484,0.0117231948343048,0.661670402792359
TCGA.AS.3778.01,0.635984298436485,0.00396372865234781,0.221326997409634,0.0869910849863442,0.0492212005159343,0.000627239056026313,0.00188545094322906,0.524510706645482
TCGA.AK.3434.01,0.542691808598555,0.0102351367431203,0.20975621203227,0.210160238846992,0.020375403312705,6.26758844417825e-05,0.00671852458191641,0.589734859186616
TCGA.CJ.4643.01,0.648311564885845,0.00561942742394167,0.280053613692576,0.0605975095799287,0.00164784522080291,0.000976737189985133,0.00279330200692087,0.447179555238665
TCGA.BP.5182.01,0.686018937294943,1.50164012980678e-06,0.0279044065699022,0.164912606791155,0.102190237734538,5.86260221552814e-07,0.0189717237091103,0.495377063507169
TCGA.A3.3331.01,0.662408291883823,0.00178942364920242,0.30603442889992,0.0262559112656837,0.000220342662492043,0.00123097026890354,0.00206063136997577,0.393093935621652
TCGA.BP.4351.01,0.357013543038102,0.0113109954459838,0.5085777258611,0.122453333219865,1.04041631455324e-05,0.000612383366626375,2.16149051781023e-05,0.526395585811945
TCGA.BP.4167.01,0.00047671864194002,0.000621949755969957,0.000766018494016484,0.839494312549501,0.0316687120707496,0.000485543980970695,0.126486744506853,0.275024346658356
TCGA.BP.4174.01,0.707107826029784,9.56127546572627e-09,0.17270107397931,0.0957461713797613,4.64708581226112e-08,7.17053890195169e-08,0.0244448008736224,0.443859694991979
TCGA.B0.5400.01,0.528466018333096,0.225567296504447,0.0472363672119759,0.0316012702976528,0.155796464480691,0.00510210963855856,0.00623047353357842,0.654980324557534
TCGA.B0.5116.01,0.592143159366167,6.74953475732349e-05,0.112083100747774,0.249868835398579,0.0453560044279418,0.000144695384789427,0.00033670932717499,0.538062403688831
TCGA.BP.4790.01,0.727630259813813,0.0485596967855396,0.0740013321961448,0.0715054754479169,0.0705228697873844,0.000911958666831677,0.00686840730236935,0.507301562243356
TCGA.B0.5120.01,0.44374033360672,0.0171710778280374,0.300690919762066,0.182368200385238,0.0537476360882731,5.46944258920093e-06,0.00227636288707627,0.654222638514835
TCGA.CZ.5988.01,0.487876389875633,5.5067294357586e-05,0.147441625511951,0.0885715208764832,0.274875933618083,0.000118211137450928,0.00106125168604114,0.622305336556379
TCGA.B8.4620.01,0.143234621577888,0.026252912133321,0.557480543601937,0.225886788704254,0.035115399080322,0.0038879992070901,0.00814173569518753,0.623904920724365
TCGA.B0.4690.01,0.296835034269885,0.0626421209302942,0.196025892743544,0.279217864761672,0.155885432778064,0.000521345739889809,0.00887230877665166,0.794129504676433
TCGA.T7.A92I.01,0.739327415460738,0.210820166017733,0.00316390319802084,0.00385701713971094,0.0313489795934032,5.35822298615902e-06,0.0114771603674087,0.385945885082418
TCGA.A3.3376.01,0.651643397723514,0.0351673962506066,0.120975703279066,0.132757578518141,0.0467303448709469,0.000579817631983702,0.012145761725742,0.576302715172051
TCGA.B0.4833.01,0.613668136783726,0.017962265070153,0.254442206307998,0.100424363946121,0.00841669952052313,0.000857136361107975,0.00422919201037122,0.524327549558715
TCGA.BP.4340.01,0.764737097011424,0.00143760337908842,0.190519120252638,0.0404957790850782,6.48072969468187e-05,0.00199647170581709,0.000749121269007146,0.348777266307886
TCGA.6D.AA2E.01,0.590403800560213,0.229846231098463,0.141084498892528,0.00681636041292514,1.77219481087454e-05,0.00304971946591492,0.028781667621847,0.554674009098509
TCGA.BP.5178.01,0.468837257098837,0.0424198648916034,0.0431546146612775,0.393640424891636,0.00547834985504402,0.0461970402341664,0.000272448367436332,0.598505659039004
TCGA.A3.A8CQ.01,0.681800563375461,0.00553153392053118,0.254172755111079,0.0509844724350449,0.00473704184067959,0.000184044221064794,0.00258958909613924,0.427637887002385
TCGA.CZ.5456.01,0.588162548592636,0.0141088549305255,0.173179029096511,0.147387571241044,0.0704260190187126,5.95944559386048e-05,0.00667638266463225,0.605896901557684
TCGA.AK.3436.01,0.386201287428715,0.00459256193193848,0.000156233743821623,0.541385518314748,0.0535749194001795,2.71804922045792e-05,0.0140622986883926,0.484491727366803
TCGA.BP.4961.01,0.612256386174708,0.0347850303417957,0.194073500170804,0.114131857631106,0.0384177315723925,0.00162053235408139,0.00471496175511252,0.587891923906908
TCGA.A3.3325.01,0.682578538470897,0.0040441744070509,0.150961024509062,0.134066461976652,0.0241999305229494,5.91962322574401e-12,0.00414987010746839,0.488505680180267
TCGA.CZ.5987.01,0.648068706522287,0.0326143706637962,0.0736470953752385,0.0627128384244219,0.173232645038395,0.00278121675443515,0.00694312722142596,0.572013276083206
TCGA.BP.4801.01,0.731032900008684,0.0135388990822534,0.120230360960063,0.111198837201943,0.0112039139492289,0.00177665825483318,0.011018430542995,0.461200501052388
TCGA.B0.5812.01,0.716172650649748,0.0124322674258054,0.11976168756916,0.12331702997053,0.0218909558594759,0.00145989452791562,0.00496551399736386,0.475577531592601
TCGA.B8.5159.01,0.856647228548485,0.0167904664273935,0.0401887264898223,0.0590395069244775,0.025686896480142,0.000122105454426158,0.00152506967525394,0.309597778771971
TCGA.DV.5576.01,0.224116911826219,0.0696454602630724,0.0875189916509346,0.0760079829994101,0.522634791714194,0.00705365926400043,0.0130222022821691,0.69910649909646
TCGA.CZ.5452.01,0.821445514482476,0.000141775823416582,0.032700719443637,0.12400383809347,0.0157256395994225,0.000241376768187642,0.00574113578939055,0.32399269240894
TCGA.BP.5170.01,0.206900669716876,7.86723981578072e-05,0.298119236384066,0.421094879357634,0.0720984340679962,5.10061081974626e-06,0.00170300746444942,0.643525746174966
TCGA.BP.5194.01,0.724729365809913,0.00274241943476635,0.136498346216073,0.118952134066523,0.0091079731734938,0.00215431897046857,0.00581544232876227,0.442233745837002
TCGA.B8.A54E.01,0.760783517446891,0.188492054073825,1.56743953311256e-06,1.59233960923417e-06,0.0017087098350209,0.0151642058021946,0.0338483530629271,0.3656879374791
TCGA.BP.4768.01,0.741431656640752,0.00266954761430531,0.116415513265156,0.0811492041426223,0.0548069942582588,0.000690475911073278,0.00283660816783271,0.448437530848617
TCGA.B0.5096.01,0.20678792461152,0.0469513822159167,2.62664707699618e-05,0.144988856577324,0.570171755091208,7.48407532103042e-05,0.03099897428005,0.605634642887643
TCGA.BP.4766.01,0.781089387913466,0.0106342846240668,0.167698119006477,0.0325650922547572,0.00521303505170905,0.000447201687898486,0.0023528794616251,0.358367271878191
TCGA.B0.4945.01,0.59878314861293,0.0349928321986034,0.233728100134939,0.0389811855887523,0.0847372558540211,0.00105567136328756,0.00772180624746706,0.588195063101431
TCGA.B0.4694.01,0.675090624718013,5.07337414568085e-05,8.69550213778114e-05,0.225266027993639,0.0446495833361409,0.00640441791507009,0.0484516572743022,0.472862298731428
TCGA.BP.5185.01,0.43124195492095,0.00930099945071958,0.231686668962707,0.299602382426181,0.00980626312509592,0.00153352919467567,0.0168282019196715,0.632180904879199
TCGA.CJ.4895.01,0.720923464179641,0.0158295545025644,0.167130155202513,0.0732026366155619,0.0169232807205657,0.00105963536736698,0.00493127341178679,0.459629519083876
TCGA.B2.5635.01,0.668836110568175,0.0158192866914422,0.0994451283605449,0.0652164088254847,0.147633137520844,0.000485620614078787,0.00256430741943073,0.536314437568577
TCGA.A3.3324.01,0.729322550574087,0.0360329470222873,0.133022522674837,0.0790714401826715,0.0198663476791036,0.0005298258660354,0.0021543660009777,0.469703889347916
TCGA.A3.A6NI.01,0.577059288088895,0.0181691536518141,0.13409395274271,0.117680262650344,0.146090664960075,0.000823992604296787,0.00608268530186613,0.631697286529866
TCGA.CW.6093.01,0.642616404646797,0.0160859601214237,0.221947890534047,0.0826813217655838,0.0283295851361279,0.00213329791769744,0.00620553987832271,0.532618735733821
TCGA.B0.4698.01,0.0930686919121398,0.043319306513727,0.143829252648264,0.283852342671182,0.418191062851875,6.17592459009067e-05,0.0176775841569105,0.734797923010829
TCGA.A3.3373.01,0.852487647240897,1.44647419371857e-06,0.115148266214582,0.0248712464783453,4.37882659534884e-06,0.00131348553510387,0.00617352923028354,0.265697162600818
TCGA.B0.5705.01,0.900442550950843,7.78741080305416e-05,0.0651932813358592,0.0323900314746728,0.000268216824713173,0.000119278056443557,0.00150876724943804,0.204196727381431
TCGA.AK.3455.01,0.787938053016598,5.10805982346359e-07,0.0630221924916458,0.120565756476504,5.51942897113971e-07,0.013892163605323,0.0145807716610489,0.379329267192595
TCGA.BP.5201.01,0.545096278674668,0.000731909996229543,0.287921943970776,0.0958978048582815,0.0627329907130029,0.000395399297351834,0.00722367248968999,0.58161442519782
TCGA.CZ.5989.01,0.940638114546382,0.0260975903478073,0.0189391665877113,0.00549320222056366,0.0036087088437139,0.000179475958953198,0.00504374149486905,0.156712519094828
TCGA.A3.3311.01,0.79737174511245,0.0179964110247211,0.0563634918673514,0.0765696519398207,0.0472005928886284,0.00113888897402479,0.00335921819300332,0.402215443067551
TCGA.CJ.4874.01,0.836264457553622,1.16749317788562e-05,0.0641943645070131,0.0884659540699747,1.3946682105897e-05,0.00187893804740439,0.0091706642081009,0.306001514428656
TCGA.CJ.4876.01,0.70812441146021,0.00664875614356222,0.179230093506527,0.067406376907689,0.0348943547744649,0.000784129740947658,0.00291187746659918,0.466277537224885
TCGA.BP.4327.01,0.472928673332198,0.0368390873234589,0.305871668579353,0.0969524466770036,0.0828201108786083,0.000534498432107374,0.00405351477727085,0.666519851137298
TCGA.CZ.4854.01,0.531570161598718,0.0504211306460798,0.107528875055842,0.153221567159185,0.151977586186401,0.00495970639571586,0.000320972958058814,0.682959196626583
TCGA.B8.A54F.01,0.187428606969703,0.0263714644878866,0.521831273460544,0.173728202155797,0.0902750278412198,3.25770001758731e-06,0.000362167384832315,0.654286496534513
TCGA.BP.4337.01,0.525062722500432,0.0791990534852246,0.204625647096857,0.191042906670936,1.21343946607891e-05,3.84953361514801e-05,1.90405157377739e-05,0.606765770251004
TCGA.B8.5553.01,0.802904113085771,1.76323659705407e-05,0.106211867691601,0.0477204595902777,0.0371259857656108,7.35488141249071e-05,0.00594639268664406,0.366532417564495
TCGA.CZ.4863.01,0.874655082105419,1.61479568201492e-05,0.0676322246284951,0.0489630696447917,1.33528538987495e-06,0.000758705162352826,0.00797343521673135,0.252424561330266
TCGA.CW.5584.01,0.825480910187051,0.0179130266741127,0.0394162978329162,0.0656723787767613,0.0427113352257302,0.00292973371546067,0.00587631758796784,0.369292806996431
TCGA.3Z.A93Z.01,0.546353003209604,0.0185991737366745,0.261579513252486,0.148080039830811,0.0144330530521093,0.00104646705871511,0.00990874985959947,0.592044739819783
TCGA.BP.4346.01,0.761279692355598,0.0134172446319822,0.130533978239164,0.0834299342548603,0.00950984567996528,0.000592733088732513,0.00123657174969797,0.408778007980633
TCGA.CJ.5678.01,0.649559401751233,5.09390416816717e-05,0.000217793581468139,0.316496482128854,0.000119000652545135,0.000585133549781216,0.0329712492944368,0.392948986144407
TCGA.B0.4699.01,0.07089428528676,0.486963090634196,0.091390096442032,0.0640063230665133,0.238561835861244,0.000492609657781319,0.047691759051474,0.731480955551949
TCGA.BP.5173.01,0.71803697098043,4.31866223273196e-06,0.0496560755529853,0.230294514349006,9.06518940466167e-10,7.61615055861786e-10,0.00200811878721217,0.379064774143046
TCGA.A3.3382.01,0.605078605816902,0.0202016956447022,0.103646971279857,0.177167679560954,0.0907466002201243,0.00238481903751469,0.000773628439945416,0.597192685345625
TCGA.CJ.4635.01,0.679777097031594,0.0362540357400773,0.090502745863462,0.130435634110265,0.0563878493603151,0.000557962170660933,0.00608467572362557,0.546335189280599
TCGA.CZ.4859.01,0.801844654302522,1.70252139612586e-05,0.13735240652913,0.0513872719109863,4.35706541854671e-05,0.00127212200824148,0.00808294938097366,0.334207617721465
TCGA.BP.5198.01,0.403606736150615,0.0337569948041545,0.248382768820314,0.253130964365578,0.0475710073347566,0.00535679345899197,0.00819473506559013,0.712548123591261
TCGA.BP.4974.01,0.312101488847983,0.00737122511982817,0.538279839252328,0.127712537789185,0.0064767277559673,0.00144560005866008,0.00661258117604825,0.550446928745978
TCGA.B8.A7U6.01,0.21490570620691,0.000429673196398894,0.673290470474837,0.0939151884157864,0.00243990980231621,0.00246997804770883,0.0125490738560428,0.465947065136405
TCGA.AK.3431.01,0.343587950451563,0.0385035246542075,0.164527127682726,0.415733309437032,0.0181388455445739,0.00112472105737373,0.0183845211725244,0.672238379261283
TCGA.CJ.4634.01,0.751805458730503,0.0296748261152351,0.146034036947355,0.0569155940683674,0.0101490464580375,0.000982397695502927,0.00443863998499921,0.431869126778885
TCGA.DV.5575.01,0.484049379367683,1.90338083663307e-10,0.376478619912173,0.0887510994243117,0.0431595962018146,4.95760368222436e-11,0.00756130485410325,0.568637558052937
TCGA.A3.A6NL.01,0.516447354823198,3.63675071683681e-06,0.312810420523536,0.146606805256801,0.0222195174236875,0.000847289908322502,0.00106497531373715,0.557164830937734
TCGA.CZ.5985.01,0.867206673270266,7.00978357151188e-06,9.31798913640189e-06,0.0283413743878854,0.0942319896100879,0.00642451859947745,0.00377911635957509,0.257373962986297
TCGA.B8.4151.01,0.797317158268821,1.94838611316363e-05,0.0911300153043252,0.110175239607855,1.91604881542101e-05,0.00055990548222467,0.000779036987488156,0.335109525304669
TCGA.CZ.5458.01,0.646761817159598,0.0150787535093965,0.104603323953934,0.105055635537028,0.126215555597785,3.18299497599935e-05,0.00225308429249915,0.561824284646843
TCGA.CJ.4637.01,0.50799798184668,0.012966529249515,0.138273292668331,0.183219279796945,0.146147696278707,0.00260037660033864,0.00879484355948434,0.679930908813107
TCGA.CW.5583.01,0.772493309928581,0.0152262610975907,0.114075414695645,0.0582652069029783,0.0365563670946017,0.00106746695039456,0.00231597333020887,0.420739307551145
TCGA.B0.5097.01,0.164034225309353,1.58223521350399e-07,0.538338177017788,0.279229419861541,9.26811241874725e-08,0.0182580397140244,0.000139887192648834,0.544964159936444
TCGA.B0.5092.01,0.503801918988295,0.012145532733562,0.226288228578021,0.138021531885732,0.110825931826853,0.000361049357539454,0.00855580662999787,0.665980344559617
TCGA.B0.5695.01,0.504546264149105,1.30879543532525e-05,0.391778038770923,0.0964812624017697,1.54372633573708e-05,0.000286056501116807,0.00687985295937437,0.500947027236476
TCGA.BP.4160.01,0.711168804438967,2.44128905147738e-06,0.0861879059161333,0.134252309601634,0.0473915284692492,0.000205755910594476,0.0207912543743704,0.488237739605236
TCGA.BP.4992.01,0.148940491069597,0.0507132032228848,0.585145559429652,0.0701397821840485,0.140549220196202,0.00209368042037141,0.00241806347724429,0.636228881989825
TCGA.AK.3440.01,2.78246354291036e-07,0.814235710910462,0.0690141443955708,0.000234712214661338,5.82084373583863e-06,0.0158580199204444,0.100651313468772,0.334389969346438
TCGA.CJ.4891.01,6.81492373896277e-06,0.0980211125657558,0.328432462060559,0.216900409009464,0.337571312951251,2.20063881634368e-07,0.0190676684253492,0.702510008660916
TCGA.DV.A4VZ.01,2.75419937957742e-05,2.55481601479349e-05,0.0560030800621725,0.0896892955199155,0.833880730626837,1.60068519006051e-05,0.0203577967852306,0.313066700552368
TCGA.CJ.4897.01,0.843000787673835,9.82303205516873e-06,0.0420805810100437,0.112047251345026,2.70746436638283e-05,3.95534628368947e-05,0.00279492883253908,0.277391135344373
TCGA.CZ.5464.01,0.708506015697215,0.0077523186904381,0.0620871488517959,0.187015017139854,0.0200020669492199,0.00472904584355727,0.00990838682791953,0.471351120920099
TCGA.CZ.5462.01,0.841466116047276,0.0154839912667852,0.0620051174376432,0.0014464225277144,0.0669520984836175,0.00486126045241944,0.00778499378454469,0.327026512829022
TCGA.B0.4828.01,0.581279917819284,0.0230624663433566,0.214504839440115,0.120436353282368,0.0599431142438554,0.000158798494989822,0.000614510376030319,0.597181114594554
TCGA.BP.4169.01,0.147681404517741,0.000678836640048352,0.64940296819893,0.148544518608144,0.0446026572447197,4.11709726095982e-05,0.00904844381780628,0.53071744265306
TCGA.B2.A4SR.01,0.54770331369798,0.0291150736135029,0.244803358571846,0.0724516341660367,0.102783391951607,9.49876848429713e-05,0.00304824031418488,0.626834995913776
TCGA.CJ.4916.01,0.685891799101104,0.00187321034756917,0.186672936305136,0.121439964549212,0.000264144276124761,0.000276081429171866,0.00358186399168258,0.444176854930837
TCGA.CJ.4882.01,5.741127353731e-05,4.20806351305159e-06,0.577529339116592,0.275431914175376,0.132667147975739,2.24458112891657e-05,0.0142875335839541,0.51478993421569
TCGA.B8.4146.01,0.931306317267237,0.0208125470614351,0.0345406417829966,0.00868909088752219,0.000389850984509866,0.000301434732600255,0.00396011728369932,0.170493091879262
TCGA.CJ.5679.01,0.664532016658143,0.0276644083564872,0.00247782792044272,0.081072132773047,0.209254756789126,7.63038997786687e-07,0.0149980944637564,0.503464545952803
TCGA.B0.5709.01,0.84757463573258,1.27766810999397e-05,0.0393910174592667,0.0646090452287927,0.0404102266699228,6.10074722419554e-06,0.00799619748111365,0.315045565327914
TCGA.B2.4102.01,0.823003506945945,0.0104878243102457,0.0785225857829195,0.0374287487787015,0.0499394035640762,0.000522032698639283,9.58979194728847e-05,0.352210263007654
TCGA.B8.5550.01,0.883800273064376,0.0134680810656198,0.000650386048476212,0.0875765486405688,0.00244798427321763,0.000191759896956045,0.0118649670107858,0.233411174319164
TCGA.CJ.4912.01,0.239815284934697,0.0267475538652859,0.309816520822288,0.196901515429808,0.224825424772873,0.00114024960703984,0.00075345056800736,0.755935157422918
TCGA.BP.4349.01,0.589589275262325,0.000293440457073716,0.30382492944599,0.0862426309487849,0.0190458804679997,0.000956205079234203,4.76383385916773e-05,0.49834683738422
TCGA.B0.5696.01,0.828692482231592,0.00130586802791055,0.0591236188889254,0.0995373347921393,0.000333364149284603,0.00071806388962205,0.0102892680205261,0.316669160196235
TCGA.BP.4163.01,0.47760662998069,0.14946337028718,0.0959819957482583,0.07875248998378,0.10440969272895,0.0226939080259897,0.0710919132451524,0.80778609851799
TCGA.CW.6097.01,0.60434658542484,0.0027393131551616,0.0345124749992052,0.171756879678193,0.181878241763795,0.00183260386513007,0.00293390111367429,0.553948381753244
TCGA.BP.4962.01,0.816043511096869,0.00795157700637504,0.0016932961520206,0.114714393089302,0.0103331142373887,0.00117741881032135,0.0480866896077228,0.341562023613181
TCGA.B8.5549.01,0.764207164173365,9.73220253928541e-06,0.113918818763961,0.0849079081788876,0.0354659834973103,0.00114158360734598,0.000348809576590828,0.406709511481005
TCGA.BP.4998.01,0.470623383569106,0.0364783075282452,0.189812620289959,0.120747799466556,0.178452777405234,0.000694780229999569,0.00319033151090057,0.707695017543803
TCGA.B0.5690.01,0.520004553054075,0.00495962852404494,0.342818197631521,0.111655937965496,0.00224550091394319,0.000218282817949394,0.0180978990929696,0.547966642422634
TCGA.G6.A8L8.01,0.508604639548115,0.0329733819297735,0.296397199158879,0.108697487799492,0.0499590779343593,0.000468417463115843,0.00289979616626542,0.631201589060743
TCGA.B0.5104.01,0.766436864083397,0.0173183819707396,0.173557202008264,0.0307135030960194,0.00842554945252874,0.000881614377360859,0.00266688501169055,0.384029992084526
TCGA.A3.3313.01,0.715741715268611,0.151945789556847,0.019354202656649,0.0443904435827703,0.0611351779126775,0.000251017386170527,0.00718165363627469,0.48751897226422
TCGA.B2.5633.01,0.710072613594045,0.0160112245062414,0.0584083928259225,0.0830041796692247,0.128545438753047,0.000110264694897022,0.00384788595662253,0.497406770130182
TCGA.CJ.5684.01,0.77344410098986,0.00941739528802531,0.0628576377788069,0.12841982386343,0.0186052850686842,0.00251968738715917,0.00473606962403477,0.408386997571461
TCGA.CJ.4886.01,0.723897161099029,8.78838504787067e-05,0.156796679842136,0.114057875613793,0.000105793981929106,0.000175250033983908,0.00487935557865028,0.411792414709698
TCGA.BP.5009.01,0.465235126600577,0.0305384812263918,0.172119018861975,0.20329115136031,0.117338884343857,0.000108189000878944,0.0113691486060095,0.715641326736799
TCGA.BP.4969.01,0.728539885197463,2.35953719775652e-05,0.206089009159548,0.0630238561771271,0.000286682485718333,0.000470871477696899,0.00156610013046942,0.383764265884813
TCGA.CZ.5461.01,0.663970978784028,0.0149494746168322,0.0762436614404748,0.188537963259275,0.0485326780684373,0.00195312087718057,0.00581212295377179,0.531620809099874
TCGA.CW.5587.01,0.962007054827099,1.70468548011388e-05,1.20213439474895e-05,0.0327694832148439,2.89966397209493e-05,0.000623647810322257,0.00454174930926544,0.0919905951050136
