S5,S3,S2,S4,S6,ITTH
TCGA.B1.A657.01,0.729897140800675,3.14384245389395e-05,0.147290101078966,0.00212938777660458,0.120651931919215,0.484956604458625
TCGA.A4.A5Y1.01,0.497700266449196,6.84123910566675e-05,0.0122141347240524,0.182354853619592,0.307662332816103,0.667763954469163
TCGA.Q2.A5QZ.01,6.33857137028166e-06,4.42671134106985e-06,0.915119398796493,0.0846835847088644,0.000186251211930927,0.181412074878442
TCGA.A4.8312.01,0.143406260594103,0.534128393984149,0.123870618072315,2.35875700671134e-06,0.198592368592426,0.741394798645012
TCGA.UZ.A9PX.01,0.733638975049356,8.64332397980131e-07,0.135276510749983,1.39733658657915e-06,0.131082252531677,0.474842002383197
TCGA.A4.8311.01,0.872697494542195,9.43364236282435e-08,0.0663691695039792,0.0609331948037414,4.68136604062056e-08,0.291624710413917
TCGA.GL.A9DD.01,0.577150711101114,0.000133255519954029,0.15872780143944,0.0709739923992685,0.193014239540223,0.693306702715448
TCGA.F9.A4JJ.01,0.237439346754303,5.12315469780353e-07,0.0544761253969784,0.644119202584903,0.0639648129483461,0.595940357400768
TCGA.IA.A83V.01,0.33548692339291,0.0202570851147397,0.339091470756054,0.189981647978629,0.115182872757668,0.855319365850528
TCGA.SX.A7SO.01,0.28419604915868,0.0167825965620085,0.0410274277309516,1.73197867297432e-05,0.65797660676163,0.517431072507173
TCGA.PJ.A5Z9.01,0.598769807056484,7.317983567937e-08,0.229070453946721,9.00833650194676e-06,0.172150657480457,0.588819287152273
TCGA.F9.A8NY.01,0.0795340165388566,0.0602774406178247,0.127410414049034,0.533205469476381,0.199572659317904,0.8015805934877
TCGA.G7.7502.01,0.697273270255493,0.0479215448969182,0.123672229623077,0.0343575285439966,0.0967754266805147,0.619675088178187
TCGA.MH.A856.01,0.562502017251357,0.0721980097356783,0.187209997890904,0.177753334395929,0.000336640726131898,0.706341734326927
TCGA.BQ.5879.01,0.116582713607778,0.151559141179136,0.000520030026467204,0.730896501868413,0.000441613318205736,0.480279847005989
TCGA.MH.A855.01,0.411440019112244,0.0329994510790125,0.191524221777401,0.0935951656903441,0.270441142340998,0.851147164411146
TCGA.2Z.A9JP.01,0.291402961191239,1.3639734261519e-06,0.459993124184165,1.90272089626258e-05,0.248583523442207,0.660333839233871
TCGA.DW.7840.01,0.732570469914729,0.0331852564849824,0.192436721722076,0.0150281536383172,0.0267793982398955,0.508347590116884
TCGA.DW.5560.01,0.630854457660745,0.00126828400987161,0.308512261483188,0.0593433335353789,2.16633108166088e-05,0.515542115776181
TCGA.BQ.5892.01,0.21444324947148,0.143330310444625,2.48682625337777e-06,0.0973540686894823,0.544869884568159,0.724645926716776
TCGA.BQ.5875.01,0.251137258681543,0.0428932550767162,0.0347965849810132,0.0532712126275691,0.617901688633159,0.65403100194815
TCGA.HE.A5NJ.01,0.81103658079331,0.0401860118170453,0.0510208507236395,0.0977257547394551,3.08019265496909e-05,0.421536103802785
TCGA.G7.6790.01,0.491957961113891,8.02732899448852e-06,0.0345461312475129,1.46019612204748e-06,0.47348642011348,0.509089116732696
TCGA.B9.A5W9.01,0.608635761405077,0.0136234108128356,0.109382557447321,0.0756141408754959,0.192744129459271,0.693014886921314
TCGA.GL.8500.01,0.595741490852059,1.24620228465309e-05,0.12201405015077,0.05381658421188,0.228415412762445,0.658560574103727
TCGA.V9.A7HT.01,0.669569500408856,3.45337867060118e-05,0.104096545968123,0.114037721530492,0.112261698305824,0.619815048749267
TCGA.P4.AAVK.01,0.31515795414601,0.0312447023363649,0.201654514810539,8.5721062535788e-08,0.451942742986023,0.717033868379592
TCGA.PJ.A5Z8.01,0.62449412816021,8.29701654979913e-09,0.046328015080312,0.259405823994718,0.0697720244677436,0.6040259022292
TCGA.B9.A44B.01,0.285426456166979,0.0609036449284558,0.169314821182752,0.168906988093388,0.315448089628425,0.927861462471619
TCGA.UZ.A9Q1.01,0.257652609820312,0.0437210029781434,0.0324699605637977,4.61043983961917e-06,0.666151816197908,0.53945466741496
TCGA.A4.A772.01,0.717359251842958,7.75260140755694e-08,0.20903476271548,7.62071292169167e-08,0.0736058317084191,0.470677613136023
TCGA.5P.A9KH.01,2.52560614738603e-06,0.689368267047965,0.101333834383751,1.92804046595109e-05,0.209276092557476,0.50700237634769
TCGA.UZ.A9PJ.01,0.78791839351867,0.15650923384375,0.0555691026235989,1.33787917926792e-06,1.93213480187355e-06,0.396860591852062
TCGA.2Z.A9JM.01,0.644192622551708,0.00182656819547106,0.246795206066051,0.0412706185802262,0.0659149846065441,0.590841999059868
TCGA.A4.8518.01,5.56280772097902e-06,4.85120390862239e-06,0.00424952941165375,4.15163686655821e-06,0.99573590493985,0.0171734244359718
TCGA.BQ.7059.01,0.725267541006394,0.035437884733274,0.0517823754851655,0.0274884088039777,0.160023789971189,0.557130203519663
TCGA.B3.4103.01,0.795010126709726,0.00625011924253178,0.00048678662361212,0.026605434380746,0.171647533043384,0.383235594873363
TCGA.BQ.7062.01,0.711305954147036,0.0980795106997932,0.147549220022984,1.44209641883602e-05,0.0430508941659985,0.55172532142727
TCGA.Y8.A8S1.01,4.2306583322523e-05,0.00285442821733261,0.424735415055397,0.0370074966733091,0.535360353470639,0.5202732569698
TCGA.2Z.A9J1.01,0.59741510460838,0.0295829236458985,0.275979043204507,4.70817080182669e-05,0.0969758468331958,0.617575024114258
TCGA.BQ.5891.01,0.511107195719916,2.84902001011213e-05,0.0140472023301849,0.173296172477676,0.301520939272122,0.663896779393892
TCGA.Y8.A8S0.01,0.856802876629738,0.0192389759309898,0.0915925624231774,0.0154056102047235,0.0169599748113709,0.348445719920081
TCGA.DW.7837.01,0.72914616713257,0.0219349087535501,0.11589019890114,1.7620383047205e-07,0.133028549008909,0.517081692611902
TCGA.P4.AAVM.01,0.165551035306184,2.24239653822797e-06,0.150909123600995,4.17596973963007e-07,0.683537181099309,0.523924496871182
TCGA.GL.A9DE.01,0.211680141779645,0.0223086435939506,0.0587520180404424,3.32532518008891e-06,0.707255871260782,0.512628470078428
TCGA.B1.A656.01,2.78289285845431e-09,6.24049973847695e-09,0.667590785220016,0.0679553927953859,0.264453812961205,0.499697881210867
TCGA.BQ.7053.01,0.507069427303142,0.0740768693529477,0.0775648566153346,0.0990879484263611,0.242200898302215,0.812681600471212
TCGA.2Z.A9JQ.01,0.248173547426616,0.0431386976753144,0.708687753903794,1.77927823096669e-10,8.16347752376047e-10,0.450772571283431
TCGA.EV.5902.01,0.701686788494672,0.0331442596067149,0.102164912523805,0.0744658134238479,0.0885382259509604,0.622964639629243
TCGA.MH.A857.01,0.0803230690246013,0.424082721319217,0.108373753713416,1.22638619650352e-05,0.387208192080801,0.729872151291313
TCGA.IZ.8196.01,0.877913916597905,0.0584967325430488,0.000477267159376187,0.0629907545036575,0.000121329196012984,0.285359619066469
TCGA.DW.7842.01,0.875390888255253,0.0777634622691287,4.96069771532937e-05,0.046796042498266,1.99403386665303e-13,0.285127307642551
TCGA.SX.A7SM.01,0.354674398768631,0.00769298302842064,0.188539806666895,0.171602350613794,0.277490460922258,0.856105979872413
TCGA.UZ.A9PZ.01,0.746411320938892,2.09659051268266e-05,0.240840607689187,0.0127006415996363,2.64638671584349e-05,0.383445554998659
TCGA.J7.8537.01,0.164877190745414,1.98059784050846e-05,0.0496042649585708,0.411109883362074,0.374388854955536,0.732967359150913
TCGA.A4.A48D.01,0.0420415574805914,0.00117577979019953,0.193021827539686,2.49965997994374e-07,0.763760585223526,0.412886369737723
TCGA.IA.A83S.01,0.253399186085822,0.0513008007710194,0.2640294810248,0.0641344264949479,0.36713610562341,0.867307538512387
TCGA.UZ.A9PR.01,0.825327197814476,0.0322590395762006,0.0894022869915477,0.0295068791427825,0.0235045964749931,0.420769398837571
TCGA.B3.3925.01,0.820607905302663,0.0373348035511676,0.00144534144111028,0.0414637644149384,0.0991481852901207,0.40732618981751
TCGA.A4.7734.01,0.775780262203221,0.079241306530074,2.66512960033009e-07,0.144977345213688,8.19540057422238e-07,0.421171507862073
TCGA.DW.7841.01,0.710103432324442,0.0168499792387161,0.261065179540903,0.0119811091317255,2.99764212749461e-07,0.444581352464525
TCGA.G7.A4TM.01,0.70625634828483,0.0469465225211383,0.180802936314017,0.0658652829630689,0.000128909916945449,0.546010928900069
TCGA.IA.A83W.01,0.662071129736853,0.0661984189834591,0.135663327483728,0.136062148944347,4.97485161363657e-06,0.618362524335414
TCGA.DZ.6131.01,0.341402440095083,0.0387870299647878,0.0783483503599388,0.128110087227707,0.413352092352483,0.820718994925621
TCGA.HE.7130.01,0.0904208044033196,0.0614328384156825,0,0.848146357180998,0,0.328303465428913
TCGA.AL.3466.01,0.254524780164323,2.12913378608936e-06,0.0630622060334535,0.471900214776765,0.210510669891673,0.748710091407284
TCGA.BQ.5878.01,0.223664476967343,0.0133096998814408,5.85161466028136e-07,0.426165525357705,0.336859712632045,0.697435893818925
TCGA.BQ.7060.01,0.524922707193923,0.00663618266312853,0.0368924954246425,1.41167887649811e-07,0.431548473550418,0.531861269605174
TCGA.P4.A5EB.01,0.144506965662558,1.63176624105724e-08,0.0411800685213772,0.185392021368799,0.628920928129604,0.630651632762937
TCGA.2Z.A9JR.01,0.685100844947421,0.0266940483145443,0.176600101628481,2.59956612055595e-07,0.111604745152941,0.563395304388796
TCGA.BQ.5885.01,0.0612152751461773,6.17467476268802e-06,0.323376825554807,0.375046672354726,0.240355052269527,0.774563412197071
TCGA.2Z.A9J3.01,0.706738808105254,0.018271574742838,0.16977231525421,0.0950982534835324,0.0101190484141654,0.552816321475751
TCGA.BQ.7044.01,0.286932066138723,0.0195659793305623,0.144828804497653,0.208521906974171,0.340151243058891,0.875310101383415
TCGA.B1.5398.01,0.20403225478494,3.47811285553605e-05,0.0130403749059012,0.16179837646419,0.621094212716413,0.603790563432412
TCGA.BQ.5880.01,0.134684954968751,0.0219694554256374,0.208082802709847,0.139065120145669,0.496197666750096,0.809368283019602
TCGA.B3.4104.01,0.299645669420471,0.0488743683321015,0.064341997094102,0.587137810390468,1.54762858000494e-07,0.619982014392045
TCGA.BQ.5890.01,0.29482175604944,0.0125959252169905,0.228119153823667,0.100852473816823,0.363610691093079,0.839761698791649
TCGA.2Z.A9JT.01,1.83052192194045e-05,3.04891926198665e-05,0.973308710310269,0.000130630172035307,0.0265118651058567,0.0772065870766683
TCGA.F9.A7Q0.01,0.601514169442708,0.0363993219121111,0.181499325152792,0.180587075046294,1.08446095321003e-07,0.649397239811598
TCGA.BQ.5876.01,0.237663696338872,0.000268466486057581,0.000208516649384494,0.204358389297279,0.557500931228407,0.61867121221946
TCGA.IA.A83T.01,0.596851088632257,1.8349861112628e-05,0.403120673134837,6.19276774655071e-06,3.69560404665359e-06,0.419146953118394
TCGA.EV.5903.01,0.78348299415358,0.073745316911038,0.00238745777213404,0.140381164907372,3.0662558752625e-06,0.418478701501326
TCGA.KV.A6GD.01,0.534345614820692,0.14263876420001,0.260516960207889,1.14103737895095e-06,0.0624975197340309,0.706071064340552
TCGA.P4.AAVO.01,4.4713970991655e-08,0.000264754269227437,0.355404932967249,0.288631496848479,0.355698771201074,0.681093245037092
TCGA.B1.A655.01,0.37381595639139,0.0231101074078775,4.25927296240256e-06,0.0443734621394982,0.558696214788271,0.570649227536674
TCGA.IZ.A6M8.01,0.0898926941011287,7.88265184888365e-08,0.666384672088886,6.09063536120784e-07,0.243721945919931,0.516404233143274
TCGA.2Z.A9J2.01,3.86800095023622e-06,2.13803646726347e-06,0.506017638387667,8.37206996682814e-05,0.493892634875247,0.431183631999461
TCGA.SX.A71S.01,0.822696426079359,0.0720978566667593,0.0476588318989849,0.0575451645773269,1.72077757001756e-06,0.409798667210261
TCGA.P4.A5E7.01,0.715447369355895,0.0966807982198895,0.0331604876320692,0.128284930507718,0.026426414284428,0.582721077360203
TCGA.G7.6795.01,0.634715169625787,5.03379932679685e-07,0.310048138870927,7.47808859444532e-07,0.0552354403144943,0.50426990419064
TCGA.B9.A5W8.01,0.563338699733126,7.88960832450294e-05,0.133101600700886,0.100287729798413,0.203193073684329,0.712603053261159
TCGA.MH.A560.01,0.112885221836469,0.0371811164001431,0.315567084304852,1.35831242602948e-05,0.534352994334275,0.663365166291304
TCGA.DW.7836.01,0.737860883318185,0.0409805149485519,0.134894163042326,0.0862617375043492,2.70118658725157e-06,0.519973401405586
TCGA.AL.3467.01,0.684940990280861,0.180252216668146,2.55673229564767e-09,0.134806781365045,9.12921516157636e-09,0.520791894166672
TCGA.G7.6796.01,0.428299212733417,0.0552651368925862,0.342711842437908,0.0370784025348991,0.13664540540119,0.797999809890466
TCGA.A4.A5XZ.01,0.540905877461924,1.27643769580737e-05,0.0796679842619626,9.68031079801592e-06,0.379403693588357,0.560381665618143
TCGA.GL.6846.01,0.693151483536003,0.0168910293260105,0.00252800088152527,0.106322124071837,0.181107362184625,0.550406121719232
TCGA.Y8.A894.01,0.77682825736254,0.0921481170994757,0.0371106602848768,0.0464101687423914,0.0475027965107157,0.512823647343609
TCGA.B9.A8YI.01,0.0323566428360811,0.0107447187170021,0.116191171026793,0.0420922142668146,0.798615253153309,0.449075837451089
TCGA.DW.7963.01,0.485942278227391,0.00562345280389996,0.139445561261796,0.0270098203063686,0.341978887400545,0.695294773678642
TCGA.A4.A7UZ.01,0.573470961588512,0.0186708319251699,0.162646365528926,0.245056803846685,0.00015503711070676,0.642815410229924
TCGA.GL.A59R.01,0.784668239992437,0.059505138172221,0.103913852917267,1.7991534069787e-13,0.0519127689178952,0.464156860523853
TCGA.AL.7173.01,0.241330483483859,0.053485192572803,0.314335039945367,0.338549629006632,0.0522996549913389,0.860223580241277
TCGA.BQ.5893.01,1.26023567376452e-07,0.0611572722903662,0.101240800560807,0.675904941063811,0.161696860061449,0.597806210169592
TCGA.B9.7268.01,0.792269507961849,2.11767245875787e-06,0.086449443922324,0.0107940474487751,0.110484882994593,0.427741803594437
TCGA.BQ.5894.01,0.137879293570263,0.0365119545076037,0.0464430007773314,0.779165750956615,1.88187638111598e-10,0.454217057372511
TCGA.HE.7129.01,0.80744396034557,0.0413497827096348,0.0242761273381266,0.020470484438185,0.106459645168483,0.442864819332296
TCGA.2Z.A9J5.01,0.355795343962228,1.25706225777318e-06,0.526665161382181,1.56651130774751e-06,0.117536671082025,0.594652303731489
TCGA.J7.6720.01,0.719402607620141,6.24032428537288e-05,0.162269960853279,0.0362800058035252,0.0819850224802011,0.533105148019332
TCGA.2K.A9WE.01,0.606236168366349,0.0316712202537944,0.315501184263469,0.0215790871143328,0.0250123400020548,0.591352823674711
TCGA.BQ.7050.01,0.35039065370928,0.00950003851215418,0.0488407258821179,3.12683656103804e-07,0.591268269212792,0.540474748897045
TCGA.2Z.A9J9.01,0.207907978704581,0.412950614421052,0.0776042309471269,0.301537145464144,3.04630969907658e-08,0.777691512423332
TCGA.Y8.A897.01,0.685931387265824,0.0255505444826875,0.104656618642556,0.00341999165263439,0.180441457956298,0.569697250859429
TCGA.BQ.7045.01,0.518626581547637,0.0636889960104016,0.134200968036011,0.177790701697276,0.105692752708674,0.826385124885326
TCGA.A4.A4ZT.01,0.789746201932673,0.00200383611693184,0.0437469197031914,0.00829978755325672,0.156203254693947,0.413521814845858
TCGA.5P.A9KA.01,0.694198396506736,0.228841444901426,0.0750312609069118,0.00192721039684075,1.68728808500821e-06,0.49535899824469
TCGA.5P.A9JU.01,0.310117921907957,0.0282735623219526,0.192539146121496,0.064922043133296,0.404147326515299,0.823136272882515
TCGA.WN.AB4C.01,0,0,0.552089448883036,0,0.447910551116964,0.427298682937617
TCGA.Y8.A8RZ.01,0.0384478141088631,1.05995216895339e-05,0.227040981187695,0.314268438482574,0.420232166699179,0.739454415654485
TCGA.5P.A9JV.01,0.30493733351537,0.244066556627756,0.0737906201414116,0.237288662449026,0.139916827266436,0.941456626659886
TCGA.UZ.A9PN.01,0.431375738785201,0.0327492080976686,0.0452605244579897,0.419003160403716,0.0716113682554238,0.725741691602759
TCGA.MH.A55Z.01,0.663829735033258,0,0.27026610952653,6.07486216209136e-05,0.0658434068185912,0.500366033804428
TCGA.B1.A47O.01,0.399994515110518,0.0856499752117752,0.36266325672391,0.0958221903332115,0.055870062620586,0.826835612098094
TCGA.BQ.5881.01,1.02043831582199e-06,0.0105624676000677,0.592341601159717,1.89149239782364e-06,0.397093019309502,0.450495535097603
TCGA.GL.A4EM.01,4.12417761905981e-06,0.00300052918221182,0.108016209025227,0.206384389370874,0.682594748244068,0.524529398276067
TCGA.B3.8121.01,0.753666732716608,2.99569199514255e-05,1.69000177253132e-05,0.194210332792531,0.0520760775531839,0.42611172269447
TCGA.Y8.A8RY.01,0.790891864031767,0.008216448705276,0.160750455090907,5.03795904420259e-08,0.0401411817924595,0.402560255609139
TCGA.2Z.A9JD.01,0.338047462819226,0.0551230477813894,0.105663460300838,1.20695372624875e-05,0.501153959561284,0.689822060817327
TCGA.P4.AAVL.01,0.476213340764146,0.00868949108478967,0.29860894137171,0.216440134260754,4.80925186005428e-05,0.675494678708989
TCGA.AL.3472.01,0.649752148188359,0.0874522413417088,0.262579345636387,0.000213792370297524,2.47246324738323e-06,0.525774687286327
TCGA.B9.A8YH.01,0.797794835695951,6.70319339378429e-07,0.109453925001462,8.32236921183478e-07,0.0927497367463264,0.399475301233947
TCGA.A4.8310.01,0.59328022750536,1.09542116174194e-05,0.0935184820352871,0.0554677379900703,0.257722598257665,0.647008338838103
TCGA.EV.5901.01,0.720812768017915,0.142439366877221,1.05340362162972e-05,0.13672549620715,1.18348614977165e-05,0.488292664369124
TCGA.A4.8515.01,0.728763569060053,3.55874915367288e-06,0.045559595603802,5.19367308416584e-06,0.225668082913907,0.439510119753651
TCGA.5P.A9K9.01,0.239107078017105,2.84538031144626e-06,0.121729999429799,0.368159731443307,0.271000345729477,0.820302165351758
TCGA.B1.A47M.01,0.598287853633137,0.00629717693544126,0.294271444356776,0.0916943071545481,0.00944921792009739,0.597939213032388
TCGA.GL.A59T.01,0.594184659078002,4.211708936797e-05,0.215876199741308,0.0226190891024765,0.167277934988846,0.637177410297267
TCGA.BQ.7046.01,0.591158083899041,2.07064843775923e-07,0.058953758158383,0.0126255693053566,0.337262381572375,0.558843797858623
TCGA.UZ.A9PM.01,0.475783291466755,0.0140042995767047,0.308377353028123,0.00606480249625277,0.195770253432164,0.699744948827422
TCGA.HE.A5NL.01,0.733672638422882,1.63803210604381e-05,0.160028143098445,4.47864278937182e-05,0.10623805172972,0.471762031826892
TCGA.BQ.7049.01,0.401529106986033,0.219812797009015,4.1082394344232e-06,0.378649999356677,3.98840884055753e-06,0.663101675380364
TCGA.A4.8517.01,0.597146143254321,0.082675691405859,0.0850806073469148,0.000124808227222679,0.234972749765682,0.661760523490103
TCGA.P4.A5EA.01,0.103936441054456,0.02900107691054,0.306614707045107,0.560034526823185,0.000413248166711519,0.638954726973643
TCGA.HE.A5NK.01,0.475027684569497,5.83061457600645e-06,0.231076974566031,0.29388267411415,6.83613574615395e-06,0.653746117596281
TCGA.MH.A562.01,0.442715536781022,5.26020656859242e-05,0.557140426070534,3.35517537894137e-05,5.78833289682428e-05,0.427514622975339
TCGA.B9.5156.01,0.731283447886796,0,0.00463195934942513,0.0663245219197098,0.197760070844069,0.468620263433127
TCGA.MH.A854.01,0.302521009969477,0.146758191859079,0.503806438498518,0.0469143593920216,2.80904682598271e-10,0.703501702965639
TCGA.4A.A93W.01,0.654464545967425,0.0564163574134086,0.219667473603879,0.0694497254037618,1.89761152626223e-06,0.595141930840121
TCGA.B3.3926.01,0.714556731184648,0.00910615550351287,3.10417692941674e-05,0.189635981059387,0.0866700904831579,0.503610702350687
TCGA.BQ.5886.01,0.143157073351817,0.000829041898536532,0.402335406930976,0.0125804708822508,0.441098006936419,0.662683245736636
TCGA.MH.A55W.01,0.791907274659026,1.72123792474187e-09,0.0570748346997657,0.0151294503138265,0.135888438606144,0.424260000378702
TCGA.A4.7997.01,0.687507678459068,0.103616964872953,1.06538571048513e-06,0.101529297847106,0.107344993435163,0.599164712161587
TCGA.Y8.A896.01,0.630077969278708,1.76325146336351e-07,0.156367363599108,0.211504130665641,0.00205036013139616,0.573153693317163
TCGA.AL.A5DJ.01,4.9453015856822e-06,5.42953212253495e-06,0.498291316082421,0.495745430593356,0.00595287849051462,0.450830703372912
TCGA.G7.A8LE.01,0.71205832786435,0.27834378541677,0.00935101321547266,1.75394299279544e-05,0.000229334073479557,0.399884698430017
TCGA.B1.A47N.01,0.679589948777916,0.00356547996868294,0.316781869589974,4.99380765813382e-05,1.276358684491e-05,0.402246904085327
TCGA.2Z.A9J8.01,0.0214471656648036,5.01832471776256e-05,0.132186184553206,0.341768651491644,0.504547815043168,0.660151212398243
TCGA.A4.7732.01,0.804940904067531,5.96809335757418e-08,0.176436113657035,0,0.0186229225945006,0.344794175205407
TCGA.UZ.A9PS.01,0.616607214625906,0.00917345764843024,0.0647853428146043,0.116017433593496,0.193416551317563,0.674860526083414
TCGA.UZ.A9PU.01,0.840489206174887,0.00235204166360792,0.0801772126256592,0.00765944075967425,0.0693220987761712,0.363451369734599
TCGA.F9.A7VF.01,0.42083100028926,0.00407337097457673,0.564712549587777,1.02201862439613e-09,0.0103830781263682,0.47021399211662
TCGA.B9.A5W7.01,0.671530139638887,0.0183303627092385,0.152324187694538,0,0.157815309957337,0.570833992371291
TCGA.2Z.A9J7.01,0.40119653824455,0.0118241390294602,0.45667480092537,0.129956732349999,0.000347789450620951,0.649153979881214
TCGA.UN.AAZ9.01,0.640104460865733,0.00775081910906496,0.0610016949175049,0.208825453166813,0.0823175719408839,0.637789505297096
TCGA.DZ.6135.01,0.821413670290961,0.0936275066369816,3.98112751646391e-07,0.0523988393418776,0.0325595856174278,0.403479541842964
TCGA.A4.A6HP.01,0.525302839220305,2.79570641172446e-06,0.474688409019192,1.41983897110028e-06,4.53621512097997e-06,0.429950773889057
TCGA.BQ.7055.01,0.115525310564431,0.536005666199377,0.100003829404729,2.43930673115884e-07,0.248464949900791,0.72064674467805
TCGA.DW.7838.01,0.539495453587806,0.01518269102797,0.0374851756771262,0.1713862002007,0.236450479506398,0.722531596332244
TCGA.DZ.6134.01,0.57419031073713,0.0663020188958057,0.0155822031300054,0.0630635238338956,0.280861943403163,0.679905201030577
TCGA.HE.7128.01,0.795166629030294,0.0260893479782754,1.18061697221741e-06,8.78355850842973e-07,0.178741964018608,0.363587305311665
TCGA.A4.A57E.01,0.0298750513417305,2.34308716281112e-06,0.134422133750805,0.365742869144882,0.46995760267542,0.681860546408922
TCGA.AL.3468.01,0.6840030898494,0.0216693136483777,0.100392319210926,1.41899122695546e-06,0.193933858300069,0.554043614403754
TCGA.5P.A9K2.01,0.595935038977068,4.0174265296651e-05,0.38555049410148,0.0183671867994705,0.000107105856684228,0.466457648050692
TCGA.5P.A9KE.01,0.339833009718266,2.78683634967091e-06,0.259365487884073,0.0250995081439715,0.37569920741734,0.731387112777266
TCGA.2Z.A9JS.01,0.816630586185952,0.0203301292710449,0.0698304037139129,0.0674155507842918,0.0257933300447986,0.439062352004395
TCGA.IA.A40U.01,0.494549296229869,0.0160769072473865,0.22495198209637,0.0920793399797906,0.172342474446583,0.790873887672991
TCGA.SX.A7SP.01,0.543111520149421,0.000218774915948966,0.221767793206021,0.0408775274101635,0.194024384318445,0.693558395091743
TCGA.UZ.A9PL.01,0.697254635703251,0.0203457620544321,0.24750294076559,0.0336541726881816,0.00124248878854455,0.496278364231647
TCGA.2Z.A9JO.01,0.0944145312889219,0.0683957844691942,0.148444720863223,0.0641522373742002,0.624592726004461,0.720511398159902
TCGA.G7.A8LC.01,0.550973516256275,0.0211812902827616,0.309694841111183,0.0677130310934157,0.0504373212563645,0.687228582864766
TCGA.A4.8516.01,0.633303965516897,0.00617000703343494,0.151473710408289,0.000117454509961354,0.208934862531418,0.580806215446022
TCGA.BQ.5884.01,0.308351648370919,0.0305313282614587,0.000171756234043919,5.38646496689651e-06,0.660939880668612,0.462614045113808
TCGA.SX.A7SQ.01,0.752590474005115,0.00374106477563147,0.0942706287288118,0.0987001618656321,0.0506976706248098,0.520167640842972
TCGA.2Z.A9JJ.01,0.312334098330231,0.235431412923568,0.00243402662618249,0.449797021190552,3.44092946562336e-06,0.669818596632382
TCGA.5P.A9K6.01,0.501451430362659,0.00768496049050308,0.243357866361454,3.20461201648763e-06,0.247502538173368,0.666751950431309
TCGA.A4.7585.01,0.0755093714040847,8.15093696029042e-06,4.39932213118896e-07,0.20579744563844,0.718684592088302,0.470923945608753
TCGA.A4.7915.01,0.032808080989141,0.219316744442098,3.84630293170557e-06,0.747869816973065,1.51129276378111e-06,0.411452787891583
TCGA.A4.7828.01,1.54154437266889e-08,0.906344106775286,0.000420949953082562,0.0932348361538083,9.17023790602151e-08,0.194858341395328
TCGA.IZ.8195.01,0.440750308034847,0.0259972276998587,0.138405300171743,0.0857093536114895,0.309137810482061,0.809707772553605
TCGA.BQ.5882.01,0.105494976955316,0.00943302102214479,0.0334162802995753,0.21479530366131,0.636860418061654,0.629136479554395
TCGA.F9.A97G.01,2.17202636498708e-06,5.3255740905669e-07,4.89781800869105e-08,0.0652121824938336,0.934785063944212,0.149812459525806
TCGA.2Z.A9JG.01,0.618476546846189,2.13128772388357e-07,0.11206046551251,0.0587299814412239,0.210732793071305,0.64437467090896
TCGA.2Z.A9JI.01,0.399908113634603,7.92355377685447e-06,0.190269304403372,0.250728665499916,0.159085992908333,0.821179338146231
TCGA.B9.5155.01,0.887811763829045,0.0206298883650401,0.0150364707697355,0.00430187883836134,0.0722199981978178,0.287093609648696
TCGA.BQ.7056.01,0.401312805032591,0.0545552312021608,0.183669412180752,0.0988586992940917,0.261603852290405,0.879739475116911
TCGA.SX.A71V.01,0.569969170375999,4.10835695229396e-06,0.102649973792809,9.77415870345318e-07,0.327375770058369,0.571456856547439
TCGA.BQ.7061.01,0.350749904716676,0.0221213336569643,0.0364170465810876,0.110713919720732,0.479997795324541,0.72596055875943
TCGA.2Z.A9J6.01,0.547444592628765,5.83354244520482e-05,0.247287013715414,7.66910417239799e-05,0.205133367189645,0.622322274104901
TCGA.SX.A7SL.01,0.63975237979912,0.00434549607498821,0.301540935937402,0.0321477156621453,0.0222134725263443,0.538057061791897
TCGA.GL.7773.01,0.616895050893471,0.134055607324171,0.0459407870445151,0.203103282102282,5.27263556033101e-06,0.641661881207149
TCGA.KV.A74V.01,0.18170730230866,9.87778768070316e-07,0.317944782485446,3.62179023654827e-06,0.50034330563689,0.634214570357937
TCGA.A4.7286.01,0.39346457157527,2.73345314392748e-06,0.214627140265255,3.04049499841664e-06,0.391902514211332,0.661395224291621
TCGA.SX.A7SU.01,0.752986075004891,0.0360657096799233,0.196542862688186,0.0141096590081236,0.000295693618877091,0.4447062021448
TCGA.SX.A71U.01,0.686518884589955,3.31406013055187e-05,0.156838616097772,0.0528221408921892,0.103787217818778,0.58378604020967
TCGA.B3.A6W5.01,0.680768395396721,9.53295978287103e-06,0.112572179724098,8.41819789582517e-06,0.206641473721502,0.517999713694539
TCGA.G7.6793.01,8.41530481727193e-05,0.212794212461899,1.8531878535558e-05,0.786994730937069,0.000108371674323672,0.322955494441994
TCGA.DZ.6132.01,0.783089365005306,0.000158256577932046,2.95185847097917e-07,0.216749306462959,2.77676795559586e-06,0.325771859842925
TCGA.BQ.5887.01,1.55707331471074e-06,4.19402934294659e-13,8.83758504605383e-13,0.692393202331567,0.307605240593815,0.383483543437842
TCGA.G7.6797.01,0.763273377219309,0.0595547434000383,0.0209380763142177,0.0388638537789706,0.117369949287464,0.517453938728275
TCGA.DZ.6133.01,0.733842401796996,6.37347090608867e-06,2.5325408813739e-06,1.17593786781981e-06,0.266147516253349,0.360076773006709
TCGA.BQ.5888.01,0.399759605196889,0.0506007596856984,0.372855461722372,0.176783929419722,2.43975318686105e-07,0.740447291342919
TCGA.B9.4116.01,0.710519913458624,0.025594984188813,0.0298579496416026,0.234024739333925,2.41337703524583e-06,0.485506910011353
TCGA.Y8.A895.01,0.810607233235735,4.93517558060059e-07,0.16087175542452,2.78290223923294e-07,0.0285202395319633,0.351428835462873
TCGA.5P.A9JZ.01,0.614487714091433,0.00763898586286783,0.176021099787281,0.0325604454640871,0.169291754794331,0.655159855428214
TCGA.2Z.A9JN.01,0.157130514392965,0.328991318615628,0.0629082451927304,0.220475453084177,0.230494468714499,0.933346916794365
TCGA.DW.7834.01,0.706083449064537,0.09376698052638,0.195443005786805,0.00467878062768754,2.77839945896205e-05,0.504600641400186
TCGA.4A.A93X.01,2.20969801108862e-07,3.67458945502143e-07,0.238302527846733,0.257787448278817,0.503909435445704,0.644079667221895
TCGA.B1.7332.01,0.681682605404235,0.0249115875332963,0.162401554318998,7.87807458453754e-08,0.131004173962726,0.568312758248413
TCGA.5P.A9K3.01,1.66829644236369e-07,2.42119821575447e-07,0.326227630660448,0.293862767750027,0.379909192640059,0.679116017282049
TCGA.B9.4113.01,0.895331655281633,0.00101558200427844,0.0293117028620763,0.040571823351588,0.0337692365004238,0.28201703089922
TCGA.5P.A9K4.01,0.67967197389371,0.0148632032586894,0.185855099532345,0.117226588483212,0.00238313483204447,0.561344313493119
TCGA.O9.A75Z.01,0.721139813542398,0.0664508351148245,0.12488901443738,0.08675370736393,0.000766629541467354,0.555050505252137
TCGA.A4.7996.01,0.747799523547506,5.69283942681716e-07,0.00933034973798675,0.028343163437647,0.214526393992918,0.430070006702751
TCGA.B9.A69E.01,0.199488740654881,0.130213662846135,0.195411933546804,0.153200694987437,0.321684967964743,0.968238360811798
TCGA.A4.A5Y0.01,0.0849016264830159,0.000185942015905579,0.188648821577582,0.333244148102845,0.393019461820651,0.782175504979399
TCGA.B9.4617.01,0.641698136422365,1.53501749345327e-06,0.243605392626288,1.49212922482426e-09,0.114694934441724,0.544968034335441
TCGA.A4.8098.01,0.358702455265199,1.28626775153515e-05,0.126110145852062,0.25772518115007,0.257449355055154,0.825016883797227
TCGA.UZ.A9PO.01,0.372463182646769,3.79304861256341e-07,0.0820023494806712,4.7842787095207e-06,0.545529304288989,0.561434381728049
TCGA.G7.6792.01,0.713174903611762,0.229269711609117,0.00155470893390724,0.056000675704266,1.40948087023029e-10,0.466140482459547
TCGA.BQ.7058.01,3.83646886243938e-05,0.0509549814418609,0.270755194245473,0.045968675255555,0.632282784368487,0.582346381734015
TCGA.J7.A8I2.01,0.12061376581136,0.0279209769909288,0.338609915129952,0.512854195150272,1.14691748746458e-06,0.661220540372971
TCGA.BQ.7051.01,0.464513939419485,2.53734153744197e-05,0.0136148211142883,0.118119205965475,0.403726660085377,0.642109374918103
TCGA.UZ.A9PK.01,0.778685786048854,0.0275940621747315,0.149176799392147,6.79977181674658e-05,0.0444753546661002,0.445358526034111
TCGA.A4.7584.01,0.697515506878793,0.000279703740478538,0.0594338660551745,4.47734282097727e-06,0.242766445982733,0.475357864608343
TCGA.BQ.5877.01,0.499711393607606,0.0324143975823511,0,0.395194990340062,0.0726792184699806,0.630809431014867
TCGA.AL.3473.01,0.240346130318482,0.0406272749301111,0.313178808900681,0.0817407299222354,0.32410705592849,0.873754053678398
TCGA.5P.A9JY.01,0.584354028946591,7.94594985967917e-05,0.339156165662792,0.000249468850969469,0.0761608770410498,0.546524893242008
TCGA.5P.A9JW.01,0.135589481223609,8.98706600347923e-06,0.340504605549189,0.139383164989759,0.38451376117144,0.79532800736331
TCGA.A4.A5DU.01,0.706537847555751,0.00024161005761985,0.18219757435299,0.0303714536135095,0.0806515144201293,0.538600840549895
TCGA.SX.A7SR.01,0.754920834820186,4.32993249909251e-08,0.107091499546034,2.52666006485244e-05,0.137962355733807,0.450486992550548
TCGA.G7.A8LB.01,0.593774396475073,0.000211175824496385,0.402583717373133,0.0027517206820039,0.000678989645293296,0.434165993750302
TCGA.G7.A8LD.01,0.601337122946554,8.5610727921484e-08,0.0111919142225626,0.35675839225345,0.0307124849667051,0.516208439419695
TCGA.MH.A561.01,0.752276772852751,0.0750921006539172,0.161095327657537,0.00367665198289111,0.00785914685290454,0.473066051830961
TCGA.HE.A5NH.01,0.772369580509535,0.0653568384202553,0.0273997086384389,0.0645375806329638,0.0703362917988073,0.521870038575894
TCGA.Y8.A898.01,0.544326411086657,6.13788811248394e-13,0.384230182288318,2.1809781118862e-07,0.0714431885265998,0.551195811747226
TCGA.2Z.A9JK.01,0.242772769301849,0.112829503259013,0.0921595838775849,0.302961133398296,0.249277010163257,0.942975741727906
TCGA.GL.7966.01,0.282633609759247,0.0549525739821452,0.0189097104747138,0.588099559978289,0.055404545805605,0.661158607651013
TCGA.B9.4117.01,0.794006065037199,0.0119605328519703,0.000676163317469168,0.0775127941357264,0.115844444657635,0.428069375461754
TCGA.5P.A9K0.01,0.550038634763922,0.00397328165740447,0.235387859659206,0.0124753625002687,0.198124861419199,0.662766249875519
TCGA.5P.A9KC.01,0.22354178817528,2.01887465928788e-07,1.26379579745796e-06,0.152152551747587,0.62430419439387,0.568847870823606
TCGA.SX.A71R.01,0.699327145130952,5.65568325792297e-08,0.300488432105045,1.46054728866995e-05,0.000169760734283739,0.380899035574911
TCGA.P4.A5ED.01,0.216128708248737,0.288731067532626,0.251220138200789,0.243786602080215,0.000133483937632925,0.858741294833969
TCGA.SX.A7SN.01,0.690754767232832,0.0377543428931436,0.236926411915148,0.0345633708473295,1.10711154647463e-06,0.519909291827984
TCGA.5P.A9K8.01,0.100537195935824,0.366902262587283,0.158313368887217,2.40244914262764e-05,0.37422314809825,0.782083852123151
TCGA.IA.A40X.01,0.461038863459024,0.0348169398619406,0.194961056551285,2.46005115937168e-07,0.309182894122635,0.717986822943831
TCGA.WN.A9G9.01,0.398229045437391,0,0.437060340465478,0.0569915199730503,0.107719094124081,0.70316693958803
TCGA.A4.7583.01,0.735933789251402,1.35441458020302e-08,0.075752062716265,0.0346556791291985,0.153658455358989,0.512874286756325
TCGA.UZ.A9Q0.01,0.647598940393775,0.0024222991945291,0.331774595092303,2.3329896258468e-05,0.0181808354231348,0.456752005593349
TCGA.P4.A5E6.01,0.162081829572244,1.64553307118367e-05,0.306911490035924,0.215510148632314,0.315480076428806,0.840260410675532
TCGA.KV.A6GE.01,0.534455083535226,1.45174457689984e-06,0.37141036903798,1.06807468928745e-05,0.0941224149353246,0.574903028881736
TCGA.2Z.A9JE.01,0.536964828731021,0.0116500671416144,0.360243645092213,0.0305344333737296,0.0606070256614217,0.639976087449706
TCGA.DW.5561.01,0.747178224553517,0.00767786376651404,0.245132047179791,1.10394288416418e-05,8.25071335954628e-07,0.37276114698415
TCGA.AT.A5NU.01,0.823552989675978,0.0345599377805972,0.135647044579775,2.60895097129668e-08,0.00624000187413952,0.35964852148398
TCGA.DW.7839.01,0.735683073587153,0.139505212799864,0.0532805484740531,0.0715270414309886,4.12370794141264e-06,0.525366061913276
TCGA.B9.4114.01,0.543303083734368,0.0157186879136206,0.360032385810802,6.07291230428347e-07,0.080945235249979,0.60147683694654
TCGA.G7.6789.01,1.81966341840337e-05,0.0335135680966585,0.009009939749101,0.957305027751139,0.00015326776891765,0.12398880380422
TCGA.BQ.5883.01,0.139884890718709,0.457490994065055,0.0018264526893912,0.145583938389683,0.255213724137162,0.791265279011048
TCGA.B1.A654.01,0.44313001013207,0.0249012090650945,0.518418454728107,0.0133900705321255,0.000160255542602659,0.529599732790865
TCGA.P4.A5E8.01,0.120444574996554,0.149692455343006,0.102259560667886,0.627603220811862,1.88180692171179e-07,0.661577016972103
TCGA.BQ.7048.01,0.140286926814783,0.149449205854722,0.235315727587627,0.0657667537766779,0.409181385966191,0.897644681085211
TCGA.IZ.A6M9.01,0.497056338700427,0.0443576393258878,0.458411640398638,3.52846053369788e-05,0.000139096969709263,0.524913387728125
TCGA.A4.7287.01,0.245744479994274,0.0681400887425672,0.123470279235281,0.562645091525321,6.05025569000455e-08,0.689546160641677
TCGA.A4.7288.01,0.56702906226969,0.0030713882729107,2.75767638701405e-10,8.61636391526487e-06,0.429890932817716,0.436484977104115
TCGA.BQ.5889.01,0.256329585552263,0.136107878473063,0.217889536102189,0.389610212134946,6.27877375377139e-05,0.820317749846411
TCGA.A4.8630.01,0.744481330331826,2.38109453268164e-07,0.0441923344056051,0.0178815693471834,0.193444527805932,0.464298584743393
TCGA.GL.A9DC.01,0.696326109133387,0.0286913117566854,0.0603183847304458,0.0737249507849197,0.140939243594562,0.616169451658421
TCGA.2Z.A9JL.01,0.736614344368944,0.114267387693626,0.117093772556948,0.0320244953804822,0,0.518436580058635
TCGA.G7.7501.01,0.304666567739566,7.27331236090369e-07,0.0197048182928557,0.248212638490725,0.427415248145617,0.713712492507713
TCGA.HE.A5NI.01,0.687381872722004,1.45218099182425e-05,0.234450227183684,6.21916019111419e-06,0.0781471591242033,0.495324806354093
TCGA.B9.4115.01,0.659847409767562,2.53838562499714e-05,0.286749502246904,0.0501655328231317,0.00321217130615212,0.497905000754998
TCGA.HE.A5NF.01,0.50267186491967,0.000128531230295686,0.0827427939552972,0.0249961597557892,0.389460650138948,0.629141897110376
TCGA.UZ.A9PV.01,0.774774085977032,4.89613277996505e-05,0.130174689763634,0.0221473204439159,0.0728549424876178,0.459052199258268
TCGA.SX.A7SS.01,0.673282956895319,0.0176181980959283,0.251309544079219,4.86616534853396e-05,0.0577406392760482,0.527963331787117
TCGA.IA.A40Y.01,0.431212033322276,1.74921015012493e-05,0.111658821886517,0.414979518416381,0.0421321342733254,0.687267157592607
TCGA.UZ.A9PP.01,0.674457791148261,0.0850179138071043,0.138758370929716,0.0646181151945819,0.0371478089203371,0.651514083667094
