S3,S10,S2,S11,S8,ITTH
TCGA.E1.5319.01,0.862987422046599,2.2620249413632e-05,0.0384477550862438,0.0483903893269647,0.0501518132907786,0.341315014636699
TCGA.HT.7693.01,0.143063120145808,0.0668095833474326,0.000416021568619553,0.743193102250196,0.0465181726879444,0.512908284572956
TCGA.CS.6665.01,0.0576789859656075,0.117952169374597,0.0584697863600052,0.681773256688268,0.0841258016115224,0.653698745005671
TCGA.S9.A7J2.01,0.806973141290873,0.0920627804824408,0.00559560052985378,0.0317822824762628,0.06358619522057,0.43897055534312
TCGA.FG.A6J3.01,1.35018967392339e-05,0.279192366128045,7.09540427302172e-06,1.12152098371955e-05,0.720775821361106,0.368186720090578
TCGA.FG.6688.01,1.68291976504392e-05,0.750683623799046,0.000344971447823285,0.0979138811244847,0.151040694430996,0.454336682041606
TCGA.S9.A6TX.01,0.808137666842524,0.0430554188126759,0.000160848941552344,0.0512159226861849,0.0974301427170629,0.427511961879435
TCGA.VM.A8C8.01,0.235590384620912,0.0384965725723788,0.000234524708075192,0.600522915453723,0.125155602644911,0.642629201929093
TCGA.HT.A74L.01,0.722476580794432,0.0405438489964879,0.000595836488834834,0.21865773004728,0.017726003672965,0.480376475014721
TCGA.S9.A7QY.01,0.690300952119941,0.0800808196683861,0.000433917831484951,0.124025023156393,0.105159287223795,0.59468453769426
TCGA.DB.A4XA.01,0.766547572085391,0.0818514971539536,0.0051621655758136,0.00251988436162346,0.143918880823218,0.453516413430143
TCGA.WY.A85A.01,0.361252330181888,0.133698106538964,0.0113734432438367,0.380435704055535,0.113240415979777,0.809032987863209
TCGA.E1.5311.01,0.769968589574294,2.79879054436099e-08,0.00843186210921841,0.131176174717279,0.0904233456113028,0.450654202719611
TCGA.E1.A7YI.01,0.0591419835892533,0.35787523118375,0.0804122163037243,0.453914707610858,0.0486558613124145,0.772492930454526
TCGA.E1.5305.01,0.316649527062646,0.0730590368629208,0.00298579400642393,0.525385010090308,0.0819206319777011,0.693265311326059
TCGA.F6.A8O4.01,0.230252487756287,0.13217097495453,4.7216404874302e-05,0.515344869924018,0.122184450960291,0.748443976198306
TCGA.HT.8113.01,0.545309049291821,0.0387101958719841,6.29403327108378e-06,0.267274092582525,0.148700368220398,0.678922548489938
TCGA.DH.A66G.01,0.364731309530766,0.142352291363495,0.0233696267596753,0.455867135668727,0.0136796366773371,0.714521204464735
TCGA.HT.7620.01,0.838101355306241,2.89060929867468e-07,3.25090007705469e-06,0.108754276687909,0.0531408280448433,0.338823377867334
TCGA.P5.A731.01,0.320313162252753,0.304722277303401,0.00699425512699508,0.261863706231279,0.106106599085573,0.839050791147465
TCGA.HT.7480.01,0.798649147738109,0.0318331122607419,0.0285061942860421,0.0991676741518442,0.0418438715632633,0.46767241621031
TCGA.HT.7689.01,0.195789937119667,0.0400908168320417,0.0285218194497099,0.663647592389546,0.0719498342090355,0.628258429529009
TCGA.HT.8109.01,0.839974829959275,1.60283415065673e-05,0.0125023417284709,0.125498581350778,0.0220082186199695,0.339184298606866
TCGA.E1.A7YE.01,0.221730447938408,0.148439364605656,0.040360716856918,0.547538870481431,0.0419306001175863,0.75149969678594
TCGA.S9.A7R1.01,0.654683614614193,0.0181563261551234,0.000291242315294859,0.170937627622934,0.155931189292455,0.586669556716419
TCGA.FG.A710.01,0.712889477569664,0.0812884977461502,0.0192241164570186,0.0485434660232105,0.138054442203957,0.584963854743858
TCGA.S9.A7J0.01,0.163023310540567,0.242896751296298,0.00124560403096473,0.543875662210472,0.0489586719216985,0.700056157932563
TCGA.DU.A6S6.01,0.724516455826736,0.127031877086831,0.00167844163323617,0.0470609781256051,0.0997122473275916,0.546789896705854
TCGA.HT.7877.01,0.797578851231997,0.0584599445384056,0.00249249281180446,0.0933251317805481,0.0481435796372452,0.452771747471253
TCGA.QH.A6CU.01,0.349182151035509,0.169819674414931,0.00228919349984239,0.183741167709087,0.29496781334063,0.841181214969822
TCGA.HW.7486.01,0.847815538395211,6.26662724084058e-07,0.0295697707740082,1.08486876225027e-07,0.122613955681181,0.311553079011581
TCGA.FG.7634.01,0.572681828549532,0.128348594915418,0.0218864303395125,0.246806128419697,0.0302770177758413,0.694394078004245
TCGA.DU.6407.01,0.185765214105009,0.0474675046570191,0.0175944824425231,0.624695604043454,0.124477194751995,0.672112595581251
TCGA.P5.A735.01,0.262892802483792,0.0256472599210868,7.37695741436315e-05,0.55349630755203,0.157889860468947,0.661546780207561
TCGA.HT.8010.01,0.737304908784413,0.180870905414576,6.36673839843839e-05,0.000221520950982376,0.0815389974660441,0.460316913299143
TCGA.P5.A5F1.01,0.0697220938950427,0.203118953259803,0.00110290606906129,0.441033302052178,0.285022744723914,0.767822845781402
TCGA.VM.A8CF.01,0.0002358205803251,0.122708697403222,0.00100118040379104,0.331871527638188,0.544182773974474,0.598653615894659
TCGA.DU.6542.01,0.195820032636427,0.0199357352085011,0.0632878536050892,0.677666588241316,0.0432897903086671,0.603708097809556
TCGA.FG.7638.01,0.78495305089596,0.051657248866184,0.0334011231271304,0.000238974228003613,0.129749602882722,0.449613756547308
TCGA.VW.A8FI.01,0.00323492729145348,0.806553175790034,0.000234845566912446,0.0464973431055649,0.143479708246035,0.382216208728265
TCGA.DH.5143.01,0.139129489170542,2.21272423234936e-06,0.0380973727622079,0.63424820678789,0.188522718555128,0.622744117439312
TCGA.DU.A7TI.01,0.261918521609932,0.0542766404080171,0.0231821371338992,0.538426128610357,0.122196572237795,0.737227939782307
TCGA.DU.8165.01,0.025236303968661,0.473697370176015,0.000726205304430279,0.481154563082278,0.0191855574686158,0.546708893589236
TCGA.DU.7013.01,0.0890771673745929,0.702533366518805,0.0224046988891719,0.155756540529208,0.0302282266882224,0.586505528284822
TCGA.DU.7011.01,0.14535837089406,0.0711553712595612,0.0234806633800192,0.609639343382437,0.150366251083923,0.710232933913531
TCGA.TM.A84Q.01,0.245784710418934,0.0100897870072655,0.00959008841903565,0.639702345908463,0.0948330682463023,0.587180572436126
TCGA.DB.5281.01,0.211809596371145,0.0634205484003904,0.0316097938667136,0.635551765370299,0.0576082959914516,0.661929494736816
TCGA.S9.A6WI.01,0.309315629899478,0.0095195817301561,0.0180199849359185,0.00487299097764347,0.658271812456804,0.48515202057222
TCGA.HT.7605.01,0.782447980953325,0.0921461896565369,0.00196637120494139,0.0288876841741741,0.0945517740110222,0.465578440055798
TCGA.DB.5270.01,0.344386566591807,0.179955276278703,0.0267209119835817,0.274010276530654,0.174926968615254,0.889895885460517
TCGA.S9.A6WQ.01,0.157278323345682,1.57244575798178e-05,0.00345662122341211,0.629985412349917,0.209263918623409,0.577282392333084
TCGA.HT.8106.01,1.56002562623864e-05,8.86178762676764e-05,0.0035831276665675,0.873412740981787,0.122899913219116,0.246693205287226
TCGA.HT.7608.01,0.955173414092415,1.24962365565264e-05,1.0224448022639e-05,0.000123746587546391,0.0446801186354592,0.114359430755397
TCGA.E1.A7YU.01,0.224092897339952,0.0752795457242334,0.000144977945555298,0.502956276619661,0.197526302370598,0.743857483932818
TCGA.W9.A837.01,0.77939158341256,0.080887901013078,0.00109753526129694,0.0480297653310969,0.0905932149819685,0.477500801632186
TCGA.TM.A7C5.01,0.717588920238801,0.0242245231148534,0.0246887001782069,0.127938696251658,0.10555916021648,0.571666475615995
TCGA.DU.6394.01,0.834744748401894,0.0450364826719147,0.0484644746291956,0.0529792058859187,0.0187750884110768,0.414668940981521
TCGA.DU.A5TS.01,0.0180823905617797,0.106626729669624,0.000955479839480452,0.619371073117208,0.254964326811908,0.598366071419813
TCGA.QH.A6CW.01,0.109197237902502,3.27204233550629e-06,4.86023553006056e-06,0.770119602190829,0.120675027628803,0.433864138145171
TCGA.S9.A6WO.01,0.198586707807103,4.0740853912195e-05,0.00236126564739725,0.704499778519668,0.0945115071719196,0.500444512635091
TCGA.IK.7675.01,0.0383567141363518,0.260072720458439,0.0250172846812972,0.63884604712902,0.0377072335948926,0.60733608653205
TCGA.HT.7601.01,0.210825814306979,0.0432745277513784,0.0335170386373461,0.652629852905426,0.0597527663988699,0.636721647163123
TCGA.P5.A5ET.01,0.626748759291124,0.13520906204707,0.00370761631607069,0.128669873156692,0.105664689189044,0.674420652010401
TCGA.HT.7472.01,0.360271015229412,6.17307959856889e-05,0.0537429322007324,0.545668585355166,0.0402557364187038,0.612248025017976
TCGA.HT.7880.01,0.360971098164172,0.240508781138377,0.00293879165601386,0.204034543481964,0.191546785559473,0.850316693889206
TCGA.E1.A7Z3.01,0.376949349041322,0.247015823716188,0.0296133462101165,0.234582851245834,0.111838629786539,0.87144325019784
TCGA.P5.A77X.01,0.718926835118996,0.117827560907992,0.00103774222598092,0.133405948140054,0.0288019136069771,0.538851319087547
TCGA.FG.A6IZ.01,0.630114369288426,0.0202122618317965,0.000106098076099812,3.91077035147228e-05,0.349528163100163,0.458955262548789
TCGA.HT.7873.01,0.167543783231934,0.109025100703842,4.89099923420158e-07,0.691834523400764,0.0315961035635364,0.562294586296923
TCGA.CS.4938.01,0.0328740365926268,0.116422023187043,0.0103790001599434,0.64747957591614,0.192845364144247,0.626854913276704
TCGA.KT.A74X.01,0.78068029445383,0.0916444344818174,0.0515751229662563,0.00408601627482038,0.0720141318232763,0.482867113736114
TCGA.P5.A5EX.01,0.57827530955059,0.0800059874492058,0.053822212956081,0.12491824442879,0.162978245615334,0.765218136886513
TCGA.VM.A8CH.01,0.204982108978778,0.0388592743959978,1.64908290496554e-05,0.67836877629802,0.0777733494981539,0.567360695649958
TCGA.HT.7476.01,0.175696604320314,0.188310579689516,0.0108423859164239,0.442501373381263,0.182649056692483,0.83278731457076
TCGA.DB.A75L.01,0.289530312064956,0.0837570854720166,1.33881492646193e-10,0.545310956233248,0.0814016460958982,0.684360571986904
TCGA.P5.A5EZ.01,0.172617348627971,0.12868429016386,0.00703076031950232,0.584332239680546,0.10733536120812,0.717918488867934
TCGA.FG.A70Y.01,0.205993756551934,3.47658887277171e-07,0.00818134849639961,0.601146360604866,0.184678186687912,0.610558681340911
TCGA.RY.A843.01,0.516949521244548,0.172184487088221,0.00871493123892666,0.238642854071497,0.0635082063568075,0.747041073426051
TCGA.S9.A7IS.01,0.0551996831600552,0.279978112685357,0.133324698818543,0.439211803805833,0.0922857015302116,0.848897628495914
TCGA.VV.A86M.01,0.0844169951994689,3.23230406194541e-05,0.0015322148186695,0.757025689953241,0.156992776988002,0.447576939647573
TCGA.S9.A6U0.01,0.0138501924273092,0.730846010776201,0.0184027335874891,0.122308459287995,0.114592603921006,0.538821263806594
TCGA.FG.7643.01,0.0350100263087149,0.759874155903851,0.0895919530054812,1.65010246774877e-08,0.115523848280928,0.491782697040676
TCGA.DB.5274.01,0.354855816355516,7.46413876133135e-05,0.00814958293670856,6.36119824421779e-05,0.63685634733772,0.432153714631182
TCGA.TQ.A7RG.01,0.866935345029144,0.0484302121522356,0.0121074467934968,0.0131667614910518,0.059360234534072,0.340811342759781
TCGA.QH.A6X5.01,0.76544878747652,0.0436529977359977,0.0126354616903432,3.77235876266925e-05,0.178225029509512,0.437606730131673
TCGA.DU.6403.01,0.17612789906592,0.374068010641005,0.0938941408206166,0.322537082877092,0.0333728665953668,0.853855433030736
TCGA.HW.7493.01,0.100578324910846,0.0291493276062137,0.0725486619795665,0.729565954585573,0.0681577309178013,0.58249952026668
TCGA.RY.A847.01,0.730347862804889,0.0719376565040264,0.000458988276158016,0.0765671924380536,0.120688299976873,0.543240495075543
TCGA.DB.A4XG.01,0.726944612840579,0.0486041091087225,0.00869728395735691,0.173257572575461,0.0424964215178801,0.53311039586613
TCGA.VM.A8CA.01,0.323171322466935,0.0929249375577925,0.00354923929023746,0.250742860040304,0.329611640644731,0.819247979940243
TCGA.HT.7855.01,0.0803564433669009,0.000162457353063804,0.0143207183163731,0.874176336867063,0.0309840440965991,0.304470173910591
TCGA.S9.A89Z.01,0.077605036639792,0.211714592204388,0.0258547058252886,0.585326068137217,0.0994995971933146,0.723645243633685
TCGA.DU.8166.01,0.400120699016349,0.123281290968554,0.0128530756175571,0.424382290052335,0.039362644345205,0.727966118645171
TCGA.DH.A7UT.01,0.118066942843856,0.0688852335169717,1.37101104723933e-06,0.581235547217502,0.231810905410623,0.677755485525908
TCGA.CS.5395.01,0.0752914372174324,0.843942789608831,0.0032796784840304,0.0256700775102228,0.051816017179483,0.375334850083071
TCGA.HT.A616.01,0.220056072896242,0.232116640343982,0.000730568265049057,0.40001455639215,0.147082162102578,0.823802895913934
TCGA.FG.8181.01,4.5405599891002e-05,0.189557708040124,0.144337174899102,2.16777945097244e-05,0.666038033666374,0.538073600245288
TCGA.HT.7611.01,0.0547703639643263,0.055546628300955,0.00805784133707363,0.791466788887984,0.0901583775096612,0.472543608678494
TCGA.HT.8018.01,0.20623950381386,0.348851547749848,0.0269184811171602,0.240713340146194,0.177277127172939,0.894591509320849
TCGA.FG.A60K.01,0.846414121041696,0.0269676436409,0.0139660129983213,0.0672072974098919,0.0454449249091913,0.385329715984346
TCGA.HT.7856.01,0.690763705757134,0.126506319821285,0.0141865578395625,0.0712759860498468,0.0972674305321712,0.616604046135014
TCGA.FG.5963.01,0.0947475037733884,0.294090334101431,0.141797931116041,0.310020410234593,0.159343820774547,0.941894668604256
TCGA.FG.5963.02,0.0837142133870803,0.40594854289656,0.101747686187355,0.375693845548506,0.0328957119804993,0.799192677740955
TCGA.DU.5851.01,0.381293762167622,0.0200678696686356,0.0316270199964852,0.475926425021756,0.0910849231455014,0.700191694191551
TCGA.DU.A7T6.01,0.476415634018979,0.085423856543786,0.0915565195240563,0.220832365649066,0.125771624264113,0.855321933498751
TCGA.S9.A6TY.01,0.695250357082321,0.0610055017369374,0.000756069145596321,0.166926752571692,0.0760613194634537,0.573832839318037
TCGA.DU.7015.01,0.261359990307014,1.44336558703957e-06,0.021646251320169,0.603802320099882,0.113189994907348,0.611967950823846
TCGA.DU.7292.01,0.0237081487468894,0.873535362829914,0.0328554089526966,1.9048018016562e-05,0.0698820314524832,0.313900763758284
TCGA.HT.A5RC.01,1.68425745350875e-07,0.872114319901168,0.0397102447243534,0.0589660687495323,0.029209198199201,0.321586810402374
TCGA.WY.A85C.01,0.200178193374806,0.0313992030443735,0.000267062527757514,0.649979444434292,0.118176096618771,0.599749958612437
TCGA.FG.8188.01,0.121629728123698,0.0619981400629863,8.43059293829425e-05,0.686457753004503,0.129830072879429,0.591968725369646
TCGA.TM.A84O.01,0.570095297685627,0.127589369785129,0.0986939347285127,0.134264755256456,0.069356642544276,0.786788282528596
TCGA.TM.A84F.01,0.245910095240133,0.118104346625786,0.00827319746730041,0.358113065345968,0.269599295320813,0.843813325115369
TCGA.S9.A6TU.01,0.0239398126886348,1.16180725235244e-06,3.9831468842618e-07,0.835746736151945,0.14031189103748,0.319915875410051
TCGA.DU.5855.01,0.0924763750320041,0.000426723789857391,0.0274953258910154,0.812696514985263,0.0669050603018599,0.417403351486399
TCGA.HT.7884.01,0.375666691704183,0.00436148231028351,0.0070616693469647,0.570451685172708,0.0424584714658604,0.547287233131772
TCGA.TQ.A7RQ.01,0.868167272485595,0.00109066715020463,0.00976389667498486,0.0619659036284267,0.0590122600607889,0.319809622251818
TCGA.TM.A84C.01,0.0225362854883711,0.748985325265746,0.102290934565955,4.72097018376042e-07,0.12618698258291,0.494821655031202
TCGA.FG.A4MW.01,0.119987725085715,0.528332461301224,0.0434380068636957,0.205048194474186,0.10319361227518,0.799669494631862
TCGA.IK.8125.01,0.782476081388167,0.0789054548919076,0.0223648932974658,0.0348775939729712,0.0813759764494878,0.496136136749917
TCGA.HT.A74K.01,0.538422588791448,0.0208217523811944,0.0252462004873562,6.37106591996548e-05,0.415445747680802,0.54204489290288
TCGA.WH.A86K.01,0.00121811851956614,0.0914083430031451,0.000207439380594901,0.700156711431342,0.207009387665352,0.49969615495335
TCGA.DB.A75P.01,0.0266445815551836,0.719066258331204,0.099027891582815,9.03067000678099e-06,0.155252237860791,0.529390935277518
TCGA.QH.A6X8.01,0.802939731363287,0.130135944285794,0.00092062359746314,0.0057564027833235,0.0602472979701327,0.401986448780498
TCGA.S9.A89V.01,0.259681105949352,0.0549599442106667,0.198446661565833,0.48645535941632,0.000456928857827099,0.736014175947772
TCGA.WY.A85E.01,0.301933450201753,0.0933212893647959,0.0169291034837161,0.489808348524704,0.0980078084250311,0.763744727727144
TCGA.HT.A5R5.01,0.14936453131976,0.227792149813774,0.000325005920823165,0.426372215722336,0.196146097223306,0.811801485308952
TCGA.HT.A618.01,0.0669109331077868,0.174571740807247,0.00999435713698621,0.626757544570356,0.121765424377624,0.671601228204611
TCGA.FG.6691.01,0.220072770858119,0.0452096765484225,0.0126184051640527,0.671695847691915,0.0504032997374898,0.587907711546888
TCGA.HT.7467.01,0.820145480717143,0.065777693800594,0.0397765613763087,1.41637633052084e-06,0.0742988477296242,0.411979168894207
TCGA.S9.A7R3.01,0.0676220414675046,0.0460925809684023,0.00695598578646853,0.802235385472772,0.0770940063048526,0.455375116421264
TCGA.QH.A6CX.01,3.42241961388044e-06,0.867946458314584,1.25151625998575e-05,6.53686850543391e-06,0.132031067234697,0.242638253158044
TCGA.FG.A4MX.01,0.0145679766880913,0.0578463594862269,0.000251968016965626,0.806829825910297,0.120503869898419,0.40804923106886
TCGA.HT.7681.01,0.682898240342777,0.174786080295583,8.97897789139359e-06,1.38356235197263e-05,0.14229286476023,0.523807601838369
TCGA.P5.A737.01,0.737864770626312,0.0385602253646622,0.00381734176811668,0.12367247482503,0.0960851874158791,0.531035366748498
TCGA.DU.A6S7.01,0.193967173700504,0.0892719804520498,0.00022883002507573,0.652545531242521,0.0639864845798496,0.615235592857106
TCGA.P5.A72Z.01,0.591802176799019,0.00568336613066317,0.168666797067998,0.157994141203386,0.0758535187989332,0.700359182142227
TCGA.HT.8114.01,0.119582018801017,0.000223932212387264,0.026550547466423,0.772345574133979,0.0812979273861941,0.469562439333148
TCGA.HW.8321.01,0.138777848146879,1.72528438433382e-05,0.0193857171890723,0.790092917691891,0.0517262641283136,0.428754030740281
TCGA.TQ.A7RN.01,0.695758777785804,0.0838133734738891,0.000249296040068035,0.137918641485265,0.0822599112149744,0.584643577810505
TCGA.DH.5141.01,0.795712745959611,0.0626960115062342,3.6123140250173e-05,1.84626698600947e-06,0.141553273126919,0.393062422622218
TCGA.CS.6186.01,0.15324171490076,0.794501634228984,0.000204620413297569,0.0151008748763123,0.0369511555806461,0.408301340732935
TCGA.EZ.7264.01,0.800272779489625,0.0140137082975714,0.0286842826157741,0.137278290599972,0.0197509389970573,0.428778461883912
TCGA.P5.A5F4.01,0.273722068714009,0.151581924271241,0.000763654783896892,0.423731085458762,0.150201266772091,0.804438302550448
TCGA.HT.8012.01,0.828967781075606,2.49081816673881e-07,0.0176902656189014,0.105241508776835,0.0481001954468418,0.378878711917263
TCGA.FG.8191.01,0.157097509977397,5.34236169458634e-06,0.0250240987362736,0.677121697952219,0.140751350972416,0.573562932865043
TCGA.DH.5142.01,0.123440993187218,0.120140170028074,0.00578384843604845,0.611249889499851,0.139385098848808,0.694761988638828
TCGA.DU.A6S8.01,0.700593526855867,0.0406201711374866,0.0413612123565655,0.139029560809835,0.0783955288402459,0.612063488488556
TCGA.E1.A7YW.01,0.00303648079765582,8.10686197967452e-05,2.9153844767437e-05,0.926204977546667,0.0706483191911133,0.172044120398581
TCGA.CS.6666.01,0.172314510251505,0.109274734221346,0.00944814478476576,0.601867616155023,0.107094994587359,0.704473191950588
TCGA.DU.7298.01,0.274953784473338,0.0914401299946633,0.0128764395894985,0.562861683070069,0.0578679628724315,0.694758080553334
TCGA.DB.A64R.01,0.820779224225458,0.0529486625016952,0.0176917063927383,0.0752300337047505,0.0333503731753575,0.433145350021884
TCGA.DU.6406.01,0.0784074993512011,0.652776179633333,0.0343353908430892,0.190008734961579,0.0444721952107975,0.651023318137884
TCGA.S9.A6UA.01,1.5785317691904e-05,0.144631752234677,0.419202498307671,0.320069450239275,0.116080513900685,0.782191827643725
TCGA.FG.A60L.01,7.8101566229649e-06,0.0106752609315449,0.000158387181420033,0.445916063116229,0.543242478614183,0.460757562102055
TCGA.CS.5390.01,0.734793788992898,1.48433978865441e-06,0.0198874002447519,0.159860544692201,0.0854567817303612,0.501832897593879
TCGA.S9.A6WP.01,0.687228736138982,0.0831960858713071,0.00555855145431201,0.128849021670053,0.0951676048653459,0.609763702234759
TCGA.DU.A7TB.01,0.266243564555084,0.0453592427398832,0.363612012289626,0.19087753004987,0.133907650365537,0.898351515916102
TCGA.DB.5280.01,0.253917646084889,3.68745255436263e-06,0.0234369890013026,0.669544935853038,0.0530967416082159,0.534681959475514
TCGA.TM.A84T.01,0.25488986154937,0.00132057507131318,0.00394139706086591,0.596486023264531,0.14336214305392,0.599997307741208
TCGA.DU.6392.01,0.282162442497855,0.214850990863127,0.105687554617607,0.313929377801176,0.0833696342202337,0.929370890896672
TCGA.DH.A66D.01,0.286616524539971,0.0832794015702285,0.00464240628613827,0.560731358951478,0.0647303086521845,0.67830342834494
TCGA.RY.A83Z.01,0.0514370444052867,0.188216215878404,0.000322605414623029,0.476087380901836,0.28393675339985,0.733415695083422
TCGA.DB.5278.01,0.858286171841221,0.0329785672923297,0.0524941097671202,6.42513805499782e-06,0.0562347259612739,0.348144261660539
TCGA.S9.A6WN.01,0.787331236452139,4.09409423888072e-05,0.21259202159499,3.01280688289016e-05,5.67294165266809e-06,0.321991245956313
TCGA.TQ.A7RR.01,0.00774645086801739,0.0953970458924479,4.41480665307632e-07,0.747648864886961,0.149207196871909,0.474141119681374
TCGA.DB.A4XC.01,0.286677019070423,0.0884120148845619,3.5758174961947e-05,0.580847594833612,0.0440276130364413,0.637524504370576
TCGA.TQ.A7RH.01,0.316274682667474,0.133039325501692,0.000148330504324638,0.455665071248331,0.0948725900781792,0.75513184937945
TCGA.E1.A7YS.01,0.666629735982319,6.02207523833634e-06,0.01148069864015,0.31949547745839,0.00238806584390248,0.435341634723775
TCGA.S9.A7IX.01,0.107909205615763,0.596573589327785,0.0525772871359845,0.1597018603968,0.0832380575236677,0.747578509769229
TCGA.DU.A7TD.01,0.123641718199991,0.66580785036345,0.00551310949328905,0.190119340648621,0.0149179812946497,0.581755276783948
TCGA.E1.A7YQ.01,0.0503425226437088,0.591260226385337,0.00139815535665242,0.310855023755686,0.0461440718586155,0.606121980250878
TCGA.HT.7881.01,0.768967754547063,0.0847384588060655,0.000788270423755819,6.70087705140547e-05,0.145438507452602,0.43359567842067
TCGA.QH.A6CS.01,0.00362730999298146,0.875511508045997,0.0366260684393394,0.000128636061619018,0.0841064774600632,0.290333701869074
TCGA.HT.7695.01,0.825698930846092,0.0888076262703904,0.018670190367709,0.0193301308278234,0.0474931216879847,0.415356990208193
TCGA.P5.A5EU.01,0.144758441155157,0.29927040306879,0.00348810537178298,0.515258049225439,0.0372250011788299,0.698823151593852
TCGA.DB.A64X.01,0.118441926856719,0.0920403253134257,0.00066926627164097,0.564595798530166,0.224252683028048,0.70529895684871
TCGA.S9.A6U8.01,0.201635728703687,0.0306592740675606,1.78576115068747e-06,0.66390083752648,0.103802373941121,0.582086585501958
TCGA.S9.A6U5.01,0.803707292147287,0.0201029005179302,0.0492063320039047,3.44696781869337e-05,0.126949005652692,0.413023395959303
TCGA.HT.7609.01,0.139337307556326,0.0197090778034128,0.0142824903509416,0.680143384946373,0.146527739342946,0.594159184100845
TCGA.E1.A7YO.01,0.796308225730294,0.033162953219757,0.000313078398640638,0.126153684984773,0.044062057666536,0.432202492980869
TCGA.HW.7487.01,0.696040693592609,0.000609577221997206,0.0174924683217163,0.190902015203582,0.094955245660096,0.538812829643959
TCGA.HW.7491.01,0.905606008295653,0.0264926044465642,0.046489786976198,7.25011708980805e-06,0.0214043501644952,0.255372350539553
TCGA.HT.7691.01,0.19597802580265,0.455393835220348,0.209122799298878,1.32539071272774e-07,0.139505207139053,0.795076686975937
TCGA.CS.4944.01,3.95779920267942e-05,0.000153156575591875,0.0840906494800062,0.642245358293258,0.273471257659117,0.527445816744999
TCGA.FG.A6J1.01,0.565117956008005,0.0513169444676219,3.90408564221042e-05,2.86334693373407e-05,0.383497425198614,0.523891352440736
TCGA.S9.A7R7.01,1.6657557980504e-05,0.258221901915614,0.0304137677555905,0.653914885851645,0.0574327869191708,0.557891946069578
TCGA.TM.A84R.01,0.440758917859819,0.127259029106672,0.0175076927899621,0.268289511932825,0.146184848310721,0.825347662270798
TCGA.DB.A75M.01,0.0903703175833872,0,0,0.754739976022899,0.154889706393713,0.446417826280208
TCGA.DU.7302.01,0.731092514073568,0.031849509488238,0.0369438368810103,0.197876907891195,0.00223723166598814,0.49387128416157
TCGA.HW.A5KM.01,0.151668365996846,2.69776444564016e-07,0.00365143338979637,0.741483938873162,0.103195991963751,0.473894585483334
TCGA.HT.7477.01,0.123258675775042,0.277551513638205,0.0249376281661909,0.527299518778432,0.0469526636421293,0.737473979348617
TCGA.QH.A65V.01,0.628146248880217,0.101366215728037,0.000779135690555777,0.0901045466566868,0.179603853044504,0.655461492560685
TCGA.S9.A6U1.01,0.236981013962888,0.0893388320487002,9.18855315649143e-07,0.608991090159995,0.0646881449731009,0.643797245892244
TCGA.FG.5965.01,0.299310627622608,0.102793194647191,0.0145429719524037,0.471024948529181,0.112328257248616,0.780788045249035
TCGA.HT.A614.01,0.190616417182302,0.20347527722365,7.63937207150803e-05,0.476792454321627,0.129039457551705,0.781650948014152
TCGA.S9.A7QZ.01,0.731657434414162,0.0345607480647659,0.022177508941525,0.131193844309997,0.0804104642695497,0.558278689325378
TCGA.QH.A6X4.01,0.820089829928406,0.0626167800998291,2.36277260460881e-05,0.0607815051754513,0.0564882570702677,0.415642936406981
TCGA.P5.A77W.01,0.61333320156208,0.00024895598236223,0.0243925532198132,0.224024485771199,0.138000803464546,0.621908901818226
TCGA.DU.8163.01,0.278774697054942,0.0856140286664775,0.0138546962420108,0.577648588238702,0.0441079897978676,0.671342546473769
TCGA.DU.7012.01,0.0351093637872256,0.804424242055929,0.00611792806517107,0.106929881885379,0.0474185842062948,0.439566316101351
TCGA.DU.7309.01,0.309890526185566,0.0721933199292783,0.0224264367552841,0.484341446543023,0.111148270586848,0.766278326252139
TCGA.E1.5307.01,0.264722225776896,0.000201784834249662,0.044959164936961,0.616609520110234,0.0735073043416595,0.610796849128286
TCGA.S9.A7QW.01,0.354196502707513,0.0763693494851783,0.000756586000610207,0.413902121020282,0.154775440786417,0.760131839176561
TCGA.DU.6402.01,2.87628241448261e-06,0.800798044045849,0.0753958989722031,1.28726913888379e-06,0.123801893430395,0.392359566181869
TCGA.HT.7604.01,0.227432600989771,0.00448326282324207,0.00561646697848475,0.679939818210152,0.0825278509983495,0.533301668496195
TCGA.P5.A733.01,0.165709028388847,0.130110470598064,2.15231894168192e-05,0.551458009768302,0.15270096805537,0.73232365397618
TCGA.FG.A87Q.01,0.0707268411747284,0.772038809466806,0.0012429697462823,0.00995375471922099,0.146037624892963,0.448761529336812
TCGA.HT.7684.01,7.52331530701174e-08,2.02003960426304e-05,3.07414983756271e-05,0.481160725832354,0.518788257040075,0.430581203073693
TCGA.HW.7495.01,0.835742095787493,0.0318900386211767,0.000747324391337807,0.0720672418404507,0.059553299359542,0.386941580275965
TCGA.QH.A65R.01,0.595080716247709,1.87158941093474e-05,0.000195906625725681,0.208315089528072,0.196389571704384,0.594739924820713
TCGA.DU.A7TG.01,0.306811323449999,0.266527445278189,0.000578132220155773,0.271304788443638,0.154778310608018,0.846219698765906
TCGA.DH.A7UV.01,0.169028621110726,0.00932097235601228,2.39986052486704e-05,0.71794853048854,0.103677877439473,0.507752048653741
TCGA.HW.A5KK.01,1.01828242357159e-05,0.548447468212465,0.0689307660582342,0.237455698569278,0.145155884335787,0.70550486923846
TCGA.P5.A72W.01,0.0868777576510064,0.067841818813622,0.000233557478169574,0.550538944067403,0.294507921989799,0.674375414732694
TCGA.CS.6669.01,0.193719791040498,3.09952696165469e-05,0.182395763234146,3.61651207071638e-05,0.623817285335032,0.573734780249409
TCGA.FG.A70Z.01,0.245460498805197,0.568671203855954,0.0325557889880361,0.043796705861885,0.109515802488928,0.718563301901706
TCGA.DU.A7TC.01,0.270368437760602,0.0989180531917265,0.00287912537296037,0.359033626519669,0.268800757155042,0.820310780825828
TCGA.HT.7610.01,0.54687998737845,0.0161987814759418,0.0246391963974783,0.397664728829419,0.0146173059187118,0.569491486526785
TCGA.S9.A6TW.01,0.621722710423905,0.0681644565730436,0.0305373456071714,0.116744273879956,0.162831213515925,0.702967696987405
TCGA.FG.A60J.01,0.448395747537168,0.0401818038210173,4.65969800120442e-05,0.391348756048676,0.120027095613127,0.690228454663369
TCGA.E1.5303.01,0.00158347767254609,0.000318247805163559,0.00870835178082,0.786678564548693,0.202711358192778,0.351896079121907
TCGA.QH.A6XC.01,0.0344342002885552,0.817579540125922,0.00765671286945559,4.61260677549546e-06,0.140324934109292,0.36882182018491
TCGA.HT.7481.01,0.760084290681106,0.0773511044264338,0.00667155663592549,0.097387680580563,0.0585053676759721,0.517450182599169
TCGA.FN.7833.01,0.083463372985537,2.36328505933092e-06,0.000103270525455506,0.877876647465888,0.0385543457380606,0.278426758996312
TCGA.E1.A7Z4.01,0.127403108757736,0.00515528330766312,0.00130149436282678,0.767897126198607,0.0982429873731671,0.452991025827347
TCGA.S9.A7QX.01,0.168938282846406,0.0377398463564714,0.00425253206789063,0.61658512968104,0.172484209048193,0.651526871541397
TCGA.FG.A4MU.01,1.58721470471466e-07,0.750450017437467,0.00369871356271058,0.169611696530278,0.0762394137480742,0.455636471803164
TCGA.HT.7875.01,0.786157446269153,0.102075291971961,0.00449397928625727,0.0494361094792143,0.0578371729934137,0.472139741045218
TCGA.HT.7473.01,1.70314872281106e-06,0.0863712366259073,0.00318480626412259,0.857453631526755,0.052988622434492,0.32147547699968
TCGA.TM.A7C3.01,0.00383207945380684,0.7809147622628,0.000302607308216177,0.183202956083205,0.0317475948919723,0.396000995956091
TCGA.S9.A7IQ.01,0.704620778344629,0.0731610014175235,0.0105310167732753,2.70621325715785e-07,0.211686932843246,0.506163530176636
TCGA.DU.7008.01,0.423803022373904,0.0500021403631405,0.0138345711977073,0.417955098898358,0.09440516716689,0.720914769894013
TCGA.DB.A64O.01,0.0622207865117872,0.843206638678079,0.00368287800924612,0.00684735061720252,0.0840423461836857,0.360054476159124
TCGA.DU.A5TT.01,0.0292521522266222,0.642344121471737,0.000690323036662585,0.195303417399553,0.132409985865425,0.60849931258476
TCGA.S9.A6WG.01,0.0227507512105053,0.253002187294806,7.01710964504563e-08,0.573190989185062,0.15105600213853,0.645131708446762
TCGA.DB.A75O.01,0.160245637778389,0.0493170718170112,0.00131936415095067,0.551448093932507,0.237669832321143,0.696088938927823
TCGA.HT.7688.01,0.352090389291032,0.0602429330397542,0.00926780331213176,0.50520730722763,0.0731915671294523,0.693711588232818
TCGA.DU.7304.02,6.86050968966202e-05,0.0146998814136791,0.00022543617649561,0.00380021702809557,0.981205860284833,0.0648530486303866
TCGA.DU.7304.01,0.152835245830576,0.0452365785070419,0.0221394706742031,0.733873668185398,0.0459150368027808,0.546791615524386
TCGA.HT.A74J.01,0.244338435575577,0.116619110995135,2.84566155636029e-06,0.525820600481295,0.113219007286437,0.73291993559852
TCGA.DU.A5TR.01,3.99675004229466e-05,0.0727348306115458,0.000437862205239063,0.709482932668525,0.217304407014267,0.478202868886207
TCGA.P5.A5EY.01,0.058637868358127,0.636929396330242,0.179412497771284,0.000308336741237965,0.124711900799109,0.636240720827717
TCGA.S9.A6WD.01,0.690083811935746,9.67783459470231e-06,0.0102077809511145,0.175452520525911,0.124246208752634,0.53892175101775
TCGA.DU.A7T8.01,0.302393668329574,0.0552181062160423,0.00222669516574416,0.459286068056793,0.180875462231847,0.746755364426811
TCGA.DU.5872.02,0.0322332062501179,8.90757378249667e-06,0.000107748253717522,0.572958873291608,0.394691264630774,0.495720263721702
TCGA.FG.8185.01,0.133892752549963,7.84116139925713e-07,0.0115332846237168,0.687342789570285,0.167230389139895,0.545203279065779
TCGA.HT.7902.01,0.182817667099343,0.195095274756263,0.0496378270290591,0.475402992904448,0.0970462382108863,0.844039486052564
TCGA.CS.5397.01,3.14805358297893e-09,0.644846411941028,0.0562380471260169,0.265049738556135,0.0338657992287663,0.566269005867274
TCGA.TQ.A7RU.01,0.813013135134503,0.0502779926723288,0.0210223498144751,0.0595660348637836,0.0561204875149093,0.453257705851269
TCGA.HT.7879.01,0.216390339538093,0.0905141472778604,0.00201993584725222,0.601762884016071,0.0893126933207234,0.672637513917489
TCGA.DU.5874.01,0.719800426719009,0.0783686738024828,0.000424578231787372,0.148227639327724,0.0531786819189971,0.545845853157885
TCGA.FG.7641.01,0.887141108021737,0.000362138898397606,0.00431751287366086,0.0949863173842072,0.0131929228219979,0.256806860524877
TCGA.FG.6690.01,0.347739883708558,4.93093752824739e-05,0.0126386475884854,0.570589307152811,0.0689828521748632,0.576383104343753
TCGA.HW.8320.01,0.199343569233246,1.56038073216523e-05,0.0146524310926963,0.71288463558235,0.0731037602843867,0.507030729007696
TCGA.HT.8104.01,0.123346448622599,0.695118578112052,0.0127562839147437,0.126771118657235,0.04200757069337,0.597450241094095
TCGA.S9.A7R2.01,7.09374518812925e-06,0.501929077195121,4.3744879273808e-06,0.322251194307725,0.175808260264038,0.631685913524762
TCGA.R8.A6MK.01,0.736323927647274,0.189484621018508,0.000577401545609381,0.0100645334828933,0.063549516305716,0.476131273224707
TCGA.QH.A6CY.01,0.779237118405626,0.0843765118673392,0.000160159899169416,0.023923699581863,0.112302510246002,0.459322531292698
TCGA.S9.A7J1.01,0.954654749883499,0.00846801330599151,0.0213341030189719,0.00016712108829772,0.0153760127032398,0.144420198972367
TCGA.TM.A84I.01,0.00505888028133957,0.272034159673322,0.0071690330825215,0.633749454649171,0.0819884723136456,0.56566846220731
TCGA.E1.5322.01,0.206105372878747,0.0113261146061618,0.0475387314830945,0.656389205545216,0.07864057548678,0.619713722448781
TCGA.P5.A5F0.01,0.815248747177315,0.129593021289903,0.00351519468936753,0.0116187745336114,0.0400242623098037,0.392537217886065
TCGA.S9.A6WM.01,0.0125651924995094,0.806121176490584,0.00221083887777769,0.115748592606402,0.0633541995257268,0.414205235778108
TCGA.R8.A73M.01,0.752020354675841,0.0637688689821669,0.0151221030556839,3.39807993373762e-05,0.16905469248697,0.468535380804181
TCGA.CS.4942.01,0.356590895003631,0.0551050047923788,0.0226467299380966,0.457085601594259,0.108571768671635,0.753131860591589
TCGA.HT.7680.01,0.00121361520375585,0.368667527580348,0.204881659905131,0.000893718139554939,0.42434347917121,0.665360804317265
TCGA.P5.A72X.01,0.182377766301164,0.207606307958236,0.00393845223549281,0.496761676910428,0.10931579659468,0.775465737011841
TCGA.DB.A4X9.01,0.372490507942065,0.196829230667065,5.96916962488809e-05,0.368859135474668,0.0617614342199537,0.763131363858399
TCGA.DU.8167.01,0.16718495057568,0.0197573997933908,2.5600264826266e-05,0.659632412922528,0.153399636443575,0.583355156830105
TCGA.QH.A65X.01,0.59710757359308,0.0462590282016227,3.0997926327943e-05,2.86142604432598e-06,0.356599538852925,0.508341074440554
TCGA.P5.A5F6.01,6.22463037822951e-06,0.36981115597029,0.0125649867975799,0.583776795254123,0.0338408373476287,0.529217049384612
TCGA.DU.A6S3.01,0.718357258785517,0.0617458104573297,0.0111663845734927,0.0512609774498255,0.157469568733835,0.561148857837535
TCGA.HT.8110.01,0.206028607126494,0.567449143517535,0.00982323965546475,0.130062967398142,0.0866360423023651,0.726721393909478
TCGA.DB.A4XH.01,0.625165128016122,0.102130067437916,0.00209841295173591,0.155600224742619,0.115006166851607,0.669697138550854
TCGA.HT.7485.01,3.414292083432e-06,5.56873481893509e-06,0.103333476379692,0.721550582004946,0.17510695858846,0.481680684795488
TCGA.VW.A7QS.01,0.702255909870076,0.0925131162224952,3.78839297896335e-05,0.146546986621302,0.0586461033563368,0.569507008306429
TCGA.E1.A7YJ.01,4.96613272685636e-07,0.702535663124931,2.7235762062521e-06,0.211135846681576,0.0863252700040138,0.489558318628235
TCGA.DU.A76L.01,0.156584195020847,0.514634292682957,0.0700395420290486,0.189798917074217,0.0689430531929302,0.819049603175355
TCGA.DB.A4XE.01,0.436733067862212,0.164966859677923,0.00249375076207659,0.339887882185431,0.0559184395123575,0.746888752154612
TCGA.S9.A6TS.01,1.30796995156683e-12,0.0750877146110879,0.0103425046478035,0.761987558489728,0.152582222250073,0.457103643396602
TCGA.DB.A64S.01,0.143766571501307,0.0753579872909613,0.00100072618482546,0.653595054616397,0.126279660406509,0.633670065330739
TCGA.TQ.A8XE.02,0.326690230500674,0.155801264127361,0.0339563193288729,0.408382123082268,0.0751700629608243,0.8265463953537
TCGA.TQ.A8XE.01,0.268717142155389,0.000820580787005901,0.0328813850752593,0.602273808947992,0.095307083034354,0.621737675189186
TCGA.CS.6667.01,2.25504259255308e-05,1.37832840552271e-05,0.00214088589486536,0.897478329748271,0.100344450646883,0.212085277037555
TCGA.E1.A7YL.01,0.012533727079186,0.673573878200805,0.00239426534904671,0.178627651885449,0.132870477485513,0.566263849769117
TCGA.E1.A7YV.01,0.100418206567312,0.308374743388613,0.00363525835059992,0.527146290267312,0.0604255014261631,0.696578987120056
TCGA.HT.A61C.01,0.11582203411983,0.519053554117351,0.077040806420441,0.168651734901781,0.119431870440596,0.833529713798557
TCGA.TQ.A7RW.01,0.224294091797231,5.79612656916564e-07,0.00697925455541701,0.683714474636172,0.0850115993985235,0.521574919002176
TCGA.DU.5849.01,0.57963769978521,0.101921593364804,0.00103686940793424,0.199688461631657,0.117715375810395,0.701811806184817
TCGA.DU.7299.01,0.385697832764687,0.0896429103899298,0.0311578542049693,0.44515397704126,0.048347425599154,0.744659278024441
TCGA.QH.A6CV.01,0.0118303375109421,0.657197417668081,1.04785964231905e-06,0.216065208294791,0.114905988666544,0.564199458748525
TCGA.TM.A84M.01,0.7996548392266,0.0442255267611279,0.00952634557923389,0.109727375241139,0.0368659131919001,0.450577412674459
TCGA.HT.7468.01,0.74375691133341,0.0504207413803949,0.0370836894368038,0.120675694989476,0.0480629628599154,0.555505541617131
TCGA.FG.6692.01,0.000177556825078412,0.841083868170725,1.4194313158409e-06,7.79488694538925e-07,0.158736376084186,0.272940452123027
TCGA.TQ.A7RI.01,0.864237202001624,0.0651268252466423,0.00734054197273589,0.0195416657416705,0.0437537650373277,0.344142190569222
TCGA.DB.5279.01,0.69430465582669,1.0678265213675e-05,0.00575707070118965,0.246706112574495,0.0532214826324119,0.487449752523503
TCGA.VM.A8CE.01,0.793962577612629,0.0619673649313677,0.0124462530141675,0.0155232594866581,0.116100544955178,0.450328657271213
TCGA.HW.7489.01,0.225423348730904,0.023730336455286,0.0178606848188406,0.55995280446569,0.173032825529279,0.698854212820274
TCGA.R8.A6YH.01,0.265380132905671,4.75290282934053e-06,0.00759170639868642,0.651387808695507,0.0756355990973065,0.536620780433081
TCGA.DU.6399.01,0.292505782841484,0.0496800365361914,0.0165651464197123,0.565334179015888,0.0759148551867232,0.680232228410666
TCGA.DU.7018.01,0.757228621835881,9.21154185790641e-06,0.0526713785964078,0.0806688623137483,0.109421925712105,0.503846237806683
TCGA.HT.7677.01,0.870697913685212,0.0148555411572218,0.0200736783555913,0.0641259198783341,0.0302469469236405,0.337699981197988
TCGA.FG.A713.01,0.708600117800792,0.06317983579345,0.00999834336413025,8.89559730282488e-11,0.218221702952671,0.495084465680597
TCGA.DU.7300.01,0.655479726079237,0.048440963511329,0.021857326203645,0.176385634653243,0.0978363495525463,0.646525668050746
TCGA.TM.A7CA.01,0.383619169236119,0.0249582408643411,0.00256622323837911,0.533953120433204,0.0549032462279571,0.602279900021328
TCGA.HT.7690.01,0.164319814349259,0.128776911849834,0.00119906333777388,0.594064916502426,0.111639293960707,0.697699497971589
TCGA.CS.5393.01,0.219922594038068,2.25555649656513e-06,0.0287348619598075,0.648700509835025,0.102639778610603,0.58996121573583
TCGA.FG.6689.01,0.0985222800166778,0.00994554004178626,0.00522100343793522,0.708915400711513,0.177395775792088,0.529550299764477
TCGA.DU.7007.01,2.79182164715474e-05,0.0435594382472148,0.000189574304650847,0.81567579173992,0.140547277491743,0.360613188297931
TCGA.TQ.A7RF.01,0.0289574573705459,0.0245300841363652,0.000857116220425691,0.85546678219811,0.0901885600745528,0.341794931832603
TCGA.FG.7636.01,0.332451500581944,0.0194245097152002,0.0427345458831933,0.435947764294029,0.169441679525634,0.770543776860599
TCGA.HT.A5RA.01,0.0994520828434778,0.754032645756436,0.00549487190641429,0.0852830033093614,0.055737396184311,0.523092030349552
TCGA.DB.5277.01,0.191315535656756,0.180764850126221,0.0317185577606022,0.478089596786732,0.118111459669689,0.832700121886372
TCGA.HT.7694.01,0.7307281964675,0.0384416692569224,0.0261052100006294,0.13684647964252,0.0678784446324287,0.561962990273529
TCGA.FG.8187.01,0.616155332658929,0.100849008677927,0.000990217312704068,0.165358630654854,0.116646810695586,0.674025021499237
TCGA.F6.A8O3.01,0.792900231047496,0.0944036930423362,0.0188099330839519,4.7237571585579e-06,0.0938814190690576,0.43723473312901
TCGA.QH.A86X.01,0.879225241642943,0.0570812762173834,0.00788972109692136,1.85989117327651e-06,0.0558019011515788,0.295679516899939
TCGA.HT.8013.01,0.159393486798694,0.0793564833479767,3.35359709156467e-05,0.67037910465625,0.0908373892261637,0.608976019693712
TCGA.HW.7490.01,0.0882268946207345,0.0451734317176866,0.000123478513055499,0.720881610676919,0.145594584471604,0.541621657442009
TCGA.QH.A65S.01,0.121382059258351,0.0766896549071414,0.0144738382783812,0.594318525214788,0.193135922341338,0.708971496821545
TCGA.DU.A76R.01,0.707250901978205,0.0659038849261112,0.000533675904032665,0.197002126179237,0.0293094110124138,0.529201601481382
TCGA.DH.5144.01,0.725874704500237,0.0422617479114938,0.014833974927693,0.137677930999782,0.0793516416607946,0.560933661365405
TCGA.CS.6188.01,0.0695588195169493,0.771060174611175,0.0314957485854513,0.0874838841990828,0.0404013730873417,0.520412580340236
TCGA.P5.A780.01,0.157063670973861,4.89833962859551e-07,0.0172694709001382,0.71441351007324,0.111252858218798,0.525276601528616
TCGA.HT.7606.01,0.308741999304008,0.166480166155715,1.90293366860543e-06,0.499176784480732,0.0255991471258771,0.684713652820677
TCGA.DU.A7TJ.01,0.0279849320860482,0.744756054266856,0.0355954472619436,0.149000140483227,0.0426634259019256,0.532192530632635
TCGA.DB.A64V.01,0.609666590659818,0.0493382175070201,0.000383132611986626,0.103698575042687,0.236913484178489,0.639566914245193
TCGA.RY.A840.01,0.781111649426424,0.107849680090693,3.30437007293078e-06,4.02705633925501e-07,0.111034963407176,0.420792362986963
TCGA.E1.5302.01,0.272445741523542,0.089951881183981,0.014697983693294,0.486119272984078,0.136785120615105,0.780204132529672
TCGA.HW.A5KJ.01,0.530957953600809,0.0249952394674588,5.35494316204432e-05,0.203812351905476,0.240180905594636,0.680753617685834
TCGA.HT.A615.01,0.616913678058738,0.0692117104640176,0.00019914097923297,0.244201120759706,0.0694743497383054,0.630069642579234
TCGA.CS.6668.01,0.821362863501184,0.0043240217402639,0.0439381313095224,0.114912795193552,0.0154621882554776,0.394902111474612
TCGA.DU.A5TY.01,0.00019342011296195,0.734434453448448,0.000188918119172021,0.167515521572544,0.0976676867468745,0.470008672370436
TCGA.DU.5847.01,0.00394214949738062,0.75066914460105,0.000121287525928116,0.196882168233466,0.0483852501421745,0.437856488212994
TCGA.E1.A7YK.01,5.81360795766718e-06,0.0407953633685703,0.0169802294027017,0.699242285459276,0.242976308161494,0.493158989103363
TCGA.DU.7301.01,0.0870008040296479,0.0350763169927037,0.0136118428807258,0.70869520359613,0.155615832500793,0.572852296252554
TCGA.HT.7471.01,0.732150221296981,0.0995369086911578,0.000645385855326162,0.0878157309234394,0.0798517532330959,0.545595561941129
TCGA.HT.7882.01,0.000655956470035464,0.0468679188134233,0.00468718383683153,0.479231263767267,0.468557677112443,0.547458969357261
TCGA.DU.5854.01,0.0728825153167618,0.684028133523426,0.0741794655709417,0.0856077149367666,0.0833021706521034,0.659266449691248
TCGA.DU.6395.01,0.156056972283228,0.0831621065856668,0.0136927003032731,0.557253955018336,0.189834265809497,0.743570765595836
TCGA.HT.8011.01,0.161681362677398,0.475766613315837,0.00022448548786955,0.312046842876644,0.0502806956422509,0.723022138132853
TCGA.S9.A6TV.01,0.180044480271352,0.11750815034277,0.00096695270878967,0.533772849266736,0.167707567410351,0.746573398824722
TCGA.P5.A5EW.01,0.134738745770891,2.46293104165856e-05,0.023899989541566,0.796519837446262,0.0448167979308635,0.422475707102895
TCGA.DU.5852.01,0.0974785554882233,0.706085579262397,0.0515590559839308,0.0225568239900133,0.122319985275435,0.601504775627788
TCGA.DU.6408.01,0.218337757645334,0.156910288137274,0.00931672088058261,0.495742974127534,0.119692259209275,0.788082850392271
TCGA.DB.A4XB.01,0.32895926420305,0.14291633573203,0.0117130105609637,0.481810711557919,0.0346006779460377,0.723288644231474
TCGA.E1.A7YY.01,0.197353544544876,0.287269876510852,0.0864867756809114,0.0293295309101306,0.39956027235323,0.845226183698113
TCGA.FG.A4MT.01,0.38893566686257,0.0430985513593365,0.00694759064478363,0.459960933545831,0.101057257587479,0.69972782571157
TCGA.FG.A4MT.02,0.424547321956561,0.0899820795606607,0.00585543174322473,0.38908966665683,0.0905255000827233,0.742647544171058
TCGA.P5.A72U.01,2.47132837498754e-05,0.828820605830627,0.0720100289199986,3.94608169424602e-05,0.0991051911486816,0.357154727594649
TCGA.QH.A870.01,0.116790128538095,0.0927541437778671,0.00195439163457639,0.784174095266775,0.00432724078268718,0.433529287460241
TCGA.HT.A5R9.01,0.566467544205125,0.0469266164579726,0.00661740125860677,0.250194204102525,0.129794233975772,0.68991143772538
TCGA.CS.4941.01,0.000473947405055725,0.963413823046904,0.000120480908399445,0.00310765324999673,0.0328840953896438,0.106160253023568
TCGA.DU.6404.01,0.100553560029331,0.589886334502243,0.0468610058282039,0.126123049538343,0.136576050101878,0.757282700991258
TCGA.FG.5964.01,0.581164426610771,0.0919711397998722,0.0266049496601372,0.125796904787596,0.174462579141624,0.743597391448488
TCGA.CS.5396.01,0.701122037490367,0.000109033485422724,0.291911456242288,0.000491425134375686,0.00636604764754663,0.400954859649152
TCGA.HT.8107.01,0.42542453616375,0.13413241636866,0.0858220666762915,0.254658693435296,0.099962287356002,0.883744992850893
TCGA.DU.A7TA.01,0.262316042783265,0.0738481148860077,0.00328284306617248,0.572363552167204,0.0881894470973507,0.680829193180728
TCGA.HW.8319.01,0.268053234414232,0.156487612524015,0.00872741837980266,0.532971449089508,0.0337602855924418,0.704797453638067
TCGA.DH.A7UR.01,0.494280223023513,0.159863316747962,0.000330415416970222,0.23182314684643,0.113702897965125,0.764320854678831
TCGA.TM.A84H.01,0.215957956336759,0.0160665125910333,0.000468915797889143,0.747631830615648,0.0198747846586706,0.432621899452481
TCGA.S9.A6TZ.01,0.347107407822512,1.64185144942256e-06,0.00966412727211839,0.643226341889932,4.81163988535354e-07,0.432433450355412
TCGA.HT.7479.01,0.0497989297222809,5.17434798598661e-07,0.0174412426947333,0.736293294795649,0.196466015352538,0.475390856482427
TCGA.DU.6400.01,0.77714072472177,0.00189701890434056,0.0344707828637365,0.1017784769192,0.0847129965909527,0.475688154328085
TCGA.S9.A6WL.01,0.652436437131129,0.136967500664668,0.0141061890715973,0.143294838917531,0.0531950342150744,0.649594807152967
TCGA.DB.A75K.01,0.85328048326995,0.00445724421079967,0.000160464020663007,0.0515168251187149,0.0905849833798727,0.33008131263472
TCGA.DB.A4XD.01,0.285508240382991,1.52266017524117e-05,0.0114159277988993,0.656687972305776,0.0463726329105804,0.514272551720432
TCGA.DB.A64Q.01,0.758955166853312,0.119552496332175,0.000671203590443292,0.0976038691811648,0.0232172640429048,0.486278249541427
TCGA.S9.A7IZ.01,0.0899353483198755,0.20330248891602,0.0106314483210737,0.577256531179852,0.118874183263179,0.720223644436006
TCGA.DB.5275.01,0.445493520882329,0.0303869958068637,0.000391562249552789,0.427596941222627,0.0961309798386275,0.657290576950758
TCGA.S9.A6WH.01,0.769511760328153,3.05088394127571e-05,0.0137256675041646,0.123711015535871,0.0930210477923984,0.459937895200486
TCGA.HT.7602.01,0.414196349257436,0.140528605602859,0.020844718731278,0.0687016179982174,0.355728708410209,0.791074568314247
TCGA.DU.A5TU.01,0.107225076309751,0.128458003444124,0.00167003491154934,0.590195959288322,0.172450926046254,0.700883134236247
TCGA.HT.A5RB.01,0.316893395704046,0.0704382409174865,0.00905592887755666,0.539000110121438,0.0646123243794722,0.685808332505733
TCGA.HT.7616.01,0.66905374969151,4.43875376605008e-10,2.25259361051362e-05,0.324396748047028,0.00652697588148152,0.414537350642361
TCGA.S9.A7R8.01,0.355069480505951,0.00211244799662461,0.0106442682057612,0.560844300265394,0.0713295030262693,0.585114182544731
TCGA.QH.A6XA.01,0.301377992711568,0.0620018556097136,4.8818198522746e-05,0.517833598210958,0.118737735269239,0.700961531139067
TCGA.HT.8111.01,0.181214649815706,0.0689676290244809,0.0277058358673624,0.616785755412989,0.105326129879462,0.701126833166124
TCGA.E1.A7Z2.01,0.0226410935279479,0.683609259566024,0.00131953104410104,0.176218703802451,0.116211412059477,0.565778127106048
TCGA.DU.A5TP.01,0.180917725825431,0.145475453318608,0.00297685753434013,0.569597183285655,0.101032780035966,0.720286201841878
TCGA.VM.A8CD.01,0.0320545972665204,0.854682530556747,0.0375334832952164,0.000305333302595222,0.0754240555789205,0.351118650840049
TCGA.RY.A83Y.01,0.786516421107417,0.0588709856421091,0.00029149923752808,0.00912691413389844,0.145194179879047,0.423153002205394
TCGA.HT.7482.01,0.149477920454984,1.95443117634351e-06,0.0355416483233588,0.705642416116672,0.109336060673808,0.553451123586275
TCGA.TQ.A7RK.01,0.12543001791067,0.0763559239795879,0.000593709580282211,0.666014947274163,0.131605401255297,0.620592152742041
TCGA.HT.7858.01,0.165432720646536,8.62960932481837e-06,0.0265477131016665,0.697506778378526,0.110504158263946,0.552218877515032
TCGA.HT.7475.01,0.301909704209741,0.153895947635366,1.57818531015165e-05,0.389276648380727,0.154901917921064,0.811412494717924
TCGA.HT.8564.01,0.312851206117063,0.487808736863722,0.0249350634486836,0.122300618780085,0.0521043747904463,0.755967904670451
TCGA.DU.8162.01,0.317007621902259,0.505609454424399,0.0954088890993338,0.0140957483648467,0.0678782862091618,0.730596356180836
TCGA.DB.A64U.01,0.70502217661377,0.0804019883231113,2.43058824541243e-05,0.15310714433603,0.0614443848446339,0.564223458540179
TCGA.S9.A6WE.01,0.786202063307325,1.33521050233092e-06,0.0381843068698182,0.102410693882886,0.0732016007294693,0.458902330703982
TCGA.DB.A64W.01,0.539023075334823,0.126898808678822,0.0272494091985998,0.255241125493426,0.0515875812943294,0.742324925091381
TCGA.R8.A6MO.01,0.732989050446194,0.0281183422769463,0.0142411292500428,0.119007373115108,0.105644104911709,0.546415484876067
TCGA.DU.5872.01,0.177457460742761,2.8700033812396e-06,0.0159537218327209,0.690275824366955,0.116310123054182,0.54614314488916
TCGA.HW.8322.01,0.675827926577833,0.0359501835293923,0.016253328736315,0.245569860772689,0.0263987003837712,0.554280208414952
TCGA.DU.5870.02,0.683465482488511,0.0816174396712935,0.0321177317904344,0.100438769535673,0.102360576514088,0.645684569342459
TCGA.HT.8105.01,0.641439119148262,0.0268549017656197,3.81772527009714e-05,0.278708059297457,0.0529597425359598,0.555497274424223
TCGA.KT.A7W1.01,0.116316092918375,0.714002673860902,0.0174832205545655,0.110990044745831,0.0412079679203263,0.5821455103466
TCGA.HT.7692.01,0.68797283434938,0.0298538517023856,0.00601547545164615,0.187507516924758,0.0886503215718301,0.57260731872701
TCGA.WY.A859.01,0.177434615570332,0.22825892955431,0.000420576164018863,0.434231478297929,0.15965440041341,0.809247318936101
TCGA.HT.7854.01,0.000235411037292758,0.769876970658213,0.000801470298981843,0.125148015134903,0.10393813287061,0.437683069125807
TCGA.VM.A8C9.01,0.000251812727379426,0.000355552222848736,0.470739919839955,0.000137885639628356,0.528514829570189,0.433592732335206
TCGA.HT.7686.01,0.000167688427137391,0.000226994584677203,0.0101328944923802,0.856431749133823,0.133040673361983,0.280209052627517
TCGA.DU.6410.01,0.640575409654822,1.4160954730062e-05,0.0147154661713483,0.280340289261561,0.0643546739575383,0.547157240845801
TCGA.S9.A6U9.01,0.0320566930215986,0.0196884959839957,0.0006768630658239,0.824779012236116,0.122798935692466,0.378376659832523
TCGA.CS.6290.01,0.0656145904124178,0.0026330290470627,0.00766113866867286,0.675994328077491,0.248096913794355,0.523302676799758
TCGA.TQ.A7RO.01,0.843755625312354,0.138856668597338,0.00324058396130316,6.35782139342221e-06,0.0141407643076115,0.308409825365326
TCGA.DU.7019.01,0.115537951701653,0.0652059174398772,0.0354973033382813,0.678236111190483,0.105522716329705,0.650232873408619
TCGA.HT.7860.01,0.166149406638331,0.794684812816183,0.0293524698369787,2.65265442971885e-07,0.00981304544306406,0.391309965801938
TCGA.FG.A711.01,0.293245861245129,0.0690325080220963,0.00045138066399577,0.459549608375572,0.177720641693207,0.753104184998858
TCGA.TQ.A7RM.01,0.250208400111469,0.171054520232489,0.0238678523506395,0.533868585421604,0.0210006418837976,0.717044013344173
TCGA.E1.A7YN.01,0.000718860403080287,0.840545396281377,0.00289465192526298,0.000495618316070569,0.155345473074209,0.286540527229615
TCGA.S9.A7R4.01,0.26496937837754,0.0409252035540782,0.0103291711985552,0.627849085582605,0.0559271612872218,0.611058245340396
TCGA.E1.5318.01,0.597636145201179,0.0687925121128737,0.0318155960118496,0.201038639898789,0.100717106775308,0.717755506025195
TCGA.HT.7676.01,0.219214799387196,0.0154647019160274,1.94415511897153e-06,0.57374088352246,0.191577671019198,0.641550823505757
TCGA.S9.A7J3.01,0.896349454211688,0.0199339145010768,0.0528959244552203,6.47483279154213e-08,0.0308206420836875,0.272678034775528
TCGA.DU.A6S2.01,0.921791052761124,1.37352161582273e-06,0.0266702758187612,1.88984602404534e-06,0.0515354080524749,0.201683564646426
TCGA.P5.A5F2.01,0.112899788776623,0.0166209540929099,4.33259084177888e-05,0.825139793860404,0.0452961373616454,0.381226482258118
TCGA.E1.5304.01,0.129587027984731,0.174960536394323,0.02471845147903,0.607565197481327,0.0631687866605886,0.707369946562443
TCGA.DU.7006.01,0.031545352536648,0.493180005672297,0.105503576482479,0.35459965618945,0.0151714091191259,0.699691007737086
TCGA.TM.A84S.01,0.694826231057654,0.114684699249892,0.000711818391654538,0.0489628429308395,0.14081440836996,0.57799339104261
TCGA.HT.7469.01,0.0262107281307551,0.449137769168234,0.000117712290677316,0.488602660626005,0.0359311297843282,0.575025193668183
TCGA.WY.A85B.01,0.203934482480608,0.0305657726901732,9.1983954576589e-05,0.675915719037965,0.0894920418366774,0.566941557969946
TCGA.TQ.A7RS.01,0.779517728644794,0.0198543925189532,0.0151435517445341,0.106964121164845,0.0785202059268738,0.481107008627033
TCGA.CS.4943.01,0.229869061901065,0.129940329869788,0.00621539371944505,0.550972690357289,0.0830025241524134,0.726782470218147
TCGA.QH.A65Z.01,0.821346203678721,0.0901942348457708,0.0120156406614781,3.73571582490835e-06,0.0764401850982049,0.390421371678579
TCGA.DB.5276.01,0.12762918039978,0.055810604112025,0.0438737500496032,0.676948096628082,0.0957383688105091,0.652215853528667
TCGA.P5.A730.01,0.454728236207898,0.0211158957027779,7.29664574719557e-06,0.401500730400216,0.122647841043361,0.660885064464767
TCGA.TM.A84L.01,0.186500620244129,0.0677506869617173,6.98272704552264e-05,0.628471711044421,0.117207154479277,0.645824749766067
TCGA.DU.8161.01,0.141490583279634,0.797128977693941,0.0545161277607141,0,0.00686431126571138,0.404006608857519
TCGA.WY.A85D.01,0.138543352412561,0.0803674728220534,0.000733783448324716,0.668836513844851,0.11151887747221,0.61847365899861
TCGA.DH.A669.02,0.462030272212963,0.174430044756664,0.00683755968280941,0.0709523757282671,0.285749747619297,0.77113318589684
TCGA.S9.A6UB.01,0.734045777815781,0.0347645109520349,0.0185711534691589,0.135306081720972,0.0773124760420529,0.550698787754846
TCGA.E1.A7YM.01,0.0831023323719366,0.482391976830391,0.000785032312617852,0.299364401076972,0.134356257408083,0.742344547923796
TCGA.DB.5273.01,0.144067471104091,0.0515643178781013,0.0282332923074827,0.54543233892014,0.230702579790185,0.746663929852581
TCGA.TM.A7C4.01,0.322497318161985,0.245695139895236,0.00595709894920336,0.335597293501923,0.0902531494916525,0.82254861250352
TCGA.DH.A66F.01,0.914681925161182,0.00246501740801256,0.000254525520472511,0.0113231756920382,0.0712753562182944,0.209682813249321
TCGA.HT.7607.01,0.747047295883051,0.151436147189617,0.0237802489053074,4.91629606014e-10,0.0777363075303952,0.491595663472314
TCGA.DU.6393.01,0.786741809236529,4.27642171655721e-07,0.00574293244679958,0.155087353118217,0.0524274775562825,0.411300435170233
TCGA.HT.8108.01,0.378313518283613,0.0539312395172726,0.00155121788510707,0.531705568577603,0.034498455736404,0.613418948994579
TCGA.E1.A7YD.01,0.0429600418707147,0.744925206337602,0.00113575026590666,0.150673309576418,0.0603056919493582,0.507509446656645
TCGA.S9.A7IY.01,0.746978725533834,0.0349725986870545,0.00034711254291611,0.103475179891281,0.114226383344915,0.509799353361627
TCGA.TQ.A7RP.01,2.07431163214715e-05,0.861414819619209,8.887181037443e-05,2.72340531318959e-05,0.138448331400964,0.250765891828721
TCGA.P5.A736.01,3.45064757597478e-07,0.185258289940398,3.92732632173596e-06,0.544009992807008,0.270727444861515,0.619676529252728
TCGA.P5.A5EV.01,0.438070973485585,0.105651572552472,0.0121724254996131,0.367610152279927,0.0764948761824023,0.756295654695976
TCGA.HT.7874.01,0.838921440094713,0.0196023034510421,0.0373107320793847,0.0659001227858806,0.0382654015889797,0.404620387272355
TCGA.HT.7470.01,0.202110425441402,0.0798150400008887,0.037098819540051,0.582853948541999,0.0981217664756597,0.739126361565251
TCGA.DU.7009.01,0.701028626578326,0.0521547282666759,0.00779568338059754,0.169193382141085,0.0698275796333163,0.576202858207349
TCGA.P5.A781.01,0.661135905485966,0.114892637981321,0.00117396150423157,0.130831591098024,0.0919659039304573,0.631058196527288
TCGA.DH.5140.01,0.281154945620136,0.281115875570054,0.0552465908144305,0.338786795962065,0.0436957920333143,0.855550033291937
TCGA.FG.A4MY.01,4.55505597622335e-05,0.0379863534783577,0.00304926550622052,0.852681167665961,0.106237662789699,0.320881695499846
TCGA.TM.A7CF.01,0.350832518517289,0.095232384207881,2.6591341788246e-08,0.442611942843451,0.111323127840038,0.743462845099823
TCGA.TM.A7CF.02,0.26895309982777,0.0343773784290269,0.00341524426151388,0.545491596653421,0.147762680828268,0.684465090349462
TCGA.WY.A858.01,0.0731975087244863,0.110114891930533,5.59569199366069e-06,0.628961769264745,0.187720234388242,0.646217669598477
TCGA.S9.A6U6.01,0.336895345861435,0.0420713185204598,0.00345370141629354,0.5180744556506,0.0995051785512115,0.677086479372828
TCGA.HT.8015.01,0.263834050819186,0.475658588849824,0.0606432952742795,0.0619150765782002,0.137948988478511,0.820445663278137
TCGA.RY.A845.01,0.371389907845096,0.110071939757223,2.48669543077438e-05,0.42176888017206,0.0967444052713138,0.746279074544099
TCGA.DU.7010.01,8.16000677935767e-06,0.471921929294331,0.0212356292316418,0.478730103769657,0.0281041776975909,0.552557877640283
TCGA.S9.A6U2.01,0.835852482822953,0.0946913658448134,0.0278694743779377,1.56172236258545e-06,0.0415851152319328,0.375977282062645
TCGA.DU.A76K.01,0.106149763609515,0.707623111348114,0.00155457890429889,0.0213199488971195,0.163352597240952,0.541104753754888
TCGA.DU.7294.01,0.76139640771596,3.66486143280175e-05,0.0427918729180001,0.109998451725789,0.0857766190259223,0.494739797897928
TCGA.DU.6405.01,0.137048870112139,0.689976473270374,0.0232976742680507,0.130423307157393,0.0192536751920428,0.595070361164044
TCGA.DU.8168.01,0.781419039200127,0.0360008333601481,0.0140131052218757,0.168561999717454,5.02250039522139e-06,0.417778730006794
TCGA.QH.A6X3.01,0.183998532885314,0.0543871673149641,3.11446575326855e-08,0.730116931375339,0.0314973372797251,0.502290455977746
TCGA.DU.6401.01,0.0656284685035497,2.69288916617334e-05,0.0132473615594889,0.809277707050923,0.111819533994377,0.405455460061788
TCGA.DU.6396.01,5.81588039326484e-06,1.48097808399996e-05,0.0457857025719505,0.926521550848191,0.0276721209186257,0.193488209322105
TCGA.E1.A7YH.01,0.128583384174217,1.39080195487459e-05,4.80440265144533e-05,0.763430172495932,0.107924491283788,0.441601946581069
TCGA.DU.7306.01,0.23270293003561,0.00889548477704418,0.00954029590442692,0.670567162678878,0.0782941266040401,0.55490562376996
TCGA.HT.A74H.01,2.7003738014072e-05,0.636639247717974,1.83878778764827e-05,4.86849260158673e-06,0.363310492173534,0.407515483122624
TCGA.DH.A7US.01,0.729029899205736,0.0609858069056074,0.000599505828422082,0.0788681213578828,0.130516666702352,0.541508104205676
TCGA.FG.A87N.01,0.234612803240239,0.210204530375218,0.10620081364808,0.400456475090554,0.0485253776459093,0.88194975047988
TCGA.HT.7478.01,0.0665193100291236,1.1641744448091e-05,0.0231155899272233,0.738805886176173,0.171547572123032,0.493073329025814
TCGA.DU.7290.01,0.000122724275757878,0.569553901821327,0.00024809141421017,0.370378152667004,0.0596971298217008,0.534281782259604
TCGA.DU.8164.01,0.850818741936558,0.0848575630386097,0.0216312287937198,0.013988489952753,0.0287039762783594,0.367426301336941
TCGA.DB.A64L.01,0.646169563168595,0.07598516864348,1.9988625262282e-05,0.207166116432226,0.070659163130437,0.616110339133236
TCGA.VV.A829.01,0.592020319733556,2.70064791115131e-05,0.0366893252290631,0.323701329491259,0.0475620190670106,0.585218036738607
TCGA.HT.A61B.01,0.0365545528102102,0.155834007065246,0.000703897340405741,0.646837874936754,0.160069667847384,0.615636434865053
TCGA.DH.A66B.01,0.0926541499471644,0.0146066563174354,0.00745446571599443,0.773695484949888,0.111589243069518,0.473385082226999
TCGA.FG.8182.01,0.37498489185776,0.0145919664293699,0.010003687375748,0.576301735281407,0.0241177190557144,0.548643837285748
TCGA.HT.7603.01,0.100920008490455,0.0412000456373709,0.0194162386642021,0.554550576665017,0.283913130542955,0.698267008400525
TCGA.DU.6397.02,0.558124334079204,0.0205029857256022,0.057073341283692,0.237028804216802,0.1272705346947,0.728321405994912
TCGA.DU.6397.01,0.89943869041958,1.16842880573293e-05,0.0455065260538755,1.01425929089306e-05,0.0550329566455779,0.24590710520489
TCGA.HT.A4DS.01,0.000236351664201306,0.539341658495754,0.0233114254661511,0.0104728994633739,0.426637664910519,0.518040353023102
TCGA.DU.5853.01,0.286599676811821,0.0614951374536242,0.0113036516403956,0.553311304408741,0.087290229685418,0.696298778273707
TCGA.CS.5394.01,0.91084544664221,0.063730342852567,6.71306721773755e-06,0.0105485887534715,0.0148689086845342,0.230628628261605
TCGA.TM.A84B.01,0.101431938721653,0.857203190372946,2.00702223024567e-05,1.44987801012146e-05,0.0413303019029975,0.308340690308836
TCGA.DB.A64P.01,0.691661753700702,0.0792766692783254,0.000451615030749603,0.164908202622481,0.0637017593677424,0.579113599713839
TCGA.DB.A4XF.01,0.231046057811075,2.74079151857129e-05,0.0172575615968843,0.746293867507947,0.00537510516890756,0.407186864147106
TCGA.HT.A617.01,0.105126203920293,0.763275160070712,0.0214769468336207,4.20946461641698e-06,0.110117479710758,0.47748190682011
TCGA.TQ.A7RV.01,0.254705040082086,0.0777054756478175,0.00348725480199148,0.583675435004072,0.0804267944640326,0.673259665414119
TCGA.TQ.A7RV.02,0.00826406092277888,0.132529130984379,0.0211573167396446,0.718301733465959,0.119747757887239,0.547306633842152
TCGA.HT.A5R7.01,0.299912686478529,0.240055073534579,0.00807340202580482,0.318690356745739,0.133268481215348,0.854729598400522
TCGA.HW.A5KL.01,0.299400577211044,3.67730140869568e-06,0.00719086590491256,0.613011641247723,0.0803932383349118,0.558734910120425
TCGA.DU.8158.01,0.113567539972684,0.475065305164947,0.114219643493983,0.254942715814157,0.0422047955542282,0.826673109961339
TCGA.HT.7474.01,0.295860016645207,0.119169865278766,0.033767734009733,0.328413301349779,0.222789082716515,0.887538342163058
TCGA.DH.A7UU.01,0.159952354229092,0.176766526646854,0.0124085694036328,0.597136072765239,0.0537364769551824,0.695248442907454
TCGA.QH.A6CZ.01,0.834416613410579,0.0401954163922031,0.000468593292038821,0.0772648269816768,0.0476545499235026,0.389400628937106
TCGA.RY.A83X.01,0.751152433077629,0.0628083025904697,8.17797632778508e-06,0.125355472971759,0.0606756133838151,0.50900224815335
TCGA.DH.A669.01,0.45637761400458,0.18445579780129,0.0293040071991652,0.239455988070279,0.0904065929246851,0.828114026327969
TCGA.QH.A6X9.01,0.478127799675327,0.0542876367225024,0.0117975217253601,0.440269920267308,0.0155171216095021,0.6146047923697
TCGA.HT.8563.01,0.200073791340849,8.84836971093923e-05,0.000402565929455686,0.79792950083312,0.00150565819946638,0.320491175908429
TCGA.DU.5871.01,0.000360898588183653,6.15102889872078e-06,0.0187581848084873,0.908994790869141,0.0718799747052895,0.219638559333123
TCGA.TQ.A7RJ.01,0.188930352113825,0.0218315128641429,0.000239523693312849,0.72737899017398,0.0616196211547393,0.499285362710666
TCGA.FG.8186.01,0.698313401849482,0.142954855792335,0.00362487122218384,0.0937699708417826,0.061336900294217,0.585524860714039
TCGA.TM.A84J.01,0.243580582163307,0.214252981671056,0.0892079446245397,0.408351017415715,0.044607474125383,0.866226749222063
TCGA.VM.A8CB.01,0.708282954415945,0.000974338352134641,0.00428657791474662,0.184878723870721,0.101577405446452,0.508754470804181
TCGA.HT.7483.01,0.256992569203067,0.132902104119383,0.0197140457614477,0.495979233441156,0.0944120474749457,0.786243900286875
TCGA.HT.7687.01,0.775920668347194,0.0118403662886489,0.0472552612738911,0.135871621434792,0.0291120826554736,0.477046953896979
TCGA.TM.A84G.01,0.78360506180218,0.0492893718869688,0.0314394227071742,0.0941357670843524,0.0415303765193248,0.498796832001825
TCGA.E1.A7Z6.01,1.0143300484755e-06,7.36471874727023e-07,5.7506926076079e-06,0.957856462691088,0.0421360358143815,0.108593893193098
TCGA.DU.7014.01,0.200630680748972,0.00013702594469702,0.0347737581860374,0.603843766244881,0.160614768875412,0.645329439191973
TCGA.HT.A74O.01,0.020043643127476,0.072829995617469,0.000496940053831867,0.616966702108988,0.289662719092235,0.577714966870033
TCGA.DU.A76O.01,0.423249002451483,0.0797616343980273,3.01092507006991e-07,0.339773124521971,0.157215937536012,0.760050462692308
TCGA.DU.A5TW.01,0.184989296011145,0.0826082070244742,0.000196945386476415,0.622854322660394,0.109351228917511,0.656588546489751
TCGA.HT.7857.01,5.87076191243783e-05,0.139895641941809,0.395918650493464,0.344142552072876,0.119984447872727,0.785413830105136
TCGA.FG.5962.01,0.821504121729805,0.0666989145467165,0.0113184772505651,0.0407539697992232,0.0597245166736897,0.429691383373059
