S6,S5,S2,S7,S9,S8,ITTH
TCGA.FV.A495.01,0.332351362902998,0.164316478553722,0.0158767335488112,0.248849031375566,7.26281264987295e-07,0.238605667337637,0.790661708470926
TCGA.CC.A3MB.01,0.769866780177725,0.0536527007206155,0.0396913603850127,0.000419601071560634,0.0607700676768033,0.0755994899682826,0.477209408315024
TCGA.BC.A3KF.01,0.718802842392543,0.215563246333519,0.00017300482453031,0.0130427303033252,0.00630103605186054,0.0461171400942223,0.446497382597664
TCGA.DD.A4NV.01,0.52489031604619,0.383483656149464,0.0354654874427026,6.03481048775386e-05,0.027729334021593,0.0283708582351729,0.572273879169787
TCGA.CC.A1HT.01,0.743677825341414,0.00201384311581738,0.0751627157390459,0.00329224418727894,0.0202430001136407,0.155610371502803,0.454598650624465
TCGA.BD.A3EP.01,0.644888337333968,0.103293974782928,0.0910613771425062,0.0115138644601034,0.0681319617345617,0.081110484545933,0.655091159807181
TCGA.CC.A3MA.01,0.687262185691075,0.000106121202309112,0.0602064604896085,0.000713386758148,0.0966514699619493,0.15506037589691,0.529051174895056
TCGA.ZP.A9CV.01,0.484470920697358,0.136123318663621,0.145130074401269,0.125390011049242,0.108508188512644,0.000377486675865995,0.785253555510775
TCGA.DD.AACY.01,0.460534719421745,0.116580547070146,0.000926134155006131,0.143570766204984,0.217411859028394,0.0609759741197243,0.778616195786881
TCGA.XR.A8TG.01,0.635031034863449,0.276204128784695,0.00398984025255948,0.0195770584155537,0.0525643470814892,0.0126335906022535,0.531787087948773
TCGA.CC.A9FW.01,0.442256944016195,0.000119775016640514,0.0891232357574983,0.000159764503036326,0.367501818534044,0.100838462172585,0.657455779047035
TCGA.BC.A10Y.01,0.654635344589944,0.246787818564615,0.000138299575012368,0.0432635147295848,0.000387434252435398,0.0547875882884082,0.514535785769435
TCGA.KR.A7K7.01,0.165170013936145,0.000417453026238052,0.160915327187037,0.00725574867515891,0.253778610463079,0.412462846712342,0.749923725800401
TCGA.ED.A459.01,0.840703077379017,0.112417224889722,4.80319820986261e-07,0.00163279389582876,1.39445645973988e-06,0.0452450290591517,0.302571699843987
TCGA.PD.A5DF.01,0.689770057280219,0.207673034783281,5.5999030119146e-06,0.0333972795314991,2.01383522331352e-07,0.0691538271184674,0.491658404785946
TCGA.ED.A5KG.01,0.555434253891536,0.00040042928936654,0.010307918889343,0.000739358794743251,0.347466584161817,0.0856514549731949,0.535789830085004
TCGA.DD.AAVX.01,0.0238144842161283,0.165081580573118,0.392415534869539,0.224232393571189,0.165461275508555,0.0289947312614691,0.831037856221513
TCGA.ED.A7PY.01,0.458901389759103,0.0540945719374283,0.00571313831622848,0.117664750803081,0.304234485226359,0.0593916639578007,0.740204045450398
TCGA.RC.A7SF.01,0.585781339424548,0.228793731169703,0.0213770273023054,0.0485951173120597,1.03690510259028e-10,0.115452784687693,0.630192818600411
TCGA.DD.AAW0.01,0.552908354828364,0.238036027157006,0.0798917327346747,0.0514589364432207,0.0628375826043457,0.0148673662323892,0.703397513070584
TCGA.ED.A66X.01,0.46824212687806,0.0231517004000675,2.33267182705324e-07,0.0202067145349313,0.424462049143778,0.0639371757759802,0.592081846376524
TCGA.DD.AAC8.01,0.248716480743184,0.00110105211474292,0.543343298196164,0.00170111864433063,0.0416352978606481,0.163502752440931,0.627489505027681
TCGA.FV.A3I1.01,0.683371838226184,0.115295453225239,0.070623448094256,0.0323912839661483,0.0564790863974798,0.0418388900906926,0.61538631219697
TCGA.RC.A7S9.01,0.185211682079223,0.000448445699209942,0.00126904552461742,0.09219178497769,0.687745447962587,0.0331335937566722,0.51030921377349
TCGA.ZP.A9D2.01,0.850214616034179,0.000455495925042788,0.0198432309100184,0.000339792475978895,0.114704226746618,0.0144426379081631,0.296661094319469
TCGA.G3.A5SL.01,0.150484330174277,0.265643841475149,0.510795094929244,4.67088792799479e-05,0.0322335281651512,0.0407964963768978,0.681999215575196
TCGA.CC.A3M9.01,4.86457953503278e-06,0,5.07011124489405e-06,0,0,0.99999006530922,7.32582527645678e-05
TCGA.BC.A216.01,0.689117123412445,0.131201695573934,0.00029065702480154,0.000141015373509876,0.123237650351452,0.0560118582638575,0.528045980538118
TCGA.ED.A7XP.01,0.5426201718777,8.97569477705647e-07,0.331959070872195,0.0562197156566244,0.0277106904911971,0.0414894535328064,0.608918704624099
TCGA.DD.A11A.01,0.571463748977818,0.289646053806917,0.0488381784133401,0.0171124778490772,0.0507847501122852,0.0221547908405629,0.631491498894974
TCGA.DD.A73B.01,0.613254338999538,0.325540815594823,0.00226679762144611,0.0346662833330603,0.0141085486485697,0.0101632158025636,0.503592262068945
TCGA.DD.AACA.01,0.198205191418854,0.0252017307249045,0.551204430895026,0.00264869674909359,0.131897231093512,0.0908427191186094,0.693551028528934
TCGA.DD.A1EH.01,0.506584128933969,0.00316769303309358,0.00040488700770776,0.00572310746366381,0.476426748615323,0.00769343494624216,0.438753919243322
TCGA.DD.AA3A.01,0.662700467881527,0.000604558157029491,0.0328527324218289,0.00144261525396295,0.0241277566816042,0.278271869604047,0.471382223739311
TCGA.RG.A7D4.01,0.365142760443139,0.0205184540237805,0.196710352339585,0.00486551215652891,0.234835361523394,0.177927559513572,0.804123798995424
TCGA.DD.A73F.01,0.629153794378215,0.292213823851527,0.000433527544966472,0.0433993212427857,0.00369263325880555,0.0311068997236999,0.513008603789399
TCGA.WX.AA46.01,0.0878035130387604,0.54087815679405,0.196734240403177,0.0354213811971546,0.0899925094695811,0.0491701990972765,0.752902380012866
TCGA.K7.AAU7.01,0.775549572902036,0.0123672646473075,0.0421621052147735,0.0027500965286809,0.0112078440049219,0.155963116702281,0.41372971547704
TCGA.DD.A3A2.01,0.2959995436579,0.519071169192876,0.0943420784475172,0.00759215095898434,0.0189409747843834,0.0640540829583398,0.676230167939915
TCGA.EP.A26S.01,0.208362146250971,0.176844913848204,0.409051860678796,0.0245809066866326,0.132010708693954,0.049149463841443,0.840139109390105
TCGA.FV.A2QQ.01,0.521887583457608,0.163812982615544,0.0967632358112189,0.0834606885421559,0.0157594927994834,0.11831601677399,0.774055738071743
TCGA.3K.AAZ8.01,0.447103918740018,0.0970426015648213,0.139133337913735,0.180901830550097,0.092793657584553,0.043024653646775,0.851647201791653
TCGA.DD.A3A5.01,0.444827841849577,0.351898931229593,1.86885984864614e-05,0.130263888939487,4.48210208957441e-05,0.0729458283619612,0.661360061192854
TCGA.DD.AADP.01,0.229893870855394,0.171278216657538,9.95266803343037e-05,0.0472540077007401,0.519986778543892,0.0314875995621021,0.688860549779681
TCGA.DD.AAD2.01,0.390732048363711,0.308547325435931,1.46537597034172e-08,0.0649460740448922,0.162416708347132,0.0733578291545736,0.778241538736922
TCGA.ES.A2HT.01,6.16629012063761e-05,0.000445474878863617,0.000147037016551637,0.968889969479888,0.0238925889579961,0.0065632667654939,0.0882718450403187
TCGA.CC.A8HU.01,0.738884072207376,0.0126891732459365,0.0217265970826025,0.0120258723384465,0.0997611004176155,0.114913184708023,0.498917328423499
TCGA.ES.A2HS.01,0.116901477761451,0.37241092098196,0.0345248050509828,0.195430404325301,0.000150731328849079,0.280581660551456,0.788024302140878
TCGA.2Y.A9H0.01,0.851801129357721,0.0883603568212955,0.00258703024822408,0.0052342201896397,3.33388142756778e-05,0.0519839245688437,0.305832154996358
TCGA.2V.A95S.01,0.697014318298901,0.0011240688793043,0.000298215390758653,0.0204190173886453,0.116896700568517,0.164247679473874,0.495996040397117
TCGA.2Y.A9GU.01,0.448628265914526,0.193756722061878,0.000426878042983561,0.0667110619571678,0.286600008755753,0.0038770632676919,0.69272383514058
TCGA.RC.A7SB.01,0.516886329551037,0.256445172722829,0.114491587560728,0.0535058656835229,0.00314073656896628,0.0555303079129175,0.710762811086194
TCGA.FV.A4ZP.01,0.132147178223961,0.000480708283500858,0.00014252750096367,0.0392758164550495,0.000456504092377172,0.827497265444147,0.312384949398899
TCGA.DD.AAD3.01,0.565870536481879,0.203329703381292,0.0115928224415038,0.0439597766548328,0.141423465803058,0.0338236952374353,0.684403325181522
TCGA.DD.AAW2.01,0.357845414627737,0.161904457274457,0.328624640568543,0.0247565979018698,0.043169274604992,0.0836996150224015,0.816563233168333
TCGA.DD.A39V.01,2.0616738793467e-05,4.1813674779584e-05,0.497141817080774,0.029407472015378,5.96766313027122e-06,0.473382312827144,0.449772299579795
TCGA.DD.AADD.01,0.445511387101616,0.0133230134578067,0.13776862130954,0.0105491739730262,0.35858506540325,0.0342627387547612,0.682119866589418
TCGA.DD.AADW.01,0.665836117797152,0.00889037636026123,0.011357000653491,0.00045924547876369,0.287161795484217,0.0262954642261158,0.458288630597498
TCGA.DD.AACS.01,0.715915103395269,0.110968716249038,0.0395032873374696,0.0242478651327071,0.096729260660039,0.0126357672254773,0.548196087996326
TCGA.2Y.A9H4.01,0.566439804437004,0.293263270543972,0.00145283624864112,0.0603757097190599,0.000490478499578019,0.0779779005517448,0.593472470446619
TCGA.DD.AADV.01,0.582449724529092,0.255974498011569,0.0396402808165679,0.0328801546696215,0.0312057473020383,0.0578495946711109,0.65685734615783
TCGA.G3.A7M7.01,0.478912505430659,0.205826268233474,0.076659911028871,0.133936813295606,1.07528208653793e-05,0.104653749190524,0.770438620371638
TCGA.DD.A4NK.01,0.388486215820293,0.464558197931258,0.052668162269537,0.0566611302634267,0.0376261016574137,1.92058071915856e-07,0.64997030500939
TCGA.ED.A97K.01,0.795028577004802,0.0297540283199241,0.0993278433438206,0.0014497841147549,0.0264929479677431,0.0479468192489556,0.428426094502134
TCGA.T1.A6J8.01,0.645002877215419,0.14188714286737,0.0690932971258504,0.0895777934557382,1.10612330694981e-05,0.0544278281025531,0.624646915508268
TCGA.DD.AACV.01,0.60831569726428,0.269212126930803,0.0164975896878311,0.0735708292774308,0.00367977657262207,0.0287239802670331,0.579285065395033
TCGA.DD.A4NF.01,4.17308528812744e-05,0.0731813309493274,0.85292443479219,0.00356247803204068,0.068993037774296,0.00129698759926437,0.301735943113716
TCGA.DD.A3A8.01,0.0267584108303763,0.218826639713296,0.562024689547577,0.0974442625471711,0.0512356054835328,0.0437103918780468,0.708348548127857
TCGA.G3.A25S.01,0.617146712004679,5.76706185784437e-07,0.112705306736665,0.0823422517736305,1.06538014505831e-07,0.187805046240825,0.593596485301131
TCGA.DD.A1EL.01,0.391069788574043,0.0128891965067734,0.428209545549897,0.0265279523419954,0.0220359544978776,0.119267562529414,0.68111500128568
TCGA.DD.AACH.01,0.781305949264215,0.003114198733048,0.149408795928818,0.00129986275889629,0.0063350024862582,0.0585361908287644,0.391606287521596
TCGA.WQ.A9G7.01,0.725396963320901,0.000418021778137168,0.00228419251188645,0.0111357894222498,0.0351521312827034,0.225612901684122,0.420660066330564
TCGA.DD.A4NO.01,0.501735060245854,0.218071506529511,0.167244178594017,0.0313101770585923,0.0532373087593904,0.0284017688126356,0.749527971216777
TCGA.G3.A7M9.01,0.632979829570491,0.00279818366874447,0.0136712022392082,0.00430299015143395,0.180045921809706,0.166201872560416,0.555322521054978
TCGA.CC.5261.01,0.729984619151105,0.00722601924708037,0.00334177068870349,0.000640198864875729,0.232546738516353,0.0262606535318826,0.404028735992232
TCGA.ZS.A9CG.01,0,0.257875125235122,0.654834910540605,0.000233748943358983,0.0069542757989191,0.0801019394819956,0.483017738758459
TCGA.5R.AA1D.01,8.58274387594524e-05,0.491358111021377,0.0609707852437198,0.206287121840366,0.156380692582589,0.0849174618731889,0.751051606936334
TCGA.BC.A69H.01,0.0895262533720297,8.43394874884992e-05,8.53859509603973e-05,6.45580533301509e-05,0.384679735553778,0.525559727582414,0.515610719116668
TCGA.DD.AAVZ.01,0.322528928493658,0.115430023037758,0.0370861559433042,0.0607265361746033,0.452670838785128,0.011557517565548,0.734930026782863
TCGA.DD.AAD0.01,0.479076385764798,0.10930482912324,0.30252428392279,0.0263658561974774,0.0518244285761854,0.0309042164155087,0.732747577032842
TCGA.EP.A2KA.01,0.467909968854738,0.0320642539520674,0.000189129750913775,0.0461622423188847,0.172286449718293,0.281387955405103,0.708273275516849
TCGA.2Y.A9HA.01,0.469966779764482,0.070686106577281,0.317496714360294,0.0274238612646306,0.0579467152764744,0.056479822756838,0.743626121657302
TCGA.DD.AACD.01,0.000165415300836695,0.000304349306215547,0.280966562057729,0.46341680827156,0.000168209029902785,0.254978656033756,0.595467003142032
TCGA.DD.AAE7.01,0.293361158174483,0.360565670680939,0.0940378934222552,0.110779819788489,0.102201867467285,0.0390535904665483,0.86695019124561
TCGA.BC.A8YO.01,0.678410280629957,0.159819913994271,0.115766580716832,0.00206784079350619,0.00872779280439272,0.0352075910610416,0.545768658484375
TCGA.DD.AAE2.01,0.399252236209084,0.538123443055684,1.42143358411614e-05,0.0254129609752519,0.000119562309494696,0.0370775831146444,0.511655886010434
TCGA.DD.AAEG.01,0.584117086330953,0.115571468525391,0.0667408823407643,0.109699795723698,0.0672761629690364,0.0565946041101577,0.74264825599571
TCGA.XR.A8TF.01,0.0701436159504558,0.213060538741331,0.279490025702972,0.0290104826451254,0.292949887138013,0.115345449822103,0.88382560361735
TCGA.CC.A5UC.01,0.374108214608033,0.0358210367425258,0.0353332629710503,0.000209013045265735,0.420533933572851,0.133994539060274,0.692377007505762
TCGA.KR.A7K0.01,0.214942281439678,0.0598534976540886,0.604598799153956,0.0619447980716621,2.77075336301404e-07,0.0586603466052794,0.637295791221684
TCGA.CC.5263.01,0.871879483988305,9.97796082881792e-05,0.00370574538008703,0.000493805934374018,0.0486890722318104,0.0751321128571352,0.271573445494216
TCGA.K7.A5RG.01,0.690563160972801,0.128241846157931,0.0952890339785803,0.0144811458571431,0.0288077707741784,0.0426170422593668,0.581029725580152
TCGA.G3.AAV4.01,0.283408768634781,0.0910099155739804,0.469842131781811,0.000842690235655807,0.0904390643220418,0.0644574294517294,0.742507334270341
TCGA.ED.A627.01,5.03685398765647e-10,0.667829399439731,0.122406647762088,0.0521393599062892,0.140945422916502,0.0166791694717052,0.572161814007226
TCGA.2Y.A9GZ.01,0.455384299852918,0.493315288588051,0.00740388948134067,0.00447715937517864,0.00782299560857976,0.0315963670939322,0.510354352230411
TCGA.DD.AACX.01,0.463493526358151,0.087749841218261,0.365872098184106,0.000550265337226634,1.34400860390952e-05,0.0823208288162164,0.640514748742731
TCGA.DD.AAVR.01,0.328174074520405,0.199358035067362,0.0721733066066218,0.156176404313127,0.138443582053374,0.105674597439111,0.936560126297465
TCGA.G3.A25T.01,0.188856445879734,0.000387435478096151,0.000826313968842327,0.10460805233092,0.000111093498643762,0.705210658843764,0.450483456535143
TCGA.MR.A8JO.01,0.156004132699141,0.0942098897293663,0.096455546994844,0.106773805114871,0.341444039848847,0.205112585612931,0.931297675948566
TCGA.DD.AAEK.01,0.297497410989399,0.205454915198509,0.312885612631762,9.14524415883645e-07,0.147562420043063,0.0365987266128516,0.810817339509199
TCGA.DD.A1EE.01,0.368035714666317,0.000301493306904893,0.61348634202336,0.0010316078330458,0.000658953166579435,0.0164858890037923,0.418399202812769
TCGA.DD.AACL.01,0.543818243024138,0.000394726473645646,0.00614178227401995,0.000336684908387562,0.261520874605829,0.18778768871398,0.576613173280887
TCGA.KR.A7K8.01,0.555806321739752,0.240397988753786,0.0275625280482507,0.0393990546233471,0.0128132895065453,0.124020817328318,0.67543943410076
TCGA.FV.A3I0.01,3.72514570589958e-05,7.47183035409375e-05,5.33872751179718e-05,2.91300301711483e-05,4.4238917535976e-05,0.999761274016575,0.00145193641759547
TCGA.DD.AADA.01,0.413697924734567,0.113338624386713,7.34821946795417e-05,0.0759630022178681,0.31716334706601,0.0797636194001629,0.767023339025129
TCGA.G3.A5SM.01,0.535300843354089,0.232034699248354,0.104169225476027,0.106492960855855,2.11251368490241e-05,0.021981145928826,0.68745335694416
TCGA.G3.A3CH.01,0.495394623820741,0.332149950565086,0.0241716836585889,0.0625104426232765,0.0483881402423246,0.0373851590899826,0.695822245983932
TCGA.G3.AAUZ.01,0.268350680761979,0.339627817347628,1.46018190210617e-06,0.184314274077671,3.62804588962111e-06,0.20770213958493,0.757895787985923
TCGA.DD.AAVV.01,0.698368139795161,0.0344312506733952,0.0401458355060658,0.049382566294464,0.064431149776076,0.113241057954838,0.5958875509467
TCGA.DD.A4NP.01,0.000361973920503051,0.310934565370301,0.557204415797214,0.0434889799082499,0.0535975429016664,0.0344125221020649,0.614533116086974
TCGA.ED.A66Y.01,0.555514842134493,0.000329234652269861,7.29939970934542e-06,0.0044060839624412,0.395680424504528,0.0440621153465584,0.478644894508982
TCGA.LG.A6GG.01,0.49843939949938,0.273717729725928,0.0398067615883996,0.0348190707571159,0.135315173809656,0.0179018646195211,0.719736952207243
TCGA.DD.AAE4.01,0.133004000304082,0.489209502061166,1.83117716351096e-06,0.188508945144073,3.12629557759582e-05,0.189244458357739,0.696533819751164
TCGA.HP.A5MZ.01,0.518566636737639,0.240808837680289,0.132355382263079,0.048874938401385,2.61402562035983e-05,0.0593680646614046,0.706850009646025
TCGA.G3.A5SI.01,0.582409277309511,0.205912407947364,0,0.0836739669547693,0.0984889778749103,0.0295153699134449,0.658616130216874
TCGA.DD.A1EI.01,0.589189943303178,0.100589897899393,0.0360586910729951,0.000487102412149754,0.210537149883212,0.0631372154290722,0.652255049960941
TCGA.G3.AAV1.01,0.347248621611948,0.111771264571717,0.382997157475788,4.45915837568142e-05,0.105266256874458,0.0526721078823311,0.765875794617743
TCGA.DD.A113.01,0.701872542916714,0.0530446148854083,0.0336420494155596,0.0611773030099017,0.139247334926887,0.0110161548455288,0.565628520393479
TCGA.DD.AACB.01,0.178222739024212,0.000621232974443598,0.418250564559457,0.0111257929279865,0.142200132250448,0.249579538263453,0.753658209871089
TCGA.CC.A9FS.01,0.502812024773091,0.229099456624689,0.15137572873059,0.0387089946059413,0.0313805318482295,0.046623263417459,0.751510223620419
TCGA.BC.A5W4.01,0.529282523676234,0.155855116674246,0.137412068295685,0.0959245335603311,0.00265543407597642,0.0788703237175277,0.747939969823391
TCGA.2Y.A9H5.01,0.581724286222936,0.0859619418428668,0.000141075724654761,0.0331063355971666,0.272274180549761,0.0267921800626143,0.609100879822682
TCGA.BW.A5NO.01,0.627166327328285,0.182843174554339,1.92826851337596e-05,0.0557188880428564,0.00605159993157018,0.128200727457815,0.590827524746819
TCGA.CC.A7IE.01,0.184377348877427,0.0150822611240688,0.00375511971690039,0.0020386007662008,0.407134185034671,0.387612484480732,0.637258960735806
TCGA.KR.A7K2.01,0.457926689198573,0.0634181114217371,0.000238153908396561,0.224028822337945,0.158660413931249,0.0957278092020997,0.773760174741384
TCGA.DD.AADM.01,0.454096099114198,0.0920275419021436,0.137358436670012,0.143832718831505,4.08926516852996e-06,0.172681114216973,0.799744087352484
TCGA.CC.5258.01,0.501453503099807,0.0191523065706605,0.0239140291622164,0.00490916167948679,0.351679215221114,0.0988917842667149,0.63266510706976
TCGA.BW.A5NQ.01,0.387703197928346,0.0122302552339855,0.258486323604595,0.0037751404070736,0.233670644748004,0.104134438077997,0.763086171112939
TCGA.2Y.A9GX.01,0.518134066880972,0.313179805519013,0.112306708334325,0.000527677986318714,0.0427056962621142,0.0131460450172568,0.639279666563809
TCGA.LG.A9QC.01,0.286264855838974,0.0959944019976438,0.393266975275149,0.0595324150866181,0.161328202863862,0.00361314893775269,0.799571066183619
TCGA.DD.A11C.01,0.445814923375169,0.431508953774383,0.0416247561255099,0.000124690464375865,0.0435987206454305,0.0373279556151317,0.622621228673734
TCGA.BC.A10Q.01,0.781801411047519,0.00015920503185313,7.2400896699323e-05,0.0462515918132691,0.000673109694577741,0.171042281516081,0.359221377836317
TCGA.4R.AA8I.01,0.460860194173859,0.278002401265526,0.196931895013369,0.0440836885077246,7.15603099314598e-05,0.0200502607295898,0.697396406543767
TCGA.FV.A4ZQ.01,0.242326107464657,0.00131075700962134,0.218540056295838,0.00585297655925828,0.421414943681843,0.110555158988783,0.737967919918079
TCGA.BC.4073.01,0.72355446682893,0.0588013791410516,0.000820846860359838,0.00476546560185751,0.13500465041539,0.0770531911524106,0.502245622465899
TCGA.DD.AADQ.01,0.434192696609445,0.267028468590301,9.31837708061511e-05,0.00566561351562981,0.137281076181059,0.155738961332759,0.729563606133402
TCGA.DD.A1EA.01,0.393878834222915,0.118997482068182,0.426922348552872,0.000560759841151378,0.0435959557378798,0.0160446195769994,0.664564494962509
TCGA.WQ.AB4B.01,0.464478439223063,0.100938636547888,0.0650894510495941,0.197920036599612,0.0210079799526973,0.150565456627147,0.810552694839993
TCGA.RC.A7SH.01,0.700268732941168,7.72972299372791e-05,6.88471865158828e-05,0.0389519464002574,0.152093065790764,0.108540110451357,0.504959556010644
TCGA.BC.A10T.01,0.512995030740223,0.3514066296436,0.0112063906926492,0.0230321675724282,0.00299069870527459,0.0983690826458255,0.609796756458954
TCGA.DD.A39W.01,0,0,0.45293814614801,0,0.547058131855771,3.7219962182612e-06,0.384403709801592
TCGA.RC.A6M5.01,0.059838790721055,0.350774954330454,2.33216534605875e-05,0.183700096785694,0.346450446467825,0.0592123900415112,0.771376490755599
TCGA.UB.A7MD.01,0.281739582535534,0.00437710407555209,0.577502239266428,0.0823246236769802,0.00081270651110736,0.0532437439343987,0.594532029365866
TCGA.2Y.A9H6.01,0.443647143936369,0.188710854292813,1.7675683403847e-06,0.11572673270346,0.228873222671012,0.0230402788280048,0.753005197451863
TCGA.5C.A9VG.01,1.10672524352095e-05,4.24780863903405e-06,0.0116048434154321,0.0359817779683833,0.910307957596952,0.0420901059581585,0.217890195922537
TCGA.CC.5264.01,0.86735756517267,0.0233467347545624,0.00685417987969468,0.000229868151760057,0.0565720810520265,0.0456395709892867,0.307298836859559
TCGA.DD.A4NS.01,0.211709869694459,0.325761515696926,0.267786909946882,0.00644503115970832,0.151606128874069,0.0366905446279553,0.829725013355915
TCGA.QA.A7B7.01,0.77628573187948,0.157765161168108,0.00548790718498738,0.000666708590437994,0.0104200355533938,0.0493744556235928,0.400417639720241
TCGA.DD.AAEB.01,8.69869495513947e-05,0.18947503456493,0.480317133769144,0.218198721813911,0.000103924229003829,0.11181819867346,0.695591992596731
TCGA.DD.A3A6.01,0.00549510446185989,0.00160800666862162,0.041149307759284,0.0223488929953725,0.00416157159330467,0.925237116521557,0.195274715557973
TCGA.UB.A7MF.01,0.758701053175588,4.2184300789609e-06,1.24523349667806e-05,0.149111519144218,0.0168519365432361,0.0753188203719122,0.4225244563804
TCGA.DD.AACW.01,0.158962186184895,0.012938809697644,0.000190903740470809,0.0305395180312643,0.76160354761053,0.0357650347351962,0.437173044391954
TCGA.G3.A7M6.01,0.686283960233801,0.00811415239218333,0.0474431188351582,0.00297184013356885,0.155961246843891,0.0992256815613984,0.546043614338638
TCGA.GJ.A6C0.01,0.785024976523749,0.174969631074385,3.14107935181924e-08,1.55011173543188e-07,4.40709856032253e-08,0.0400051619089128,0.348135184411294
TCGA.DD.A3A3.01,0.0139520911391056,4.57030900590985e-05,0.24995821600385,0.187591548710342,0.0993753595391156,0.449077081517527,0.730850278472433
TCGA.WX.AA44.01,0.761333205596389,0.00558309996948957,0.0452744545353919,0.0138190726206353,0.095019661669225,0.0789705056088688,0.479968923014643
TCGA.MR.A520.01,0.40317208681938,0.549598309759726,0.00524306017812686,1.17631267955588e-05,0.00848620564885781,0.0334885744671136,0.489514938880073
TCGA.DD.AADK.01,0.628898782506731,0.10439388906483,6.58403267060633e-08,0.112885648268629,0.0837653550016977,0.0700562593177864,0.651742403044258
TCGA.DD.A73D.01,0.240798396783024,0.185972089325537,0.404683364983582,0.00150070216567254,0.0877699971944161,0.0792754495477676,0.807046644020857
TCGA.DD.A4NN.01,0.525483370289788,0.00278961014171518,0.00124795587528809,0.0294172002330578,0.338421114392078,0.102640749068073,0.595464227933425
TCGA.ZP.A9CZ.01,0.698703371295014,0.154999479923731,1.12644968728617e-05,0.0243620970448102,0.0854561164606282,0.0364676707789437,0.536377998326857
TCGA.G3.A6UC.01,0.286772064650387,0.314221616885142,0.271568946262106,0.0211226691652859,0.0745632597324704,0.031751443304609,0.815147863957661
TCGA.CC.A7IH.01,0.266864798820797,0.0999096576176005,0.485450580512189,0.03195588949324,0.0876094385942657,0.0282096349619078,0.757638394487294
TCGA.BC.A69I.01,3.6766234058834e-07,0.225019539844068,0.441118760386143,0.137474860045346,0.129099648633034,0.0672868234290687,0.789917713637637
TCGA.K7.A6G5.01,0.361407521464359,0.295841179940518,0.0664103414958866,0.217783458991449,0.00896833298855259,0.0495891651192355,0.798898904413244
TCGA.BC.A10U.01,0.627841080691662,0.0641045310430773,0.205546312755215,3.57403822059168e-06,0.0489928611741235,0.0535116402977014,0.612820953234022
TCGA.UB.A7MC.01,0.355235146689679,0.018355671303149,0.483286686445263,0.05842791711805,0.0548625334073115,0.0298320450365474,0.682252259575598
TCGA.UB.AA0U.01,0.71859491047093,0.162516362673392,0.0236281634336073,3.7332319152781e-07,0.0816357841842997,0.0136244059145794,0.493548603427837
TCGA.DD.A4NB.01,0.000165765084573477,0.885370478374405,0.00103994437767338,0.113179425632432,7.48429542187968e-05,0.000169543576698188,0.203797006440602
TCGA.ED.A8O6.01,0.553824469424882,0.0186534402672238,0.00846440880812298,6.53975464602375e-05,0.221047246144098,0.197945037809212,0.612147918227425
TCGA.DD.AACQ.01,0.642079394018522,0.167935975023002,0.0609089450009146,0.0210842399328235,9.91149938474848e-06,0.107981534525353,0.600733363998935
TCGA.G3.AAV6.01,0.283402459322924,7.99916255070905e-05,0.0202690497368173,0.00322592785466772,0.404524905147736,0.288497666312347,0.658768815995967
TCGA.DD.A3A4.01,0.127249704824469,0.318328936814904,0.254088562318196,0.0833339440963771,0.211705628859833,0.00529322308622057,0.858566787688904
TCGA.DD.A1EK.01,0.64905309051137,0.261450895511746,0.0495456538888914,0.00751385494029304,1.20521340262904e-05,0.032424453013674,0.518054372579887
TCGA.FV.A3R2.01,0.672527734521753,0.146412220437688,0.0914751056017673,0.00971712632088063,0.0449383449069536,0.0349294682109577,0.596342045380702
TCGA.BC.A10Z.01,0.64176387371745,0.312042318116828,0.0159559111207496,1.19443031656866e-05,0.0109825627940479,0.019243389947759,0.468692358749629
TCGA.WJ.A86L.01,0.823844271252385,0.131955931850147,1.2780240238105e-05,1.72071302911171e-05,0.00248039029542767,0.0416894192315105,0.320673622393243
TCGA.G3.A25Y.01,0.611165250317283,0.0162744977975601,2.07119112369688e-05,0.0486354208709712,0.259567279734274,0.0643368393686752,0.581452922646503
TCGA.ED.A82E.01,0.615852240672062,0.000120964927387051,0.000344249875553969,0.0150586513457664,9.92777591326208e-06,0.368613965403317,0.409399640484609
TCGA.DD.AACU.01,0.576318736038393,0.111520162801402,0.0747578708880424,0.0311739210883184,0.149289083737607,0.0569402254462373,0.731871338677605
TCGA.2Y.A9H1.01,0.124978390058847,0.0825335226502847,0.135169984005113,0.25014572170584,4.19038571357074e-06,0.407168191194202,0.808607540611697
TCGA.FV.A496.01,0.599571965069061,0.18683649614875,0.055777917587519,0.00559847615792,0.0855689338776907,0.0666462111590591,0.670301870095334
TCGA.DD.A4ND.01,0.585854821921986,0.225796742248086,1.3667867960843e-05,6.40520652976118e-06,0.186108106146153,0.00222025660928447,0.54470618899415
TCGA.DD.A1EF.01,0.298101815247861,0.0331445709980674,0.0192687603123438,0.0227500762221759,0.534452302527517,0.0922824746920349,0.664500260825223
TCGA.DD.AAEH.01,0.322540000083825,0.302297768897542,0.167713212229443,0.0882952664029657,0.0339608491581413,0.0851929032280832,0.873474292287458
TCGA.2Y.A9H2.01,0.8360291836032,0.0079778696704692,0.0349475605545003,0.0052448957569739,0.0116816424774202,0.104118847937436,0.346328339426405
TCGA.2Y.A9GW.01,0.677797194841402,0.120334126976498,0.0898633635872808,0.0287448403661662,8.870868143009e-07,0.0832595871418387,0.582628776820795
TCGA.ZS.A9CE.01,0.42768654902574,0.404767414974393,0.00143066945643167,0.114131713102454,1.8309000220463e-05,0.0519653444407603,0.636415403977919
TCGA.DD.A4NQ.01,0.793633136151016,0.0284516810972513,0.103174517752596,4.09266736157197e-05,2.73524542929636e-07,0.0746994648009777,0.398079981951286
TCGA.5C.AAPD.01,0.774994696945959,0.0288961428291257,0.00858962609012159,0.0597005804464509,7.30975712208942e-05,0.127745856117122,0.431217832927849
TCGA.DD.AAVW.01,0.567806049055615,0.151659426598209,0.0936460257320207,0.0485730365143981,0.11122398564996,0.0270914764497973,0.735666473505417
TCGA.EP.A2KC.01,0.416731146673465,0.0316236128756642,0.396534026164445,0.0515626359315313,0.0299749312542254,0.0735736471006693,0.720402650222842
TCGA.MI.A75E.01,0.417534641063403,0.281617257968101,0.131111936553177,0.0694360621729261,1.85106848001744e-07,0.100299917135544,0.783464121566287
TCGA.DD.A116.01,0.0373107608143396,0.109262376243797,0.645935487403833,0.0736135039142602,0.000105534308331697,0.133772337315438,0.618961189199333
TCGA.GJ.A9DB.01,0.645103157818315,0.295674958253186,0.0205208982892498,0.00749010968466298,2.31762144659362e-05,0.0311876997401205,0.484363279979027
TCGA.CC.A7IL.01,0.345342128098207,0.2071753101299,0.293862297190868,0.0746866731679301,3.01064439792697e-06,0.078930580768697,0.807816791093421
TCGA.DD.AACC.01,0.461973705914415,0.12096648184266,4.97462270389945e-05,0.0717659141189259,0.202490348367375,0.142753803529585,0.783083220266882
TCGA.FV.A3R3.01,0.329989532664973,0.166718163863545,2.58343517228787e-05,0.0960762300946097,0.407144052051155,4.61869739945635e-05,0.701089172899247
TCGA.HP.A5N0.01,0.486808190687554,0.41584620512257,7.74807539225811e-06,0.0358680370285939,0.000556517119073234,0.0609133019668159,0.563360801751719
TCGA.ED.A7PZ.01,0.435076732297006,1.93753928123613e-05,0.128055162065184,0.0787236307038821,0.133469060638879,0.224656038902236,0.798004147396972
TCGA.YA.A8S7.01,0.601494203497263,0.000132716288345422,0.135170990627799,0.000528179674353241,0.00022594142267262,0.262447968489568,0.521506026320068
TCGA.DD.A39X.01,0.457336532424857,2.58830145552477e-06,0.108038336297396,0.11843840359471,5.96751187042433e-06,0.31617817186971,0.678129730742993
TCGA.DD.AACF.01,0.477957429670469,0.171924879116277,0.0366359975996,0.142599349132222,0.0926272219723517,0.0782551225090804,0.822762894814274
TCGA.DD.A1EC.01,0.638528350432687,0.0343879571389862,0.0139724209115589,0.0464893734621523,0.243019397998053,0.0236025000565633,0.57867970309503
TCGA.DD.AAE0.01,0.270916926872604,0.000154822234710808,0.000167530338473386,0.000542690528867417,0.246290075184227,0.481927954841118,0.590257047940759
TCGA.G3.AAV0.01,0.378433757910741,0.291397475716316,0,0.171512865036735,0.0250590851186926,0.133596816217515,0.776185425970286
TCGA.XR.A8TD.01,0.588009109193255,0.313299364415497,0.00825323966870613,0.00014565876206058,0.000129230877680247,0.0901633970828005,0.521741543963506
TCGA.CC.A5UE.01,0.639825327776141,0.0176964214703833,0.117532561847436,0.000804518737998784,0.0890985622195374,0.135042607948504,0.614093609994038
TCGA.DD.AACJ.01,0.330254258656235,0.0654996656843405,0.314746335557111,0.0635673759443034,1.10818879879552e-05,0.225921282270022,0.79231169675115
TCGA.G3.AAV5.01,0.364022304178665,2.00168562561131e-06,0.410755086833358,0.0545091610587273,5.46182915991827e-07,0.170710900060708,0.666235715601087
TCGA.DD.AAVS.01,0.504679060146133,0.0500982804164742,0.0573181433249569,0.0367519092477752,0.310479311285962,0.0406732955786988,0.710911946466352
TCGA.DD.A11B.01,0.29950092129318,0.372137647711015,0.0674729435168039,0.00604370569420548,0.25481152635706,3.32554277360461e-05,0.720218528020533
TCGA.MI.A75C.01,0.29702382318573,0.00010214057801709,0.358832294066654,0.132419903259145,5.58367802168489e-05,0.211566002130237,0.740140850134024
TCGA.ED.A8O5.01,0.229994746421714,0.053014014219889,0.000467326789757667,0.0089427143573296,0.610811333987329,0.0967698642239803,0.595286151988203
TCGA.DD.AAW3.01,0.4556791024801,0.0824879452139119,0.254581104585728,0.0360299109287609,0.117126832428463,0.0540951043630365,0.804227503481485
TCGA.BC.A110.01,0.0141589306609679,0.670106561430462,1.4735028046366e-07,0.175030398584552,0.0748446322496235,0.0658593297241145,0.561881541638087
TCGA.DD.A3A7.01,0.422839349370679,0.000114230156291564,0.00055952240713091,0.119141733653838,0.000174253322818615,0.457170911089242,0.548060876492819
TCGA.DD.AACN.01,0.393266299468255,0.116566098269742,0.0101852522259771,0.00756926135805757,0.369040198878176,0.103372889799792,0.727617202433136
TCGA.DD.AAD5.01,0.554244663295259,0.0053542241368919,0.0740409014444661,0.0539069947263107,0.000716921293128433,0.311736295103943,0.599306235153222
TCGA.CC.A3MC.01,0.725111457847898,0.0989569286806817,0.0782032130804696,0.0531669558622601,2.01033442432711e-09,0.0445614425183557,0.533496723041132
TCGA.DD.A73A.01,0.527396785120733,0.303439628606015,0.0525577957177743,0.0190674744222247,0.0362208804484045,0.0613174356848487,0.681451790241609
TCGA.DD.AADI.01,0.291140067058822,0.00800821587345372,8.42239474208743e-05,0.0844169364283478,0.344025326604336,0.27232523008762,0.741559538689055
TCGA.CC.A7IG.01,0.673799684650148,0.0002939441598618,5.69184504622208e-05,0.0153696374706297,0.00379777974185825,0.30668203552704,0.400053111698073
TCGA.G3.AAV3.01,0.0499384873278796,0.0282966940833066,0.863848642090928,0.00357749589692786,1.49007364117868e-05,0.0543237798645465,0.310044202745362
TCGA.MI.A75H.01,0.0543111669002904,0.0828119368062473,0.624441426582508,0.0900681313034544,3.8862509059288e-06,0.148363452156594,0.646575537440007
TCGA.DD.A73E.01,0.245532719983226,0.0323921926738533,0.623609044663932,0.000752469377640475,0.0572363290022473,0.0404772442991001,0.58565170058671
TCGA.2Y.A9H7.01,0.409171268242678,0.053110688576453,1.8460193677657e-05,0.0485365953248336,0.424710332174643,0.0644526554877149,0.674759893228022
TCGA.CC.A8HV.01,0.65617614477183,1.88287658957528e-05,1.67279593189055e-05,2.12724386610717e-05,0.187179557906074,0.156587468158221,0.49173524262218
TCGA.DD.AADJ.01,0.308472778416838,0.130302880431145,4.41299044783761e-07,0.0901323646041168,0.364179529081155,0.1069120061677,0.810455863086178
TCGA.DD.AAD6.01,0.400517606450614,0.100875066003535,0.235670171295958,7.72886573120713e-05,0.115832453089061,0.147027414503519,0.820857645609601
TCGA.BC.A10S.01,0.318901757379676,0.344845662669476,0.0611455344859216,0.0555991765320319,0.0989391365464945,0.1205687323864,0.863438948779358
TCGA.LG.A9QD.01,0.280424554092536,0.404507019774504,0.0533225844156027,0.211537892094549,0.0362461438761857,0.0139618057466225,0.77434640929785
TCGA.DD.A3A1.01,0.614688761337857,0.110803064584754,0.057104775782605,0.0670049526888332,7.15959407083957e-05,0.150326849665242,0.654685947570258
TCGA.DD.AACZ.01,0.655900964072592,0.00552760494553816,0.0583331974494776,0.00176842365065414,0.146947008138554,0.131522801743184,0.575369527883423
TCGA.CC.A7IK.01,0.279296075354731,0.00162555125098059,0.568496100380942,0.00257862457904811,0.0520539357183008,0.0959497127159968,0.603794394492214
TCGA.DD.AADO.01,0.00996487347818382,0.00198936712280709,0.000210999348244134,0.0779146615637397,0.38142887520007,0.528491223286955,0.537795920788286
TCGA.CC.A7II.01,0.00240084589347641,6.3542114785613e-05,6.97773764712626e-05,0.000997441711017508,0.4697706878441,0.526697705060149,0.399190788058775
TCGA.RC.A6M3.01,0.48467222214107,2.31495084006218e-06,5.22771901101116e-07,5.74673912763844e-06,0.153227453094382,0.362091740302678,0.56168763392738
TCGA.DD.AAW1.01,0.0128851411360506,0.147386323442966,0.722003972979523,0.0879561371295583,0.012775543984217,0.0169928813276849,0.509114330629503
TCGA.NI.A8LF.01,0.1842656937351,0.324013596996349,0.365062803408487,6.48950339762297e-06,0.0767778369816764,0.04987357937499,0.776539992300424
TCGA.FV.A23B.01,0.541437686971718,0.0987161048848331,8.44132557420557e-06,2.14491871292928e-07,0.313207427502748,0.0466301248232552,0.595733335666746
TCGA.DD.AADC.01,0.50127297256142,0.000342344657288038,0.183548640078373,0.000497464205187221,0.201522109014489,0.112816469483243,0.688059190919031
TCGA.G3.A3CJ.01,7.77098092910766e-06,7.07779422809705e-06,0.620834179923997,0.261230919589703,2.0520727319993e-05,0.117899530983823,0.501778622229115
TCGA.ZP.A9D1.01,0.604117106584576,0.153976043546006,0.0279644938608579,0.0305421634086599,0.183399981366794,2.1123310621284e-07,0.61960893908713
TCGA.DD.A73C.01,0.281570710130729,0.614242503483115,0.0179611701055518,0.00278808912508909,0.0486155207967582,0.0348220063587572,0.562983479678481
TCGA.CC.A9FU.01,0.367935320352997,0.000421009239251972,0.000167072634144381,0.000485999254783409,0.474642240287849,0.156348358230975,0.569353226517073
TCGA.DD.AACP.01,0.274706767973102,0.0056805623884877,0.0822104679748429,0.0264070780119943,0.34286721317792,0.268127910473653,0.784490590688002
TCGA.UB.A7MB.01,0.65372531769983,0.248931680108414,0.0211215771405006,0.00140395718907688,0.0205953600506936,0.0542221078114846,0.531733523489925
TCGA.DD.AADG.01,0.217913073662373,0.220340533044188,0.447618159813691,0.0450968717469057,0.0205550232217182,0.0484763385111244,0.776574228092911
TCGA.RC.A6M6.01,0.659198270768839,0.000157684702911122,0.0600183528901925,0.000377448704829323,0.0529740826917479,0.22727416024148,0.524772532344808
TCGA.DD.A4NH.01,0.827713874693807,0.00038631750613657,0.00313299083954567,0.000421963574837407,0.134577607959364,0.0337672454263094,0.315451199702206
TCGA.EP.A12J.01,0.175963458005437,0.0951766965583727,0.595907035850022,0.0642416445447369,0.0655379865907548,0.00317317845067656,0.676027362202054
TCGA.CC.5262.01,0.586587334335081,0.0869500094413991,0.167363429814873,0.0152860707969059,0,0.143813155611741,0.651453147167948
TCGA.ZS.A9CD.01,0.519462955382415,0.177012081364103,0.129113433279601,0.0657955717413585,0.0125288678392274,0.0960870903932955,0.764630464718864
TCGA.DD.AAE9.01,0.296046705158433,4.43019335801613e-06,0.595734100805131,0.0244879674322519,1.24627694844356e-05,0.0837143336413409,0.54002893245021
TCGA.BD.A2L6.01,0.562522452692262,0.275975895198227,0.005464977973144,0.0901878097765854,3.12274937947356e-05,0.0658176368659875,0.616036525406398
TCGA.DD.AAEI.01,0.419353403944233,0.261813710984795,0.151829175080544,0.0595720231046279,0.000106256619344502,0.107325430266455,0.786954605235657
TCGA.2Y.A9H3.01,0.410105037011486,0.0199668765922105,0.000851615877410799,0.157357400125398,0.234118382793361,0.177600687600133,0.774408638641432
TCGA.2Y.A9GV.01,0.625231707983871,0.362185653221088,1.47503779369639e-05,0.00743555908039035,3.87614098882323e-07,0.00513194172261511,0.404706455414567
TCGA.DD.AADS.01,0.0688801966924544,0.200450036129153,0.0842913624888622,0.451591252018348,0.000475419338259099,0.194311733332923,0.779076127705532
TCGA.DD.A114.01,0.856183838136006,1.56953150704001e-05,0.101604107044559,0.0141560300875234,2.96713342436872e-05,0.0280106580825979,0.293662044059393
TCGA.DD.A39Z.01,0.339474622795284,0.0393379956617696,0.00607235415594147,0.0963992751849903,0.255038578118343,0.263677174083671,0.80953339609452
TCGA.UB.A7MA.01,0.635950245820703,0.000116716778555366,5.72928219317966e-05,0.000806609837670399,0.187311146352306,0.175757988388833,0.510414176948436
TCGA.EP.A2KB.01,0.0399252349473549,0.11222006963326,0.0175387098612574,0.000285716961329792,0.704037615045292,0.125992653551507,0.533193805684265
TCGA.DD.AAEA.01,0.583094746480056,0.156312090325191,0.0561087756311891,0.0505175807339034,0.0946424408275821,0.0593243660020791,0.729880187957071
TCGA.UB.AA0V.01,0.25584312592427,0.510753673626431,0.103576861751187,0.000867069245145665,0.107561710002503,0.0213975594504623,0.700418449658284
TCGA.2Y.A9GY.01,0.636514489884421,0.000566555054949444,0.0594705009656057,0.00088783131137268,0.0838101962129061,0.218750426570745,0.561517771081975
TCGA.XR.A8TE.01,0.0513368474303796,0.0142801698073305,0.400922574497472,0.00099839428950335,0.520309803886275,0.0121522100890398,0.546935357228084
TCGA.ED.A4XI.01,0.279987947511108,0.374190795200973,0.1042438623466,0.129146445471141,0.112421359294172,9.5901760055554e-06,0.820476345819883
TCGA.DD.AACG.01,0.0674298138651628,0.0653630837201503,0.0255369350562979,0.0100055815756417,0.369130528470457,0.46253405731229,0.683335152246467
TCGA.NI.A4U2.01,0.241467422631317,0.545020266017937,0.129861033193507,0.0275264878570159,2.50037972931975e-05,0.0560997865029298,0.669600944258441
TCGA.DD.AAC9.01,0.220304027961954,0.22405724859628,0.18703036867398,0.24686212586104,0.0409091174031007,0.0808371115036459,0.927250205118856
TCGA.DD.AAE1.01,0.453846960420493,0.0329280234650477,0.000120605841498108,0.0685096240106879,0.395450194698443,0.0491445915638299,0.653338402705911
TCGA.DD.A11D.01,0.49920806048452,0.344626497610268,7.02668611583847e-07,0.076532446485706,0.0796318733924077,4.19358486562215e-07,0.620701570171659
TCGA.DD.AADY.01,0.551712829166584,0.134552846691157,0.00340183568454751,0.0537076922670403,0.250234491517743,0.00639030467292821,0.643694059903111
TCGA.ZP.A9D4.01,0.335350431132417,0.202708284606698,0.387612058581697,0.000565594853397681,0.0136880106017734,0.0600756202240174,0.719508250816158
TCGA.DD.AAED.01,0.423570623243794,2.57335592531263e-06,1.42111436910926e-07,0.0882399382220075,0.307852407630641,0.180334315436195,0.697477034017861
TCGA.DD.AACK.01,0.498783428922245,0.173461005684089,0.161323850406108,0.00912725700969963,0.0972717627576527,0.0600326952202054,0.772158220459861
TCGA.DD.AAVQ.01,0.501624193948103,0.0248283166931188,0.0137592774427856,0.0597444515190276,0.283580890278881,0.116462870118084,0.710445446165732
TCGA.BC.A112.01,0.593987752718407,0.00398389347607197,0.0540812182872209,0.00312729783555598,0.0763976255741788,0.268422212108565,0.589773674599906
TCGA.DD.A118.01,0.569454453145228,0.103880604471247,0.000236078033965533,0.0993228856789861,0.210590744605114,0.0165152340654587,0.660282473484637
TCGA.DD.AACO.01,0.423428656679421,0.11242221048579,0.00591829508843986,0.197407756669175,0.00591195244350512,0.254911128633669,0.74730218803377
TCGA.DD.A1EB.01,0.449652906173695,0.49852822656504,0.00398899909293723,0.000561413013459919,0.0376921607613306,0.00957629439353702,0.502713121199845
TCGA.DD.A4NL.01,0.158989195973944,0.653300063567723,0.074463097577729,0.0269262363550477,0.0863178226577417,3.58386781467451e-06,0.598703701487995
TCGA.EP.A3JL.01,0.553670415109757,0.100453910102338,0.104172423047424,0.0830783458785112,1.42769918731376e-05,0.158610628870097,0.72146089224123
TCGA.DD.AAD8.01,0.582919671743221,0.259880084806426,0.0378823173510083,0.0443635749661586,6.84454978703793e-08,0.0749542826876884,0.625757920641916
TCGA.5R.AA1C.01,0.161301074003158,0.0468193840547895,0.754949972866364,0.000688977410760635,0.000603678871621394,0.0356369127933068,0.434301246430024
TCGA.G3.A3CI.01,0.417349704527033,0.475552585842677,0.0511956368850007,6.7211710466314e-07,3.39459072869934e-07,0.0559010611691115,0.575725819644198
TCGA.G3.A3CK.01,0.0643118661439898,0.153463829646197,0.698732644453102,4.65339470643471e-05,0.0299142293290707,0.0535308964805762,0.545135786015476
TCGA.MI.A75G.01,0.345444252916601,0.235357049055917,0.151804212807425,0.0963098006264036,0.0680091064014564,0.103075578192197,0.913210346769498
TCGA.G3.A5SJ.01,0.753365488682327,0.0528952237129467,0.0392041924966041,2.35346374798714e-09,4.02416258079914e-07,0.1545346903384,0.437779019837
TCGA.5R.AAAM.01,0.331758786095266,0.565799057067886,0.0472528884246167,4.01493021872873e-08,2.78416878677223e-08,0.0551892004212413,0.553862135305556
TCGA.BC.A3KG.01,0.836990107755795,0.0661344121165061,0.00811808440517928,0.00290790083586944,0.0462733084011752,0.0395761864854754,0.365362563512319
TCGA.2Y.A9GS.01,0.64637899266041,0.104673477789217,0.170685390943297,0.008231854600407,1.11496582142019e-05,0.0700191343484545,0.583714938225345
TCGA.BD.A3ER.01,0.581238178207232,0.317702035780895,0.0380795903860724,0.021827071862244,4.37010058970334e-09,0.0411531193934568,0.568654027201487
TCGA.BC.A10X.01,0.00599065959023527,0.651775767243344,0.149448430434371,0.0129338941035147,0.174428397950065,0.0054228506784702,0.548537038534142
TCGA.MI.A75I.01,0.687902614032751,0.111553205574787,0.0993453250680596,0.0100596446251723,9.16554098800495e-07,0.0911382941451315,0.555882550731558
TCGA.CC.A7IF.01,0.643967571896694,0.155332555016113,0.0535437707652009,0.0900430856088008,1.28883901095588e-06,0.057111727874181,0.619334659964715
TCGA.DD.AACE.01,0.652065615912431,0.219169797351554,0.0652989521939564,0.00337575783247148,0.0132709625190768,0.0468189141905097,0.563469557048421
TCGA.DD.AAVY.01,0.361675342059131,0.113801471857738,0.412859509703133,0.049240873755628,0.0169497113606532,0.045473091263717,0.74692273968332
TCGA.DD.A1EG.01,0.704740929602248,1.10894594933808e-06,0.12777765821664,0.0347099482310416,2.31071098771447e-06,0.132768044293134,0.499106671464418
TCGA.ED.A7PX.01,0.820674701356823,6.96986200860522e-05,0.0291687169964887,2.71059646603512e-05,8.45347146793832e-05,0.149975242347262,0.307843143955205
TCGA.DD.AAD1.01,0.6268661564534,0.113566533392695,7.27192941342476e-08,0.00467092231568711,0.215173808449715,0.0397225066692088,0.571275517316946
TCGA.DD.AADN.01,0.177244997488828,0.0359711770727438,1.29266084655596e-06,0.0149078388979052,0.042537300235783,0.729337393643893,0.47634489331844
TCGA.2Y.A9H9.01,0.467932221515663,0.27940010124332,0.0122955214932441,0.152367971487237,0.0795118567353736,0.00849232752516226,0.722302834129031
TCGA.G3.A25Z.01,0.475225927207931,0.214161290755441,0.12307825509638,0.116975381552838,2.48024725392704e-06,0.0705566651401567,0.769928636391716
TCGA.BC.A217.01,0.704577082672758,0.101890976600703,0.00611897970933145,0.0429753144278056,0.0384930120073397,0.105944634582063,0.563167861055937
TCGA.BC.A10R.01,0.543497867481595,0.199499956037977,0.0728767562964793,0.0679377925797514,0.0922844096568517,0.0239032179473446,0.745456632698177
TCGA.ED.A7XO.01,0.528414824928635,0.275676001316319,0.00045508542576498,0.108684926983254,0.000521772499070105,0.0862473888469569,0.643100268599223
TCGA.G3.AAV7.01,0.825611760966825,0.0013082277235705,0.0346979390544939,0.0022642412420188,0.0607625916661465,0.075355239346945,0.369652040541591
TCGA.GJ.A3OU.01,0.692586459601602,0.0777206240426678,0.100903609660773,0.000155055923010648,2.28392912294627e-05,0.128611411480717,0.530072635092918
TCGA.DD.AADB.01,0.559703980635446,0.00499940036447502,0.00902664272876628,0.0010360734904671,0.338594785940701,0.0866391168401446,0.546684282134154
TCGA.RC.A7SK.01,0.609732055608328,0.124599627744894,0.0765449163693316,0.141882337982251,1.57531564093928e-05,0.0472253091387869,0.658163795002732
TCGA.DD.AACT.01,0.598009853423814,0.152480879251051,0.0624949082196075,0.0788381783206949,0.053083560769916,0.0550926200149162,0.716245881566637
TCGA.ZP.A9D0.01,0.382662395948951,0.269973521416373,0.0447405687211406,0.11082321461289,0.191800299300549,9.70479914453904e-14,0.792858886230385
TCGA.DD.AADF.01,0.578908077788723,0.110144907688045,0.049039770024691,0.162819682851782,2.4822105727964e-05,0.0990627395410313,0.687651627230822
TCGA.DD.A1EJ.01,0.493068429529064,0.0296419001061489,0.0525889909880147,0.000341698803517376,0.336612133983809,0.0877468465894455,0.664480889247536
TCGA.DD.AAVU.01,0.117269554290394,0.157345387461753,0.16257400818681,0.0249723856401005,0.119247720501481,0.418590943919462,0.86391424199387
TCGA.BC.A10W.01,0.812092283718126,0.016938415165301,0.104959994302242,0.000601492966579545,0.0263707205448307,0.0390370933029204,0.391595131318312
TCGA.O8.A75V.01,0.552591471537058,0.022802936862176,0.155250219655964,0.155332259935747,3.33124253087253e-10,0.114023111675931,0.69206092497915
TCGA.DD.A3A9.01,0.386292373397785,5.35959944892441e-07,5.04792846863286e-05,0.0747244317882619,0.32771367774753,0.211218501821792,0.700865594239751
TCGA.DD.A73G.01,0.172477091132729,5.74153100127391e-05,7.79820474767748e-05,0.232343349008313,0.153174237030109,0.44186992547136,0.720975370740623
TCGA.DD.A1ED.01,1.72638506490323e-05,0.482133241332835,0.361815871899777,3.28005761441795e-06,0.149432988325852,0.00659735453327271,0.57874790620842
TCGA.WX.AA47.01,5.40944306716842e-07,5.77351996147673e-07,8.38836418296929e-06,0.243183197499584,0.465551391384123,0.291255904455807,0.591133781380065
TCGA.G3.A7M5.01,0.400298545830737,0.387681645317979,1.86812838476327e-06,0.137681024722678,0.000367369375487935,0.0739695466247323,0.671070839958612
TCGA.DD.A4NI.01,0.240272260931025,0.5062381576954,0.159381363277472,0.0173989624752093,0.0597988247836537,0.0169104308372394,0.718769327319487
TCGA.2Y.A9H8.01,0.695143136945952,0.0955128247554173,0.000520027944044415,0.0667037487579905,0.117726106219642,0.0243941553769546,0.560383181534587
TCGA.2Y.A9GT.01,0.395242460364777,0.562810404357568,7.29292302909885e-06,0.0419359333270323,1.9799106303213e-06,1.92911696361525e-06,0.459625724116096
TCGA.CC.5260.01,0.784299953112584,0.000191734596933505,0.00430524135383439,0.00376744515501721,0.00131603264522698,0.206119593136404,0.318644049946333
TCGA.DD.A119.01,0.3749901305533,0.0104780817826952,0.188820089853859,0.244370025796869,1.35279499482964e-06,0.181340319218282,0.772592985663493
TCGA.FV.A2QR.01,0.705684704134922,0.160850219985827,0.0643953351101747,0.0398078414591373,0.0125126117114096,0.0167492875985291,0.540345787001261
TCGA.G3.A25V.01,0.370102724846608,0.36456205044724,0.120678808551348,0.0511852038669997,0.000272486280537107,0.0931987260072666,0.762638332994791
TCGA.CC.A8HT.01,0.746389502249344,0.00339279820138013,0.0792051012360352,0.00545350775202105,0.0542490061593868,0.111310084401833,0.485190062343444
TCGA.DD.AADL.01,0.752761850834141,0.164931798947766,0.033020481131055,0.00699588179647176,0.00942468179028302,0.0328653055002833,0.454624110210106
TCGA.CC.A7IJ.01,0.000292971028028023,0.000155587091435838,0.351339441736705,8.52813542821481e-05,0.000100479804659916,0.648026238984889,0.365061843403707
TCGA.5C.A9VH.01,0.576034530421764,0.0432713463279982,0.0239683177911616,0.0798916344432381,0.224299474381378,0.0525346966344599,0.689263875534941
TCGA.2Y.A9HB.01,0.37261631865945,0.259306956167973,0.0439180561258681,0.147412943924553,0.170751938390405,0.00599378673175215,0.820319975518815
TCGA.DD.AAE3.01,0.108360030524844,0.315120559790254,0.265024032724411,0.197198550925654,0.000144970494426486,0.11415185554041,0.851576993511003
TCGA.DD.A4NA.01,0.999923756047739,1.07359187584297e-05,5.29930245908768e-06,4.96406647028761e-07,3.49039800663307e-05,2.48083443304134e-05,0.000497809093595506
TCGA.DD.AACI.01,0.591507642811214,2.05063990772423e-06,0.0275553597560914,0.177344639208075,0.0194513393338738,0.184138968250838,0.616454912417676
TCGA.DD.AADU.01,8.41276858551125e-05,0.059230770550218,0.760818744508156,0.0968142843451029,1.42351846833079e-05,0.0830378377259846,0.451525068871111
TCGA.EP.A3RK.01,0.363856142351563,0.000402129796492419,0.520739181178689,0.00281728881294696,6.58205941731611e-05,0.112119437266135,0.5432104414395
TCGA.CC.A5UD.01,0.377370262039117,0.00346768241077472,0.515320776319098,0.00260656831343879,0.00135373723670389,0.0998809736808677,0.548953690375422
TCGA.CC.A9FV.01,0.379801562022147,0.0235918799171886,0.279948427888928,0.00406555248054181,0.288709934358486,0.0238826433327086,0.715915085619923
TCGA.DD.AAEE.01,0.291093634644407,0.115468679952375,0.430449742627258,0.0188002631708565,0.0499861949960514,0.0942014846090525,0.791596316398807
TCGA.ZS.A9CF.02,0.559839032913534,0.317226107795114,0.0103974549890591,0.00182342699173938,0.0717363378835418,0.0389776394270119,0.59351971637694
TCGA.ZS.A9CF.01,0.609029099505126,0.343363120586083,1.92985405722567e-05,0.0193248532091839,0.00023680176646655,0.0280268263925686,0.473103960095995
TCGA.RC.A6M4.01,0.126586052324558,0.186887514125711,0.540181375555021,0.0730249536061988,3.95940978763832e-06,0.0733161449787232,0.720233552208
TCGA.G3.A7M8.01,0.374802364262001,0.550886478490857,0.000750551020488224,0.0321206934643886,0.000130362047367599,0.041309550714897,0.527365777327127
TCGA.DD.AAVP.01,0.173307527948593,0.0907398896319904,0.48265257556999,0.0593725499056845,0.0698882426103977,0.124039214333345,0.82913783319072
TCGA.UB.A7ME.01,0.586029396742058,0.0499464931610811,0.000110125547065528,0.0822365275779497,0.181151214456321,0.100526242515525,0.675154330286547
TCGA.DD.A4NR.01,0.760711022976503,0.047228664955748,2.51665775296746e-05,0.0320371450878357,0.0710848855042302,0.0889131148981536,0.483241924359252
TCGA.G3.A25U.01,0.345991367406136,0.561723310663905,0.0213021390351077,0.000949934627546533,0.0143738525049781,0.055659395762327,0.558969757717454
TCGA.DD.AAE6.01,0.700203612239036,0.0671618299738488,0.000112769699712251,0.0530549179554279,0.0910106764448335,0.0884561936871414,0.569495915372404
TCGA.G3.AAV2.01,0.0527101681702991,0.113669365497349,0.659224707936304,0.0867948539514793,0.0236315757487783,0.0639693286957905,0.643785574910021
TCGA.ZP.A9CY.01,0.44215533685347,0.383777015005098,0.0342045666885511,0.0764432826952971,0.0633933683012567,2.64304563267049e-05,0.678399726688076
TCGA.DD.A39Y.01,0.663557562714828,0.00125353214553238,0.0576161814507492,0.000494859154073931,0.000794317846770301,0.276283546688046,0.451951527904797
TCGA.DD.A115.01,0.563346673788239,0.330493412455279,0.00432093919690334,0.0743309928962552,0.000161447247626803,0.0273465344156972,0.561323105571098
