S3,S6,S5,S2,ITTH
TCGA.18.3417.01,0.106188500012779,0.498954432399777,0.374118666941095,0.0207384006463497,0.745317390869077
TCGA.22.4613.01,0.254656093871973,0.577066346206422,0.0942514794603495,0.0740260804612553,0.779716107210755
TCGA.90.7769.01,0.436439364946444,0.0797450617493303,0.0653835499225216,0.418432023381704,0.798106850540501
TCGA.77.A5G1.01,0.0266131175242522,0.67225419285244,0.0918032656483685,0.20932942397494,0.656475516231785
TCGA.77.A5G3.01,0.385767627633084,0.476446524459786,3.7087085659341e-07,0.137785477036273,0.716870096824808
TCGA.66.2766.01,0.512327709022231,0.144633157114481,0.3044065421531,0.0386325917101888,0.800733192887041
TCGA.37.4135.01,3.05371881620395e-05,0.308776663862761,0.691181541980431,1.12569686467493e-05,0.446218692382168
TCGA.56.8201.01,5.70170384762384e-09,0.836052544250937,0.16394740514808,4.48992786362823e-08,0.321835615591459
TCGA.43.7656.01,0.0164216787889087,0.898515037577752,0.084897269503406,0.000166014129932912,0.270115140849804
TCGA.85.8481.01,1.76359743321629e-11,0.401472161395996,0.143021232191928,0.45550660639444,0.723308147889084
TCGA.22.1011.01,0.0631141051690982,0.665948929942062,0.0220172038224457,0.248919761066395,0.631380224902594
TCGA.77.8156.01,0.394677481613273,0.585392023666034,0.0198721904829343,5.83042377582232e-05,0.547376188903932
TCGA.43.A475.01,0.665425898412771,0.317999841385623,0.0165568136033234,1.74465982826762e-05,0.507446595506227
TCGA.37.3789.01,0.0592039505193017,0.360684440669837,0.289284730433623,0.290826878377239,0.903960978196079
TCGA.22.4596.01,0.135497045793413,0.648314525339962,0.216188307504493,1.21362131709974e-07,0.636888882049618
TCGA.58.A46N.01,0.544281282342289,0.290658863680657,0.00239177156566172,0.162668082411392,0.721396779571087
TCGA.63.A5MW.01,9.89907123570071e-07,0.959200281626928,0.0407236738618629,7.50546040853259e-05,0.123376844544742
TCGA.85.8479.01,0.107700331298011,0.502097854190543,0.0826188403022989,0.307582974209147,0.832853574203229
TCGA.68.8251.01,0.0395122541609858,0.884683273268741,0.075794413447584,1.00591226891914e-05,0.31141370065813
TCGA.34.7107.01,0.561369801507597,0.39566572475598,5.56722038657986e-06,0.0429589065160365,0.596018914855458
TCGA.37.4141.01,0.0574238411618561,0.758324074383888,0.18419375634581,5.83281084454602e-05,0.494876594336509
TCGA.39.5040.01,3.02877269823276e-06,0.989099688315748,0.010897282327248,5.84305337030786e-10,0.0433722031686902
TCGA.43.2578.01,0.169265553758563,0.761123453959442,0.0696109310792531,6.12027418051884e-08,0.500559432625932
TCGA.63.A5M9.01,0.557302434167611,0.414048636815705,0.0285405246281529,0.000108404388531744,0.572327092679817
TCGA.92.8063.01,0.39431665321704,0.531494825567627,0.0439133016473251,0.0302752195680081,0.682414291210804
TCGA.NC.A5HR.01,0.453514909286966,0.432039926552179,0.0744821345194882,0.0399630296413672,0.75258781063748
TCGA.51.4079.01,0.71427368659854,3.62836175294818e-07,0.0726097538465586,0.213116196718726,0.548398096963012
TCGA.66.2795.01,0.572298215947474,0.114759238158369,0.312917516475207,2.50294189500946e-05,0.672049854292867
TCGA.96.7544.01,0.168612403456388,0.44407673376815,0.00691718782894447,0.380393674946518,0.766584608545193
TCGA.21.1081.01,0.0799609277771501,0.446001099283055,4.96021425897258e-05,0.473988370797205,0.661095791605202
TCGA.63.6202.01,0.0238701848415513,0.854099288105279,0.12201206774839,1.84593047802472e-05,0.346770776653827
TCGA.98.A53I.01,0.601080873325703,0.385800972259247,0.0131093759019638,8.77851308681641e-06,0.526828477570346
TCGA.46.3767.01,0.110626858813196,0.737591903113419,0.151781231973325,6.100059868985e-09,0.544045824748227
TCGA.22.4599.01,0.457952053790792,0.384639593914197,0.157363045534639,4.5306760372764e-05,0.733328038105943
TCGA.58.8391.01,0.730889140574269,0.130190934343339,3.09065169773645e-05,0.138889018565415,0.554756034260496
TCGA.85.8580.01,0.259791110246181,0.441703232682628,2.17275010256738e-06,0.298503484321089,0.773285255173753
TCGA.60.2715.01,0.198478522347238,0.698278837554704,0.0612935192893858,0.0419491208086722,0.631829576889439
TCGA.39.5031.01,0.153307479044264,0.583395312677902,0.084030661625482,0.179266546652352,0.806561107029036
TCGA.66.2792.01,0.413869891057311,0.521787909203596,0.0295464411924773,0.0347957585466162,0.667568956424937
TCGA.92.7340.01,0.136888610369192,0.493452998062654,0.0813920266494489,0.288266364918705,0.853708014774339
TCGA.85.8287.01,5.55815751210974e-06,0.988706769041955,0.0112675936261964,2.0079174336841e-05,0.0447654539846648
TCGA.56.8622.01,0,0.430820934419585,0.0203435103726476,0.548835555207767,0.556370658960069
TCGA.22.5471.01,0.245331450628223,0.46431036352795,0.14813771798512,0.142220467858707,0.909774576412228
TCGA.77.A5GA.01,0.593380866882986,0.149327818399265,0.0984325532378763,0.158858761479873,0.803670085969443
TCGA.85.A4QQ.01,0.07494192723335,0.352263264003737,0.095303017474182,0.477491791288731,0.82140922660134
TCGA.66.2744.01,4.0665591840992e-06,0.730091659495524,0.269893020921949,1.12530233424848e-05,0.420792025049704
TCGA.22.5480.01,1.08416346726992e-05,0.857800163359625,0.142188529934751,4.65070951510623e-07,0.295072103731995
TCGA.58.8388.01,0,0.999682731920491,0.000120029213340681,0.000197238866168261,0.00222425923709599
TCGA.63.7022.01,0.104271088751958,0.87431891511743,0.0213497948237583,6.02013068539524e-05,0.314416218091724
TCGA.85.8584.01,0.140063033128866,0.638140855250095,0.157519403501575,0.0642767081194646,0.74263211575186
TCGA.77.8128.01,0.495686651341335,0.504293862996263,5.66112664701476e-08,1.94290511352031e-05,0.500130319535213
TCGA.60.2708.01,0.243227724773805,0.503607301507563,0.243608260123928,0.00955671359470328,0.777457045429776
TCGA.85.7699.01,0.0247351943378985,0.937234392115013,0.037962452704064,6.79608430245667e-05,0.199881936287744
TCGA.33.AAS8.01,0.660101580176161,0.304918078733347,0.0349763394795803,4.00161091156632e-06,0.543653683238912
TCGA.18.3408.01,0.831144896371636,0.0155636831544951,0.132212110911811,0.021079309562058,0.40927514497092
TCGA.56.8626.01,0.0829287361460808,0.748119645685452,2.07775443022072e-05,0.168930840624165,0.522400127977222
TCGA.22.4601.01,0.453226275967475,0.451492039235359,6.28259785883934e-05,0.0952188588185779,0.679664141712029
TCGA.43.6773.01,0.624249706005328,0.304210414429031,0.0715012125700004,3.8666995640156e-05,0.609673338610173
TCGA.60.2706.01,0.428924499067741,0.522936953622295,0.048122403517108,1.61437928565311e-05,0.611899291764255
TCGA.77.A5G8.01,0.378610856371503,0.314851597738165,0.0554833356937084,0.251054210196624,0.893751115026776
TCGA.85.8355.01,0.343956726404925,0.516207055236081,0.0106066080973628,0.129229610261631,0.736546563470618
TCGA.22.4593.01,0.0732177617278865,0.837319112862626,0.0894547311541984,8.39425528923957e-06,0.401158911782415
TCGA.60.2712.01,0.0156491136166636,0.778160062977348,0.156536338957634,0.049654484448354,0.504673858838996
TCGA.85.7843.01,0.228569095262988,0.452887227306967,0.0429911291734403,0.275552548256605,0.855914990686254
TCGA.66.2790.01,0.0718708443083141,0.84587952913491,0.0558487692342519,0.0264008573225244,0.42407259662447
TCGA.NC.A5HE.01,0.286545422771665,0.551568798942941,0.137957746424517,0.0239280318608759,0.756623153316289
TCGA.33.4547.01,0.191288582263303,0.575675466420049,0.0809684516293128,0.152067499687335,0.810952642376366
TCGA.34.5240.01,0.668921855175432,0.0907322662975547,0.213460780261903,0.02688509826511,0.659007211716125
TCGA.63.5131.01,0.154262990000467,0.598314416887174,0.0371126425236354,0.210309950588723,0.754385996487939
TCGA.66.2758.01,0.487185218643825,0.285757035350198,0.227054796420031,2.94958594560146e-06,0.753767824427735
TCGA.85.A50M.01,6.87508896327308e-07,0.831881884820611,6.83548904448378e-07,0.168116744121588,0.326704094809227
TCGA.NC.A5HI.01,0.117381365341402,0.541519160659074,0.0312072975244152,0.309892176475109,0.760929128180699
TCGA.77.8009.01,0.694432266978175,0.300069896405746,0.00529537943796056,0.000202457178118324,0.464484879722068
TCGA.43.A56U.01,1.44816283737773e-09,0.643909431746942,0.0556510350245886,0.300439531780306,0.581034569076798
TCGA.68.A59J.01,0.505419460310574,0.262273542639448,0.046184437673557,0.186122559376421,0.830169398056354
TCGA.34.5236.01,0.497346688122395,0.407960824147844,0.0668274860945084,0.0278650016352521,0.716825023688774
TCGA.22.1002.01,0.0624097037974671,0.699653703999691,0.0313555638908418,0.206581028312,0.618467056969871
TCGA.NK.A5D1.01,0.000206732409782828,0.905344244304614,0.0944287587953625,2.02644902403661e-05,0.227111734929314
TCGA.51.4080.01,0.533543510350665,0.251788305292586,0.174539701237288,0.0401284831194609,0.805135514446144
TCGA.33.6737.01,0.407583732755683,0.229462600469539,0.188929129791732,0.174024536983046,0.95412851349967
TCGA.56.7223.01,0.405585808202618,0.56632633598375,0.0277271087374873,0.000360747076144513,0.570070442134776
TCGA.39.5011.01,0.461335117253977,0.289046590824818,0.249609368316945,8.92360425907746e-06,0.766204003204743
TCGA.39.5037.01,0.622847850329675,0.0513889804280015,0.224050656777732,0.101712512464592,0.732208803079622
TCGA.66.2777.01,0.40877317586629,0.391065924992183,0.0636510419462472,0.136509857195279,0.851194877133718
TCGA.21.5783.01,0.00915809486147469,0.969029316984676,0.0218125881538489,0,0.113183083286331
TCGA.85.7950.01,0.0155950138457124,0.974045476472267,0.0103561478849724,3.36179704812265e-06,0.0994553028050039
TCGA.77.8153.01,0.43657529439063,0.459021980343566,5.53398790741173e-06,0.104397191277896,0.689038259069507
TCGA.L3.A4E7.01,0.0154347332427707,0.703099270510767,0.015826916851577,0.265639079394885,0.526444337259743
TCGA.60.2724.01,0.0712213095263521,0.458571514253913,0.126426751852685,0.34378042436705,0.847019808016347
TCGA.90.A59Q.01,1.1787732580175e-06,0.645988230876723,0.156222355668735,0.197788234681284,0.644052543413597
TCGA.94.7557.01,0.441157677733635,0.502089526391276,0.0567498313482707,2.96452681859174e-06,0.627434962736277
TCGA.96.7545.01,0.621355598620063,0.224143621030553,0.0468162251739139,0.107684555175471,0.731577814238027
TCGA.85.6798.01,0.555637425977069,0.396191572463181,0.0481704102429474,5.91316802650145e-07,0.605528778392829
TCGA.98.7454.01,0.128256362088282,0.745226781603276,0.126516785540003,7.07684392759251e-08,0.536761217302886
TCGA.66.2771.01,0.029692945393608,0.354601514158303,0.376034537219852,0.239671003228236,0.852790949986229
TCGA.56.8083.01,0.00711503014189329,0.992884033116787,1.58052465482825e-07,7.78688854591628e-07,0.0305070299241043
TCGA.85.7696.01,0.390872579237365,0.37262534449763,0.0782706393162953,0.15823143694871,0.884484620844381
TCGA.77.A5G6.01,0.0725142529544876,0.748213981508113,0.0105164736937682,0.168755291843631,0.544959886084169
TCGA.90.A4ED.01,0.0114860404712873,0.857015529213832,0.106174202758119,0.0253242275567621,0.371311106637348
TCGA.56.A4BX.01,0.503405119807021,0.307953361449263,1.11153788433979e-06,0.188640407205832,0.73785030807591
TCGA.NC.A5HG.01,0.0114292429074264,0.604301523069386,0.0860396259629618,0.298229608060226,0.668947925334506
TCGA.37.5819.01,0.138745379743589,0.668270596629908,0.192983382906615,6.40719887402491e-07,0.620999848393945
TCGA.66.2727.01,0.702598613402983,0.182605677254879,0.109993838656805,0.00480187068533321,0.596505462685149
TCGA.77.6843.01,0.68418192322605,0.315685806422886,0.000122287800965306,9.98255009812596e-06,0.450750881638701
TCGA.77.8130.01,3.88536201045226e-08,4.99433370864151e-08,0.321993616976954,0.678006294226089,0.453269263574506
TCGA.34.5928.01,0.00142632145379828,0.902358285913018,0.0959246438087148,0.000290748824468636,0.237533358323118
TCGA.22.4594.01,0.319716852271195,0.467577027790403,0.212606956697027,9.91632413757319e-05,0.757503588785842
TCGA.22.A5C4.01,6.91313054291615e-12,0.842691709689123,0.0326178928025918,0.124690397501372,0.371835420181952
TCGA.33.A5GW.01,0.569353049389352,4.47265575359919e-05,0.019634465467769,0.410967758585343,0.550936723017103
TCGA.94.8035.01,0.16300898805381,0.493336171554848,0.0305684212202242,0.313086419171118,0.803912858554528
TCGA.94.A5I4.01,0.31977089913535,0.389386137162871,0.029708616464758,0.261134347237022,0.856199805770206
TCGA.94.7943.01,0.272334929188628,0.636757051032502,0.089974092195792,0.000933927583078479,0.623848159920328
TCGA.85.A53L.01,0.17383441773302,0.613604974831484,0.102864702676249,0.109695904759248,0.779213223079035
TCGA.63.5128.01,0.458087496839285,0.253931298865553,0.0641339226666639,0.223847281628498,0.877809726987396
TCGA.63.A5MU.01,0.340508709578102,0.384547576264753,0.0348341977865312,0.240109516370614,0.861174180176759
TCGA.37.4129.01,0.0252922300310441,0.865188422284685,0.109510851385695,8.4962985764562e-06,0.332252702978157
TCGA.98.A53C.01,0.0165141533765152,0.953184171798001,0.0302930311340372,8.64369144643551e-06,0.158335409670859
TCGA.56.A4ZJ.01,0.066007066552688,0.574512591975284,0.0544761319764262,0.305004209495602,0.734704686675326
TCGA.22.0940.01,0.241443606774294,0.466472939663947,0.223071608713597,0.0690118448481613,0.878600647339774
TCGA.77.8145.01,0.2084864872954,0.632983902939702,1.20332938179833e-06,0.158528406435517,0.655235651546938
TCGA.O2.A52W.01,0.0752079121789198,0.512677210414329,0.0244203268292315,0.387694550577519,0.717839052779556
TCGA.63.A5MV.01,0.127054230560365,0.751950412355245,0.00485547027299661,0.116139886811393,0.5427514645485
TCGA.34.5231.01,0.22951493779082,0.642767805270735,0.0284137295363118,0.0993035274021334,0.687017988729953
TCGA.33.AASD.01,0.631228525294814,0.222325670025716,0.0163110890531456,0.130134715626324,0.690485049498133
TCGA.77.8140.01,0.0622616880953298,0.655341725391576,0.0325026155844262,0.249893970928668,0.654775090409508
TCGA.39.5019.01,0.358794316413615,0.385809972799075,0.12555709327274,0.129838617514571,0.909479832494487
TCGA.22.5478.01,2.69026602887484e-07,0.825327670631425,0.0397478081248423,0.13492425221713,0.401718250057743
TCGA.90.7964.01,0.369357978349289,0.438699108708528,0.0303622435592352,0.161580669382949,0.815095797464554
TCGA.68.8250.01,0.0932681307218911,0.727408798289884,0.0481077172252072,0.131215353763018,0.624130737615998
TCGA.56.8504.01,0.394123297137589,0.413491486011097,0.0338719869575402,0.158513229893773,0.82143978651001
TCGA.NC.A5HP.01,0.284820047406728,0.609961496631621,0.0256124702742335,0.0796059856874177,0.688571390478363
TCGA.33.4566.01,0.133998816977657,0.530669729549861,0.301571287615702,0.03376016585678,0.780116911576337
TCGA.58.8393.01,0.490266696127176,0.355023489437796,9.99182935329726e-09,0.154709804443199,0.725558265197991
TCGA.63.A5MS.01,0.1025474618218,0.884756863530228,0.00106390161628949,0.011631773031682,0.289237082125586
TCGA.66.2780.01,0.0586607198837896,0.385971267413236,0.236703301991321,0.318664710711653,0.893972988381741
TCGA.21.1075.01,0.662981613938922,0.190954010308857,0.0994477379915846,0.046616637760636,0.693296076048893
TCGA.56.7823.01,0.457335368563144,0.387290454051596,3.18878506829769e-07,0.155373858506753,0.73178233266717
TCGA.63.A5MP.01,0.469237282577451,0.40812562563934,0.0278838903291954,0.0947532014540134,0.753015464563413
TCGA.85.8072.01,0.563643697982512,0.409110993683302,4.81142581944673e-06,0.0272404969083666,0.567710561301891
TCGA.21.1078.01,2.21266194213102e-07,0.55549885813957,0.0893223628122638,0.355178557781972,0.65641975477772
TCGA.77.A5GH.01,2.71324470091816e-07,0.947940390788581,0.0360900512938583,0.0159692865930907,0.17069426921438
TCGA.34.2600.01,2.62529381381043e-06,0.517943808771948,0.0197094040168056,0.462344161917432,0.558935091604229
TCGA.33.4533.01,0.0551744985930713,0.830038542175597,0.114334291601671,0.000452667629660176,0.408218553558548
TCGA.85.A510.01,5.98027602670821e-05,0.925816841815525,0.074121256073424,2.0993507836917e-06,0.191039753844156
TCGA.52.7622.01,0.676868446792687,0.227698557947594,0.0190606952726236,0.0763722999870955,0.629752787436024
TCGA.77.7337.01,0.120391619544758,0.486623264472578,0.0585937856845007,0.334391330298163,0.82083012112992
TCGA.37.A5EN.01,0.326729604864751,0.546556774590044,0.0538198150580774,0.0728938054871277,0.752963971530686
TCGA.77.8148.01,0.279095275437213,0.679949953460412,0.0405102034160831,0.000444567686292515,0.542293501814944
TCGA.18.5592.01,0.616305198429571,0.310395655115741,0.00843864388135033,0.0648605025733386,0.634176175402162
TCGA.92.7341.01,0.693617284563797,0.302776129080114,0.00083315496642883,0.00277343138965971,0.460025736039678
TCGA.34.A5IX.01,0.0210329773916134,0.55136448643076,0.0845442528436244,0.343058283334002,0.710793985202815
TCGA.56.8623.01,0.000427720341971516,0.602116248635864,0.148681822786336,0.248774208235829,0.67680500754899
TCGA.63.A5MI.01,0.0812246797199529,0.733118298682251,0.0400793191384464,0.14557770245935,0.606637778141815
TCGA.66.2791.01,0.613659259830818,0.284526036503065,0.0923193553402677,0.0094953483258489,0.66469227341771
TCGA.21.1071.01,0.659904801874896,0.301726875758425,0.038329165227994,3.91571386848396e-05,0.549121885793062
TCGA.60.2711.01,0.261191000714215,0.628262775925546,0.0552004721037477,0.0553457512564913,0.694475401245671
TCGA.37.4133.01,0.598234608334247,0.00488682383561647,0.368490962629313,0.0283876052008229,0.578773304986485
TCGA.34.8454.01,0.0603289387555372,0.614632425798704,0.00211686451576984,0.322921770929989,0.610699416072145
TCGA.56.7582.01,0.74521367543959,0.122691568175045,1.72742559428056e-06,0.132093028959771,0.536671477609086
TCGA.18.3406.01,2.57256572533995e-05,2.28135109951698e-05,0.430976061160478,0.568975399671273,0.493491834368377
TCGA.56.8309.01,0.0116632291555109,0.917776798916639,1.62723631066207e-06,0.0705583446915391,0.229213242733487
TCGA.21.1080.01,0.0429069588464526,0.510601201956344,0.137613873930008,0.308877965267195,0.80366318050567
TCGA.60.2721.01,0.102466874593939,0.585235507358785,0.0126055441735296,0.299692073873746,0.694828605813248
TCGA.60.2716.01,0.0108290045535242,0.5371395127512,0.0723406559629464,0.379690826732329,0.678443829886026
TCGA.66.2737.01,0.635715622809311,0.215220597314084,0.149042960067374,2.08198092299677e-05,0.651024113997275
TCGA.63.7021.01,0.152974566156889,0.200977536222168,1.09019260960369e-06,0.646046807428333,0.643406084578946
TCGA.85.8352.01,0.0935410554705038,0.845858500777242,0.0605961159704518,4.32778180208494e-06,0.384599060513698
TCGA.85.7698.01,0.632624603217097,0.300087379354107,0.0147697432485411,0.0525182741802551,0.626044291102893
TCGA.77.8139.01,0.0869320004506927,0.821158273510408,1.45343308291798e-08,0.0919097115045687,0.428139365498854
TCGA.98.8020.01,0.0581355415546075,0.591706871039542,0.0543896219416907,0.295767965464159,0.717414294891522
TCGA.85.8052.01,0.582225533143301,0.367277135646713,0.0205468682604928,0.0299504629494936,0.625914175938642
TCGA.43.3920.01,0.0439531936640601,0.522522092163987,0.345525968909434,0.0879987452625192,0.762869325386368
TCGA.77.7142.01,0.285415023327668,0.606846301027681,0.051204915080563,0.0565337605640878,0.703716071119205
TCGA.NC.A5HK.01,0.00696895115566815,0.858663789113066,0.0786050094150358,0.0557622503162305,0.379670734149808
TCGA.60.2719.01,0.153264858308322,0.678712194215908,0.04829536903481,0.11972757844096,0.685989567705384
TCGA.58.8387.01,0.0883741509014546,0.582234426465883,0.258453616617994,0.0709378060146679,0.769481061694943
TCGA.43.7658.01,0.0144961984016111,0.945873022103259,0.0396128884009344,1.78910941957951e-05,0.174638032190154
TCGA.43.6143.01,0.191334720480798,0.768125167749064,0,0.0405401117701375,0.46815409971577
TCGA.56.8305.01,0.26900676607662,0.498338520671377,0.0426653302863394,0.189989382965663,0.829842282247398
TCGA.66.2769.01,1.78664003308644e-07,0.759129785928077,0.240869483379664,5.5202825582359e-07,0.39824972855082
TCGA.22.1000.01,0.0213797089029151,0.500946736559879,0.152410338413283,0.325263216123923,0.779426636418153
TCGA.18.3412.01,0.502642523592286,3.06595932207792e-07,0.189252256975446,0.308104912836335,0.738328231611382
TCGA.66.2759.01,0.407648548448075,0.242205721415594,0.0996908618311431,0.250454868305187,0.927542932313961
TCGA.66.2794.01,0.467947658456025,0.356892583072896,0.140097641437308,0.035062117033771,0.804953894390843
TCGA.21.1083.01,0.236805664062394,0.673446162358143,0.0897235255788091,2.46480006537598e-05,0.5943573508222
TCGA.60.2695.01,0.0212163866965989,0.920587773049432,0.0581958402539694,0,0.233301123869639
TCGA.85.6560.01,0.036554509173804,0.917119285206278,0.0460582964945219,0.000267909125395917,0.248336921499864
TCGA.98.8022.01,0.021583440918372,0.80786489563114,0.0325703459655566,0.137981317484931,0.461648030508
TCGA.43.5668.01,0.00878121044182028,0.903411913359682,0.0347789271451729,0.053027949053325,0.29279426830125
TCGA.21.5786.01,0.0317053832164568,0.767656746104738,0.115610298324424,0.0850275723543814,0.556453866606384
TCGA.34.8456.01,0.408121244474448,0.558948866467388,1.44820912757788e-05,0.0329154069668878,0.57954652168751
TCGA.66.2755.01,0.0112730381599857,0.808778404127574,0.179948547721615,9.99082582306496e-09,0.382918555497637
TCGA.18.4083.01,0.25884768143534,0.703770809674969,0.00904931822150135,0.0283321906681892,0.534244248229453
TCGA.56.7222.01,0.106305143208848,0.682400003309786,0.0597435455239985,0.151551307957367,0.687688987515862
TCGA.52.7812.01,0.125324186416534,0.667359194460555,0.164137974041303,0.0431786450816081,0.69427379548479
TCGA.94.8490.01,0.372867298465013,0.231431240581085,6.5108572998543e-06,0.395694950096603,0.774345063878833
TCGA.51.4081.01,0.704394833863535,0.223467048057466,7.7912992729638e-05,0.0720602050862699,0.556857535484887
TCGA.39.5028.01,1.0705323333966e-06,0.250868890893397,0.232483820234554,0.516646218339716,0.741035060978031
TCGA.22.5482.01,0.680049725373441,0.012597493190062,0.05843384666869,0.248918934767807,0.598301646373677
TCGA.60.2725.01,0.103309440859347,0.663033188195734,0.102250193510283,0.131407177434636,0.726270641669046
TCGA.21.5782.01,0.117541315978372,0.608495084974353,0.0545584678881845,0.219405131159091,0.754107969861275
TCGA.66.2800.01,0.498087412447867,0.349527850396984,0.125236022511596,0.0271487146435525,0.773764435202153
TCGA.18.3421.01,0.0290195708070433,0.268407995981425,0.488851912706094,0.213720520505438,0.819021027535511
TCGA.22.1016.01,0.0601963001111551,0.857702861056913,0.0330638165910741,0.0490370222408574,0.404961621539369
TCGA.77.8008.01,4.25680296322364e-07,0.623868895386634,3.38834100476814e-07,0.376130340098969,0.477639984001068
TCGA.66.2767.01,0.185870879772895,0.534103655265085,0.147820542424092,0.132204922537927,0.864057017894805
TCGA.22.4609.01,0.266087371015675,0.400517490898879,6.39660579423423e-06,0.333388741479652,0.782690840891866
TCGA.43.3394.01,0.424656998491474,0.344623793684134,0.147104577097382,0.0836146307270096,0.880239431633207
TCGA.43.8115.01,0.15768745402395,0.841972031535173,5.74339446437113e-05,0.000283080496233209,0.316650447331265
TCGA.39.5016.01,0.634605566308774,0.202621802198452,0.0989271978584549,0.0638454336343189,0.733299417709435
TCGA.66.2770.01,0.88165094865901,0.0286495235132665,0.0327760832955716,0.0569234445321518,0.352023765993108
TCGA.85.7697.01,0.0965409768303112,0.352217245382036,0.028756539483467,0.522485238304186,0.74620737075564
TCGA.85.A4CN.01,0.615059038623783,0.353232472096905,0.0118583988846675,0.0198500903946447,0.574854386365728
TCGA.56.A5DS.01,0.111834066710179,0.582160678686222,1.37977981373254e-05,0.305991456805461,0.665415830154087
TCGA.37.3792.01,8.38115766653566e-08,0.524391182804004,0.435724800625049,0.0398839327593699,0.597981399948604
TCGA.O2.A52N.01,0.116847641199979,0.592218376364886,0.140355009533157,0.150578972901978,0.809203509489837
TCGA.66.2753.01,0.121541166273244,0.72384919761398,0.0617819324726962,0.0928277036400806,0.636761176931094
TCGA.66.2754.01,0.233637769313462,0.615691472631294,0.150490655452223,0.00018010260302091,0.667161143541686
TCGA.46.6026.01,0.112511037327993,0.668978506384696,0.0812720542937084,0.137238401993603,0.715060482255051
TCGA.85.7710.01,0.110955311859592,0.609839085596735,0.0212384603494204,0.257967142194253,0.704674637077499
TCGA.85.8664.01,4.07108091237272e-05,0.951737977141406,0.0482204346383959,8.77411074569536e-07,0.13972863570802
TCGA.34.5241.01,0.0586516466050036,0.293174595867917,0.326172029572469,0.322001727954611,0.906285095343695
TCGA.43.A474.01,0.616510915672146,0.282552999763812,0.0188791662784163,0.0820569182856255,0.674765878095812
TCGA.96.A4JL.01,0.0203366099279523,0.905490962596043,0.0323150893729281,0.0418573381030762,0.29781515471428
TCGA.NC.A5HO.01,0.212412988435758,0.303479834444593,0.0755549480892287,0.408552229030421,0.902994870888572
TCGA.77.8133.01,0.36746916602386,0.503309442248636,5.10542937239795e-06,0.129216286298131,0.70540550838989
TCGA.66.2778.01,0.000202221833301603,0.173963700826176,0.390188251333159,0.435645826007364,0.74671900489853
TCGA.22.5473.01,0.625843469414681,0.21624752782486,0.106099084778489,0.0518099179819694,0.732772544663551
TCGA.33.AASI.01,1.15492808664044e-07,0.65791984379682,0.148987037909285,0.193093002801087,0.632382237245939
TCGA.98.A53B.01,0.0201831681422118,0.782727874339101,5.99219896324285e-06,0.197082965319724,0.426084483660647
TCGA.43.6647.01,7.71883982205143e-06,0.999764154084798,0.000187833555115387,4.0293520264938e-05,0.00169230252291778
TCGA.22.4595.01,0.111592043577103,0.603816765089053,0.0166318620194134,0.26795932931443,0.699951895144883
TCGA.56.6546.01,0.0178008419948472,0.843288657543738,0.138879279897068,3.12205643465283e-05,0.353415896236453
TCGA.60.2698.01,0.145967180551111,0.572843096814158,0.11174088702599,0.169448835608742,0.826480816863762
TCGA.56.5898.01,0.331317113965062,0.292866917810006,0.0130767115777735,0.362739256647159,0.829698687748988
TCGA.77.6842.01,3.82840666612224e-06,0.979679059605261,0.011958919920928,0.00835819206714464,0.0815730008440743
TCGA.34.8455.01,0.166392929593646,0.406112551877064,0.00726935625490822,0.420225162274382,0.767862214177895
TCGA.43.A56V.01,0.11980293520449,0.425593095704503,0.0762052783064858,0.378398690784521,0.852409407730315
TCGA.77.8154.01,0.191203412970871,0.57773842465371,0.0202802313033118,0.210777931072107,0.750578338774923
TCGA.77.8138.01,3.53546421188946e-07,0.725388220228867,0.0892708843476497,0.185340541877062,0.54892971089746
TCGA.22.5491.01,0.249261870420679,0.196611133134681,0.117947854648328,0.436179141796312,0.923393075617144
TCGA.85.A4CL.01,0.362208514772498,0.349972554579319,0.15372583879089,0.134093091857293,0.93238434886987
TCGA.39.5022.01,0.343442597084207,0.43134237990088,0.170576146959899,0.0546388760550132,0.858588934115117
TCGA.63.A5MR.01,0.0674738969968746,0.389530285878936,0.0780403280208588,0.464955489103331,0.796568541920965
TCGA.66.2781.01,0.183807714327501,0.495135599317438,0.177460623054327,0.143596063300735,0.898007522022905
TCGA.77.7139.01,0.493796634715888,0.295915066885048,0.0775144931838942,0.13277380521517,0.847641704695764
TCGA.37.A5EL.01,0.257009951862154,0.555719907307691,0.0195584614747714,0.167711679355384,0.758904467733531
TCGA.39.5036.01,0.598893818194622,0.0672393376335295,0.145740943121925,0.188125901049924,0.781598285034526
TCGA.66.2763.01,0.0737387078715863,0.539418121575628,0.10341364899129,0.283429521561496,0.805896802303933
TCGA.66.2785.01,9.70931533610788e-07,0.503771461484957,0.314826384099959,0.18140118348355,0.735003309833423
TCGA.22.5479.01,0.562615543377207,0.232347171609403,0.095887930916888,0.109149354096502,0.814614611880579
TCGA.63.A5MT.01,1.24859383780818e-06,0.765277806432257,0.10193080327912,0.132790141694785,0.508981133300982
TCGA.33.4532.01,0.377684289946173,0.432332719790925,0.11583661711534,0.074146373147562,0.846060497095501
TCGA.70.6722.01,0.03587030515117,0.715572919604834,0.0595200806738665,0.18903669457013,0.607147614262364
TCGA.60.2707.01,0.0426693804096085,0.125449441719671,0.0732972930551946,0.758583884815525,0.574298233205067
TCGA.85.8071.01,0.283731099845087,0.504511585542417,0.000114853879811822,0.211642460732684,0.744636517940836
TCGA.22.1012.01,0.240305727987138,0.428411951025997,0.0870997261295783,0.244182594857287,0.91079708928511
TCGA.58.A46K.01,0.73854382354851,0.252804523021351,0.000427171350338047,0.00822448207980028,0.44310376468377
TCGA.94.A5I6.01,0.648635045715659,0.3265699562583,1.7013107260153e-06,0.0247932967153151,0.532311482565522
TCGA.56.A4BY.01,0.595090568481509,0.354191285718106,7.46772191593598e-05,0.0506434685812258,0.597473870872867
TCGA.85.8049.01,0.795650734016033,1.07154823865885e-07,8.711918047649e-07,0.204348287637338,0.365280496008811
TCGA.18.4086.01,0.637634717567456,0.178523540199149,0.102065042515444,0.0817766997179508,0.744580699792064
TCGA.37.4132.01,0.127199077313436,0.525266306142705,0.347505301260198,2.93152836610869e-05,0.698327812577294
TCGA.63.7023.01,0.179933886598997,0.681453501573141,0.077818940476617,0.0607936713512451,0.67728162045165
TCGA.21.1070.01,0.0920841226081465,0.47693474397908,0.0883276170367293,0.342653516376045,0.832489329185848
TCGA.33.6738.01,0.369018815726736,0.42640924175169,0.096186038826272,0.108385903695302,0.863731817501685
TCGA.56.A4BW.01,0.0841719849965192,0.571421970357902,0.0304261278982924,0.313979916747287,0.71996573800644
TCGA.56.8308.01,0.491756588059495,0.295140218877559,2.03182323809346e-05,0.213082874830566,0.749377071458089
TCGA.21.1079.01,0.0433835978164634,0.520729792374692,0.118064598376463,0.317822011432381,0.788049008893355
TCGA.66.2742.01,0.255361682403335,0.386746665271064,0.0945308137643354,0.263360838561266,0.930796127598074
TCGA.63.7020.01,0.045936352899305,0.418592389842078,0.0250033175853299,0.510467939673287,0.679166586249157
TCGA.33.AASJ.01,0.406858933988843,0.349817947442245,0.0615653517649338,0.181757766803978,0.876326817209952
TCGA.85.8353.01,0.270693860101664,0.64966320779502,0.0204625038000933,0.0591804283032226,0.635383836945393
TCGA.18.3410.01,0.0245385994375036,0.780584614927978,0.130318470788842,0.0645583148456765,0.524274471566786
TCGA.85.8070.01,0.55339411996946,0.369431136274556,0.0720142025047107,0.00516054125127382,0.657834141189924
TCGA.NC.A5HQ.01,0.176530304078471,0.441329979403486,0.0394878828337211,0.342651833684321,0.838025947141366
TCGA.66.2783.01,0.708818088560651,0.00466553203748961,0.0697028272362593,0.2168135521656,0.567042558515449
TCGA.18.3407.01,0.522526269221059,0.165086223406223,0.0423044247415691,0.270083082631148,0.810706536670502
TCGA.98.A53A.01,0.438009542103812,0.519780348105656,0.00294018170205717,0.0392699280884747,0.610237309721703
TCGA.85.8276.01,0.19106912566826,0.75626445832634,0.0526664136897624,2.31563828379055e-09,0.492358456136603
TCGA.LA.A446.01,0.560937625422821,0.326480044500539,0.00734452473405525,0.105237805342585,0.694511100968456
TCGA.NC.A5HT.01,0.0764725139878827,0.768034810791913,0.00813369966920615,0.147358975550998,0.519810107035578
TCGA.58.8386.01,0.17230759015318,0.60630893153951,0.0243144110357376,0.197069067271572,0.733483036235175
TCGA.77.A5GF.01,0.627202041877122,0.333040967161438,0.0142113560622209,0.0255456348992193,0.586376705848322
TCGA.56.7731.01,0.0390738688050119,0.542990570303999,0.110804192310983,0.307131368580006,0.767949616929695
TCGA.22.4604.01,0.26731626535873,0.543245567801541,0.146319145708768,0.0431190211309604,0.794159631791722
TCGA.56.8304.01,0.123033020574023,0.415003168021221,0.049259943333617,0.412703868071138,0.819689730721677
TCGA.63.A5MN.01,1.93963286851172e-07,0.7856672535465,0.214332182132861,3.70357351406674e-07,0.374847602886844
TCGA.96.8169.01,0.0676174751966685,0.722078480080824,0.0380788240186033,0.172225220703905,0.60929298283482
TCGA.33.4589.01,0.000574206687545481,0,0.655289803413473,0.344135989898982,0.467691145525757
TCGA.37.4130.01,2.4897002206888e-06,0.000275524660776794,0.999713227928956,8.75771004672837e-06,0.00193268819275516
TCGA.NC.A5HJ.01,0.0321966419274638,0.882449645798277,0.0758340211188493,0.00951969115540958,0.332453056826459
TCGA.85.A4PA.01,0.000726046806510054,0.915519652800194,0.0833568386784826,0.000397461714813489,0.213719007884333
TCGA.98.8023.01,0.042013129758069,0.846158935725816,0.0892965858569604,0.0225313486591547,0.415280675233836
TCGA.56.8625.01,0.143248605688211,0.799077845908465,0.00314356904838996,0.0545299793549347,0.457572417613841
TCGA.43.6770.01,0.475733127912976,0.450856460510462,0.009802043997644,0.0636083675789185,0.673128432332563
TCGA.60.2703.01,0.0629136270380375,0.837731963433068,0.0993065217387576,4.78877901370718e-05,0.398309421588726
TCGA.77.A5GB.01,0.0575250613007943,0.599260440424134,0.0582619701280668,0.284952528147005,0.717371215717996
TCGA.66.2788.01,0.103856894220712,0.512554319231779,0.0917171800937077,0.291871606453801,0.834103675896924
TCGA.39.5029.01,0.128112770564052,0.448831641452254,0.0867383056547246,0.33631728232897,0.866599634896192
TCGA.18.3415.01,0.717218915547208,3.42432518368863e-06,0.159507474334535,0.123270185793073,0.56934608937485
TCGA.90.A4EE.01,0.00825627694210244,0.874194122829658,0.117500944523101,4.86557051387549e-05,0.295197354252721
TCGA.34.2596.01,0.744703070694013,0.243305546207814,0.011873168398174,0.000118214699998796,0.445159008355383
TCGA.34.5929.01,0.0828075300196723,0.836615237930768,0.0408895228309261,0.0396877092186333,0.443136469444035
TCGA.96.8170.01,3.96405869634905e-07,0.349107198933067,5.17922251059071e-05,0.650840612435958,0.46702846453398
TCGA.46.3766.01,0.115255260477501,0.641583069392768,0.243117897983791,4.37721459407725e-05,0.633361308282337
TCGA.22.5483.01,0.386579778900789,0.531207822248831,0.0822123985013222,3.49057915980161e-10,0.655602906982496
TCGA.56.8629.01,0.267772428224874,0.546312823822514,0.0461175758917092,0.139797172060903,0.793515288105174
TCGA.63.A5MG.01,1.83877168362362e-05,0.392362869597088,0.015285761430574,0.592332981255502,0.534797402305339
TCGA.77.7140.01,0.58668484163837,0.208678960049212,0.0793799072154097,0.125256291097009,0.794324484810586
TCGA.77.7465.01,0.0832210305973014,0.743609280051667,0.15888043303964,0.0142892563113915,0.562778358711368
TCGA.94.8491.01,0.105417473448865,0.553835726931645,0.152577487611851,0.188169312007639,0.840805747409384
TCGA.43.7657.01,0.337862934212516,0.494263823111499,0.0881382907547741,0.0797349519212109,0.815590741259179
TCGA.NC.A5HF.01,0.191172222844909,0.491325017481078,0.0185105722096504,0.298992187464362,0.79369909923654
TCGA.63.A5MB.01,0.549299387714573,0.414047895510572,0.0366521855964539,5.31178400779785e-07,0.588171130056447
TCGA.60.2722.01,0.659501411980853,0.194929660692541,0.0157422625265692,0.129826664800037,0.666283413640761
TCGA.66.2768.01,0.0417432896553315,0.386882321541561,0.231780080241038,0.339594308562069,0.869656818330611
TCGA.68.A59I.01,0.0732754040987911,0.768546399777616,0.00241560077382894,0.155762595349764,0.503511421276348
TCGA.77.8131.01,2.15849572393119e-05,0.455591773622376,0.0977859610165129,0.446600680403872,0.682214008997766
TCGA.94.A4VJ.01,0.0900402268132583,0.615724549447113,2.63197673579883e-08,0.294235197419862,0.631418190772381
TCGA.34.5927.01,0.120338435004804,0.815409974803585,1.15843570733107e-06,0.064250431755904,0.431068226631368
TCGA.85.7844.01,0.538374305014878,0.461556779435592,1.02705821115286e-05,5.86449674186924e-05,0.498381998166355
TCGA.68.7756.01,0.469967572035269,0.199923218498858,0.0710059981014279,0.259103211364445,0.876037539259064
TCGA.85.A4JC.01,4.56341088791375e-06,0.320062983879976,0.147079751623371,0.532852701085765,0.708391884263173
TCGA.77.8007.01,0.0194997948142561,0.897278480688791,0.081424912436621,0.0017968120603323,0.281045184111402
TCGA.98.8021.01,0.220219116163177,0.585169919554962,0.000174048111179536,0.194436916170682,0.697334895174644
TCGA.58.A46J.01,0.0919861331717284,0.668619988563197,0.0482772913208851,0.19111658694419,0.68616563794425
TCGA.22.5472.01,0.11089522883762,0.474387436503006,0.00812385786099201,0.406593476798382,0.723261115282445
TCGA.NC.A5HN.01,0.363136630111384,0.362205022419932,0.080777906990145,0.19388044047854,0.9067259580204
TCGA.34.5239.01,0.0763403260539343,0.885604565847965,0.0380353663286594,1.97417694416266e-05,0.309124539536136
TCGA.92.8064.01,0.569868854910268,0.390524993568133,0.00866688021704473,0.0309392713045543,0.603299374687677
TCGA.85.A50Z.01,0.0952381888648582,0.518861125622627,0.0819257802765436,0.303974905235971,0.816078618663409
TCGA.77.7463.01,0.257327307734689,0.475515521698593,0.0697379977333145,0.197419172833404,0.871954732669142
TCGA.O2.A52V.01,0.251993937102683,0.433471394072601,7.09550809135687e-08,0.314534597869635,0.774365520044157
TCGA.21.5784.01,0.0348650799714696,0.037043590796965,0.173341430762679,0.754749898468886,0.544792137499936
TCGA.85.6175.01,0.0127307666553728,0.958225312492388,0.027255312876933,0.00178860797530654,0.148558738681903
TCGA.39.5039.01,0.0243231032554019,0.256675449445397,0.304301852462617,0.414699594836584,0.84146208288852
TCGA.39.5024.01,4.87347427476788e-06,0.252378638259377,0.0927523314218526,0.654864156844496,0.609763232060159
TCGA.22.1005.01,9.24746508466849e-06,0.792000423227675,0.175342114036443,0.0326482152707977,0.434100409754221
TCGA.66.2757.01,0.0050782878479414,0.858409100060049,0.136435197373386,7.74147186228438e-05,0.310456076520065
TCGA.52.7810.01,0.112609619545425,0.437608008065074,0.19958295627974,0.250199416109761,0.920336086501395
TCGA.85.A4QR.01,0.183469506243762,0.585689560931266,0.0216280396173815,0.20921289320759,0.746338034581052
TCGA.LA.A7SW.01,0.061510742269575,0.758734938477868,0.077419580020568,0.102334739231989,0.58599824965682
TCGA.90.7767.01,0.0189525059137013,0.912188920588659,0.0688191990609407,3.93744366989616e-05,0.247839209223166
TCGA.77.8150.01,0.579364276924064,0.365110440595877,0.0164646490846829,0.0390606333953754,0.633611570222856
TCGA.33.4582.01,0.148491133307762,0.542809670006185,0.193742520227722,0.11495667645833,0.852280003697014
TCGA.33.A4WN.01,0.400923760730742,0.255736564665945,0.0147039780010113,0.328635696602301,0.824439059823684
TCGA.18.5595.01,0.597627673108273,0.285757077221617,0.0216257589458494,0.0949894907242603,0.701228285817648
TCGA.18.3419.01,0.0715320942869875,0.611089676786981,0.0373916937261763,0.279986535199855,0.698949475604939
TCGA.NK.A5CT.01,8.47111425423276e-06,0.486986275895702,0.11286750816409,0.400137744825953,0.694819799538336
TCGA.85.8288.01,0.0524199418824381,0.945835120411241,0.001744700678424,2.37027896918058e-07,0.157480102077771
TCGA.18.3416.01,0.556202315899447,0.324661456660257,0.0795387025482988,0.0395975248919977,0.73630063634323
TCGA.79.5596.01,0.569179909754324,0.165752909662976,9.54000032252249e-05,0.264971780579474,0.700765696845516
TCGA.18.4721.01,0.605122424787396,0.352312341606552,0.0425140504402279,5.11831658246077e-05,0.5816043507651
TCGA.66.2789.01,0.0935454281975812,0.731554621506264,0.102835626747062,0.0720643235490921,0.630288503386897
TCGA.85.8351.01,0.0796922963017705,0.76310696645669,0.0602028238429202,0.0969979133986191,0.579511991451442
TCGA.43.5670.01,6.67378730731818e-07,0.558052154854781,0.118768823544542,0.323178354221946,0.680674599470358
TCGA.60.2709.01,0.564081480036296,0.363717912878182,0.071932938371113,0.000267668714409156,0.636484702972806
TCGA.98.A53D.01,7.58120536412887e-05,0.870699795298774,0.129210872729196,1.35199183880184e-05,0.278318698723987
TCGA.85.8666.01,0.364315076962048,0.462044117577968,0.0210303436347348,0.152610461825249,0.788220824132163
TCGA.56.8503.01,0.0241981184005927,0.710890036348877,0.0497264582670956,0.215185386983434,0.586062276469913
TCGA.NK.A5CX.01,0.0146799286002603,0.452934787802079,0.0562406833264397,0.476144600271221,0.67509331898694
TCGA.56.7221.01,0.260391181340075,0.391845649185496,0.00366210594410588,0.344101063530324,0.797180660526267
TCGA.21.1082.01,0.0436347870341978,0.611129851180497,0.031852177583475,0.31338318420183,0.657161240302051
TCGA.63.A5ML.01,0.81529494427832,0.184657926038658,1.15119251376899e-05,3.56177578843938e-05,0.345465413936162
TCGA.22.5477.01,0.627541449800268,0.372442548896482,9.00647398557724e-06,6.99482926462943e-06,0.4764060860746
TCGA.98.A538.01,0.160630586214815,0.610651979981995,0.00775228395060564,0.220965149852584,0.696968862643767
TCGA.46.3765.01,0.385357638053746,0.361311640761892,0.157854796047012,0.0954759251373505,0.902380687405208
TCGA.22.4591.01,0.293780063254968,0.549456314179166,0.0700614355293296,0.0867021870365369,0.784211406419476
TCGA.98.A53H.01,0.10692657628048,0.699552457557425,0.00959407003441052,0.183926896127685,0.609549256067372
TCGA.XC.AA0X.01,0.291366340459839,0.307798246203588,0.000189140683796477,0.400646272652776,0.78631967361873
TCGA.98.A53J.01,0.40434476214571,1.29656844631647e-06,0.00121047954794134,0.594443461737902,0.493015650916702
TCGA.85.8277.01,0.696595719642555,0.27820931875418,0.0251916619979111,3.29960535369594e-06,0.505353235619142
TCGA.66.2787.01,0.723557421033761,0.235095896491058,0.0412457969487801,0.00010088552640053,0.509932546776594
TCGA.77.8143.01,0.0838586909501533,0.610897729447064,0.0294493034887019,0.275794276114081,0.698251447179063
TCGA.85.6561.01,0.597016397705501,0.354141965472731,0.0125373305309502,0.0363043062908181,0.613756499138599
TCGA.77.6845.01,0.500697968547531,0.389905068806352,0.036364865160144,0.0730320974859726,0.739543504784774
TCGA.56.7730.01,0.597040832064238,0.349182251941861,0.0224253860188231,0.0313515299750777,0.626885529147552
TCGA.21.1076.01,0.313852433398463,0.487710059184248,0.0588133824677186,0.139624124949571,0.833465135286837
TCGA.39.5035.01,0.0313027221320208,0.665524310629643,0.172356447251109,0.130816519987228,0.684222256785359
TCGA.56.7579.01,0.317829700570423,0.230912361386669,0.00133614465576863,0.449921793387139,0.772525638105037
TCGA.58.A46M.01,0.667808040879178,0.288802377020554,0.0433893307719538,2.51328313982706e-07,0.551445917543724
TCGA.77.7338.01,0.655831886593166,0.131255136440168,4.90346964341854e-06,0.212908073497022,0.629446277598811
TCGA.85.8582.01,8.25868229738877e-07,0.977173488428961,0,0.0228256857028097,0.0785213082139268
TCGA.63.A5MH.01,1.02791166038643e-06,0.913067092485264,0.0669296302628869,0.0200022493401884,0.246907317945827
TCGA.34.5234.01,3.88192458611795e-05,2.26831979648845e-05,0.843275732909502,0.156662764646672,0.313629045479369
TCGA.63.A5MJ.01,0.595024568127901,0.236600324737499,0.0610668117932425,0.107308295341358,0.764763557536923
TCGA.56.1622.01,0.168728216379351,0.591692356759534,0.0239924938098742,0.215586933051241,0.743734263285443
TCGA.22.4605.01,0.601111044885942,0.0402986423204066,0.0020770211143189,0.356513291679333,0.588546595965989
TCGA.56.8624.01,0.025090892678718,0.557467425623388,0.0214466675971693,0.395995014100725,0.625737595181663
TCGA.94.7033.01,0.0685858324491365,0.377892869153805,0.0668027186476062,0.486718579749452,0.781054686832697
TCGA.85.A513.01,1.40726470933579e-05,0.766411201680314,0.128617677082629,0.104957048589964,0.508137774903708
TCGA.60.2704.01,0.28903272890715,0.690997167012698,0.0198636542472233,0.000106449832927945,0.499875554717218
TCGA.56.7822.01,0.167121152898186,0.0809923313235565,2.80343410782531e-11,0.751886515750223,0.517182641017757
TCGA.56.A62T.01,0.607302601141526,0.28186377356025,0.0371884810922989,0.0736451442059256,0.702830797098404
TCGA.85.A4JB.01,1.27013966162648e-06,0.766746271337733,0.0144943094427657,0.21875814907984,0.431004826272964
TCGA.56.A49D.01,0.0322159396734372,0.796278486883763,0.0491455576601685,0.122360015782631,0.502919823547841
TCGA.43.2576.01,0,0.616351275667432,0.216152446649288,0.16749627768328,0.669881853742983
TCGA.39.5034.01,0.257846549061556,0.682920406203048,0.0342393392371741,0.0249937054982221,0.589827481884299
TCGA.18.3411.01,0.803804238510415,2.86197506615775e-06,0.196186169025792,6.73048872675215e-06,0.357206847446528
TCGA.77.A5FZ.01,2.70390447968671e-07,0.830843001049712,0.169156470101358,2.58458482021299e-07,0.32789183707073
TCGA.39.5030.01,0.0876379941574705,0.859226278078105,0.0498993038846735,0.00323642387975064,0.369231479369287
TCGA.58.8390.01,0.0231981296326398,0.976793740614271,3.63239429522759e-06,4.49735879438346e-06,0.0795979410944056
TCGA.34.5232.01,0.219211454592099,0.321339467071933,0.0214593757717957,0.437989702564173,0.823439214022059
TCGA.43.8118.01,0.213030184123526,0.558441065705425,0.0113271123597696,0.21720163781128,0.748158298901445
TCGA.66.2793.01,0.0207788575088416,0.85370527409111,0.0405278066985484,0.0849880617015001,0.400320838749808
TCGA.68.7757.01,0.0736337443802723,0.708156368334321,0.00843358165846984,0.209776305626937,0.580214494888338
TCGA.66.2734.01,0.082128717964419,0.501518176388122,0.086320546765804,0.330032558881655,0.814187884008204
TCGA.60.2723.01,0.486525333452867,0.333738002543236,0.179736663662664,3.41233369194284e-10,0.739557336349335
TCGA.92.8065.01,4.81218340624022e-07,0.20361618474858,6.98201512364287e-06,0.796376352017956,0.364619887489967
TCGA.60.2726.01,0.0904710003996671,0.628837606619619,0.194575197780126,0.086116195200588,0.749301723637285
TCGA.52.7811.01,0.337459940327459,0.261197160359467,0.0830817216899172,0.318261177623156,0.929319823977479
TCGA.21.1072.01,0.776261798030932,0.148125690311178,0.0756125116568007,1.08941422800854e-12,0.486705182084705
TCGA.77.8136.01,4.86438985701036e-11,0.870339342914951,0.0364856342224824,0.0931750228139222,0.333835182761126
TCGA.22.5474.01,0.560816716161638,0.2970234054443,0.0634180059030365,0.0787418724910253,0.764599944856911
TCGA.33.4587.01,0.000657981131165548,0.97661442452841,0.0227273367583046,2.57582120104311e-07,0.0821895876996703
TCGA.39.5027.01,0.48389216485733,0.338982030651473,0.0945733790506433,0.0825524254405536,0.82732773017887
TCGA.22.5492.01,0.0833694083787331,0.729030921090172,0.0254831444859406,0.162116526045155,0.595839656341147
TCGA.18.3409.01,0.115099560395426,0.729002406000672,0.155800030623075,9.8002980827012e-05,0.555313096939481
TCGA.22.5485.01,0.768635784305492,0.226215723989256,0.00514849170525166,0,0.407995434482067
TCGA.66.2756.01,0.0703515337277435,0.804765029001708,0.124873634832585,9.8024379642857e-06,0.448271546581212
TCGA.33.4583.01,0.605049682714438,0.0268236555263833,0.143827895699142,0.224298766060037,0.73234319243258
TCGA.66.2773.01,0.640330922194405,0.204781367899459,0.0645234563903902,0.0903642535157461,0.724415852755298
TCGA.MF.A522.01,0.596083426968923,0.163434952735657,0.0714455844374573,0.169036035857963,0.788759261646536
TCGA.56.8628.01,0.0859117444598052,0.874748142811791,7.67373947203437e-06,0.0393324389889313,0.328416183932818
TCGA.21.A5DI.01,0.0781330131646511,0.607979066227038,0.0913257231664681,0.222562197441843,0.760812218119495
TCGA.18.3414.01,0.0716557463153338,0.602544704807012,0.103276083552992,0.222523465324662,0.766781691488124
TCGA.77.7141.01,0.529299719382783,0.37677077511107,0.0327361091025289,0.0611933964036177,0.712261671312563
TCGA.90.7766.01,0.122201123980391,0.69245968116893,0.000310008243392615,0.185029186607287,0.595871619101944
TCGA.46.3768.01,0.623912755001847,0.313981425313048,0.0620983404134122,7.47927169321941e-06,0.599232171979195
TCGA.O2.A52Q.01,0.153783708776348,0.551525197235619,0.250778068964319,0.0439130250237137,0.793651805511872
TCGA.22.5489.01,0.0347558351895456,0.854103266163642,0.111115408619357,2.54900274556543e-05,0.357690729257332
TCGA.70.6723.01,0.872179430502574,0.125397259132926,0.0024232379859014,7.23785988275937e-08,0.28437916900366
TCGA.NC.A5HD.01,0.249597427074153,0.616653367983859,0.0550407724186198,0.0787084325233688,0.724388459684419
TCGA.NC.A5HM.01,1.02207465229355e-10,0.621097071592084,0.136839971494522,0.242062956811186,0.657404192209275
TCGA.60.2720.01,8.4076346257422e-06,0.381719215686992,0.358703461856224,0.259568914822159,0.783075957292191
TCGA.46.6025.01,0.557948781507724,0.286988409059056,0.0313475855242032,0.123715223909016,0.75805647225045
TCGA.56.5897.01,0.559874448551709,0.257013395624779,2.30114423683727e-09,0.183112153522368,0.710381616906675
TCGA.52.7809.01,0.0620434828877241,0.877981419454851,0.0434246593410748,0.0165504383163501,0.354050239977916
TCGA.85.8048.01,0.0506639898802289,0.920741307601895,0.028594698170386,4.3474903746932e-09,0.237164324040541
TCGA.43.8116.01,0.0361865600183043,0.853726664209145,0.0313680851505353,0.0787186906220152,0.406699910769824
TCGA.68.7755.01,0.676971417242849,0.20035245232186,0.0466280749048204,0.0760480555304714,0.667301726569875
TCGA.43.2581.01,0.152399733543139,0.770918352334008,0.0658547489218879,0.0108271652009652,0.516065818900653
TCGA.NC.A5HH.01,0.0170549712177645,0.875543551297404,0.104277194957161,0.00312428252767081,0.317080761432151
TCGA.22.5481.01,4.71786954220189e-05,0.896384817515906,0.103563493220791,4.51056788070489e-06,0.240507711532535
TCGA.22.4607.01,0.0246233469323927,0.480146892693811,0.250689030326347,0.244540730047449,0.818524524553041
TCGA.21.5787.01,2.97325682064284e-08,0.633142966994968,0.222133717083144,0.144723286189321,0.651607098052509
TCGA.85.8350.01,0.102293908149252,0.770485583080858,0.0243816379530709,0.102838870816819,0.547200155125851
TCGA.66.2782.01,0.0449804495923149,0.529729449224849,0.20239721291633,0.222892888266506,0.818010249936697
TCGA.66.2765.01,0.0300958783174141,0.484583466669604,0.233691044904192,0.251629610108791,0.824809214441527
TCGA.NC.A5HL.01,0.68836512569743,0.261542579352527,0.0500900895601634,2.20538987957054e-06,0.546655368806416
TCGA.43.6771.01,4.58052034514301e-09,0.117817853681221,0.0793647626533187,0.80281737908494,0.45399803870969
TCGA.77.A5G7.01,0.0843431450165623,0.68021033773204,0.0721935568870681,0.16325296036433,0.689848137644626
TCGA.6A.AB49.01,7.71802179093912e-07,0.80444701966401,0.111917786919148,0.0836344216146627,0.452775184170702
TCGA.33.AASB.01,0.26366023864098,0.506773308595196,0.106630703592766,0.122935749171058,0.860061667160807
TCGA.85.A511.01,0.259496679898091,0.672129787003088,0.0249378489812615,0.0434356841175596,0.609822425339814
TCGA.NK.A7XE.01,0.1681431956506,0.537860911216153,0.111963980596207,0.18203191253704,0.857397249748658
TCGA.56.6545.01,0.0552382981108921,0.892523476042667,0.0522023271539937,3.58986924473769e-05,0.300051110834376
TCGA.34.2608.01,0.39175121955152,0.350114298826102,0.154468130256945,0.103666351365433,0.907486168602178
TCGA.46.3769.01,0.116530992951735,0.641073151667807,0.242349731251081,4.61241293766343e-05,0.63441360189082
TCGA.37.3783.01,8.59250785135615e-06,0.112625327653046,0.462787672783297,0.424578407055805,0.697059363449492
TCGA.56.8307.01,1.46152096449554e-07,0.929380758578367,0.0242617961470804,0.0463572991224566,0.216890371145083
TCGA.NK.A5CR.01,0.492890468647458,0.3873078171481,0,0.119801714204442,0.699915512937661
TCGA.63.A5MM.01,5.73007728860732e-06,0.435397353881593,0.308241003279656,0.256355912761462,0.774589999025797
TCGA.22.0944.01,0.310933062825844,0.247540686347681,0.0897295479714199,0.351796702855055,0.932480928157768
TCGA.77.6844.01,0.0951336835386775,0.573817871906278,4.59248531537497e-06,0.331043852069729,0.655379919719083
TCGA.66.2786.01,0.00346594722198584,0.603087766596274,0.123407251491435,0.270039034690304,0.675429111865905
TCGA.56.8082.01,0.137401434854255,0.71009747898643,1.56036972534018e-05,0.152485482462062,0.57907978556266
TCGA.98.A539.01,0.486430012871444,0.351462488008539,0.0174874964907802,0.144620002629237,0.77073260071528
TCGA.O2.A52S.01,0.536914067822036,0.453138807769041,0.00992877846372421,1.8345945199269e-05,0.532784368175662
TCGA.33.4586.01,0.75175637396033,0.125567497980024,0.0592728663792632,0.063403261680383,0.589638788787248
TCGA.21.1077.01,0.497979131224269,0.36133199423356,0.0743468510371997,0.0663420235049709,0.784985031480347
TCGA.60.2713.01,0.235124116131598,0.68344554132342,0.0642519466352595,0.017178395909723,0.610752861348708
TCGA.L3.A524.01,0.529263044915526,0.438429383325485,0.0282549128446693,0.00405265891431955,0.59248474194291
TCGA.39.5021.01,0.464898373881309,0.452414538448761,0.0825757530375342,0.000111334632395662,0.664994939851784
TCGA.85.A5B5.01,0.493306160167333,0.424440121818869,0.0472535168376911,0.0350002011761072,0.702509086112568
TCGA.58.A46L.01,0.205748047973747,0.602269837291884,0.0350852218452579,0.156896892889112,0.749352657107283
TCGA.77.8144.01,0.0389135382834292,0.509629664992841,0.1029805560804,0.34847624064333,0.772787848668363
TCGA.J1.A4AH.01,0.613609193702934,0.365817496503132,4.00010552580457e-05,0.020533308738676,0.539387654225328
TCGA.56.7580.01,0.121937283814136,0.697027257938499,0.0926785921104189,0.0883568661369458,0.680229581948477
TCGA.63.A5MY.01,0.31774820608703,0.487682569434745,0.0495427366026807,0.145026487875544,0.824783000104883
TCGA.33.AASL.01,0.272383281017282,0.24094374366106,0.0916378497807871,0.395035125540871,0.925534421962208
TCGA.85.A512.01,0.250382881757293,0.491068827462472,0.0634777497789155,0.19507054100132,0.858251754005978
TCGA.85.8354.01,0.416562350234623,0.457200452050694,0.0880449958644198,0.0381922018502636,0.765533945324347
TCGA.O2.A5IB.01,0.0142188635954503,0.978070710676969,0.00769364664549963,1.6779082080554e-05,0.0864136653884491
TCGA.77.7335.01,0.394316051573595,0.29777890656405,0.238124875479823,0.069780166382532,0.905410053670985
