S9,S5,S1,S8,S4,S3,ITTH
TCGA.SH.A7BC.01,0.126857185938087,0.477824679630139,0.327217657469905,0.0555763304489754,0.0118301228750724,0.00069402363782133,0.668895223232575
TCGA.LK.A4NY.01,0.41706822713401,0.366965750224229,0.0971023033678629,0.107871884535585,0.0109576188062458,3.42159320674723e-05,0.697119311019593
TCGA.3H.AB3L.01,0.133624624747417,0.325148283393515,0.375543041011241,0.0314615373135321,0.0062632539746985,0.127959259559596,0.784554853806811
TCGA.3U.A98F.01,0.0821394802252369,8.00035201460864e-06,8.65036833084112e-06,0.911787308045712,0.00605511171105661,1.44929764943158e-06,0.178948798350202
TCGA.NQ.A638.01,0.219142895757567,0.372323790185878,0.285991603482444,0.000131152288023337,0.034603770564862,0.0878067877212249,0.775602567894699
TCGA.MQ.A6BS.01,0.559493869223849,1.70112095802855e-05,0.32789255547486,0.112135627694516,0.000290631888036348,0.000170304509158127,0.524581068260704
TCGA.ZN.A9VV.01,0.734602770141625,0.0106748237742869,0.000324128635888707,0.237439334419647,0.000278579866903406,0.0166803631616488,0.38487250391321
TCGA.3H.AB3X.01,0.224778408142008,0.71211543502094,8.66762599445694e-06,0.0479768924343371,0.0151169364355019,3.6603412189078e-06,0.438960155730537
TCGA.3U.A98G.01,0.0595669554345206,0.000261083159863698,0.00718122538180153,0.932524813218386,0.000164637784554783,0.000301285020872957,0.153281261232386
TCGA.TS.A7PB.01,0.360351096487102,9.92997790500688e-05,0.0330204403794418,0.000147200638553054,0.000266524683382865,0.60611543803247,0.43996015957246
TCGA.LK.A4NZ.01,0.301380341143579,0.0629404070529283,0.325516139893501,0.126743816317905,0.000215539426863977,0.183203756165223,0.823448962876108
TCGA.ZN.A9VP.01,0.142864938583417,0.317816086969774,0.421768436699279,0.0848214596446331,0.0104244659704093,0.0223046121324874,0.752379159138863
TCGA.SC.A6LQ.01,0.283209103245639,0.36547498988759,0.26329966310604,5.37575464016726e-07,4.67861915605535e-06,0.0880110275661106,0.720231110471426
TCGA.SH.A9CT.01,0.0606164434220824,0.606902233159043,0.260101237633934,0.0291689095336927,2.66516136147458e-05,0.0431845246376328,0.592910648864661
TCGA.UT.A88G.01,0.108753483161859,0.456935665635805,0.0625901976061871,0.356590806898707,0.0151298460603711,6.37069731956694e-10,0.671813176460407
TCGA.MQ.A4LV.01,0.173133845154,0.00398825516247751,0.66036002036311,0.0919332850379082,0.00822611936971431,0.0623584749127898,0.575761854364537
TCGA.3H.AB3U.01,0.272382954802877,0.0888784480144536,0.510846070454909,0.0455387270084733,0.00696917159865679,0.075384628120631,0.71587376269889
TCGA.LK.A4O0.01,0.393889796331953,0.313317497847627,0.17668494204169,0.106465239347038,0.00262562757995707,0.00701689685173429,0.739909060310968
TCGA.TS.A7P6.01,0.252679936006445,0.342928706368556,0.156956159224188,0.000123910514831802,0.0835298141023091,0.16378147378367,0.842778602571539
TCGA.3H.AB3S.01,0.225456895828348,0.147296181078097,0.490207661599019,0.0685928646746634,0.0211411103800729,0.0473052864397997,0.768580598302778
TCGA.NQ.A57I.01,0.0891837812528154,0.254289804603623,0.205047246165845,0.445268157806737,0.0040390304551817,0.00217197971579752,0.716890096107161
TCGA.TS.A7P3.01,0.221354516760329,0.13005653024148,0.0972544878625146,0.551137214415278,8.21922133249765e-05,0.000115058507074121,0.645120406252584
TCGA.UD.AAC4.01,0.186421423006451,0.325407208389576,0.299726704298664,0.113655630766713,0.0146682941260321,0.0601207394125637,0.847050917976978
TCGA.UD.AAC7.01,0.0516927650342,0.213987826917717,0.664734325886241,0.0642459546990392,0.000956721408175899,0.00438240605462725,0.536529959211504
TCGA.MQ.A4LJ.01,0.168421165215102,0.558901174573144,0.203939687624653,0.0372901415455291,4.61596666292833e-06,0.0314432150749092,0.659073153635972
TCGA.UT.A88E.01,0.115589427000754,8.92756583148143e-05,0.81741858833004,4.83683794647827e-05,0.000201056182590472,0.0666532844488353,0.333605932076116
TCGA.SH.A7BH.01,0.0376584053257726,0.0268454832715057,0.00343134469309912,0.0336436850976997,0.866755583515206,0.0316654980967166,0.327871544302764
TCGA.LK.A4O5.01,0.177289869964547,0.194976447382572,0.551047680326825,0.0442792982099786,0.0045387023555015,0.0278680017605756,0.678744851375128
TCGA.TS.A8AS.01,0.62905511228133,0.000122050367796687,2.47566117964975e-05,3.03005927243983e-05,7.74116724732111e-05,0.370690368473879,0.369396192526395
TCGA.UD.AABZ.01,0.246959341045967,0.351386397687176,0.263106030763805,0.0878905260190671,0.011323284877679,0.039334419606307,0.812561313006387
TCGA.SC.A6LR.01,0.404526406122951,0.536008161752541,0.035455486084461,0.0103154559369984,0.0133937902188109,0.000300699884237967,0.516900851413787
TCGA.MQ.A4LI.01,0.136837133349588,0.692827198320387,0.157952382356548,0.000183388749494575,0.00930492835761909,0.00289496886636309,0.491097525287168
TCGA.MQ.A6BL.01,0.282287501199041,0.000169237535620301,0.0598152759010541,0.000189357438929717,0.0432303179235139,0.614308310001841,0.537868063152587
TCGA.SH.A9CU.01,0.192926425581316,0.714639730797513,0.0238516033873852,0.0523754155915659,0.000578865646778591,0.0156279589954415,0.485800964075056
TCGA.YS.A95B.01,0.096546736934376,0.263579581041069,0.549374948791261,0.0883855092141708,0.000285406478307076,0.00182781754081604,0.63317588849556
TCGA.TS.A8AI.01,0.14451198639131,4.79775419420727e-07,0.598403165547662,0.202448983178138,0.0172865144615848,0.0373488706458855,0.615661775222145
TCGA.UD.AAC1.01,0.12597572591314,0.394414266136859,0.40992925444283,2.17049234780544e-05,7.86988994696869e-06,0.0696511786937464,0.658225245542418
TCGA.LK.A4O4.01,0.356737315675392,0.151196114672941,0.157664681676251,0.219977058759196,0.0848986503573919,0.0295261788588288,0.888000752594143
TCGA.SC.AA5Z.01,0.00302746407668984,0.648947445262423,0.188996974040013,9.18487468021119e-06,0.0240029099197315,0.135016021826462,0.543051872882092
TCGA.ZN.A9VO.01,0.0178589704421789,0.317844833470682,0.00762202891927719,0.0731883167064518,0.000404305922646513,0.583081544538763,0.54830182674206
TCGA.MQ.A6BQ.01,0.240178977957551,0.00327660849739546,0.382154653908558,0.0168255144243143,0.0302167814420488,0.327347463770132,0.708222583085196
TCGA.3U.A98E.01,0.717708402845205,0.00025236205895518,0.000579689189809755,0.00494274433906078,0.000231658821320183,0.276285142745649,0.350518612929166
TCGA.3U.A98D.01,0.0951399299668187,0.303883883624153,0.519713850972778,0.0513155506724339,0.00741074802245376,0.0225360367413625,0.66980080962688
TCGA.3U.A98H.01,0.170336809574933,0.143630902257259,0.476195516288479,0.0552770746918714,0.0201078616051024,0.134451835582354,0.804739198872653
TCGA.TS.A7P8.01,0.384108434084737,0.568391761772207,0.000165178584965476,0.0235042285333205,0.0237729942966046,5.74027281645731e-05,0.484262454116435
TCGA.TS.A7OY.01,0.179691187492899,0.674680737400659,7.026439463099e-08,0.0175145554817781,0.0803930453141017,0.0477204040461683,0.553994131517347
TCGA.TS.A7OZ.01,0.194942905383,0.292005152313381,0.106554425995105,0.335884931989532,0.0210961312274303,0.0495164530915517,0.844671866175066
TCGA.UT.A88C.01,0.0973064733248614,0.128431383159761,0.484211212930636,0.141364610254591,0.00360228414720667,0.145084036182944,0.791612016784617
TCGA.XT.AASU.01,0.252220744266854,0.000224429044201989,0.562177182394272,0.179634910127533,0.00477950718915699,0.000963226977981578,0.565766613487717
TCGA.3H.AB3K.01,0.633195669948663,0.000427125881777491,0.229335197457488,0.0124461747730713,0.0472316880282021,0.0773641439107975,0.573263811244679
TCGA.LK.A4NW.01,0.156833384209256,0.360985362365907,0.26669689641658,0.0813838598500932,0.0251861107119227,0.108914386446242,0.864625624852074
TCGA.UD.AAC6.01,0.223732701294942,0.390174488803148,0.276448778122408,0.0897056087977779,0.0199383702534456,5.2728278150978e-08,0.754572895104566
TCGA.LK.A4O2.01,0.15128436563888,0.335122051177153,0.411634548381787,0.0386671747965773,0.0318472669733007,0.031444593032302,0.760032352964311
TCGA.TS.A7P0.01,0.230519381408839,0.592907514085207,0.0936716701541005,0.0650648675860187,0.0177813573983587,5.52093674759069e-05,0.625070931934541
TCGA.TS.A7P1.01,0.0457940373747724,0.0147958160417859,0.904232117178746,5.15151308022731e-06,2.2051005228705e-06,0.0351706727910927,0.230168447133316
TCGA.ZN.A9VU.01,0.186248203837299,0.407705579683803,0.000172008824744498,0.0779747002943954,0.00010928481162942,0.327790222548128,0.695328570863196
TCGA.SC.A6LN.01,0.45075453649348,0.254775141932871,0.119905065183378,0.107887519850819,0.0512446162253865,0.0154331203140658,0.791810414421507
TCGA.3H.AB3M.01,0.214284663943276,0.560255764813265,0.11476398220304,0.0844950121133456,0.0134636219505191,0.0127369549765538,0.68396494977641
TCGA.ZN.A9VQ.01,0.117483776921838,3.71575616203305e-06,0.297774424026631,0.541903371921107,0.0210323598892279,0.0218023514850342,0.61894440917538
TCGA.SH.A7BD.01,0.246117741952885,0.000248635238074958,0.203750100004302,0.00628539182890032,0.0281945079573744,0.515403623018463,0.639224747347041
TCGA.UT.A97Y.01,0.211336340665199,0.224493384320928,0.224054717545744,0.318579603465327,0.0193961782635797,0.00213977573922327,0.810964482870104
TCGA.ZN.A9VS.01,0.169296586671748,0.574506102912156,0.107762061779265,3.30141585093445e-05,0.0659554442705646,0.0824467902077568,0.694620975926372
TCGA.MQ.A6BR.01,0.543664716364641,0.211900920680988,0.185917589151502,0.000119565397577411,0.0180226986931807,0.0403745097121111,0.656314455686167
TCGA.MQ.A4LC.01,0.404769501056589,0.000536925916600655,0.126799033551981,0.038354327079358,0.0264485752887303,0.403091637106741,0.680549735566717
TCGA.TS.A8AY.01,0.146712612536381,0.696593130943783,0.0788231609175574,0.0769443953142918,0.000344163485039718,0.000582536802947872,0.523570788664553
TCGA.SC.A6LP.01,0.34904809062356,0.265185883494109,0.000776899130255584,0.0849346009490849,0.226555183104467,0.0734993426985229,0.816307953268249
TCGA.YS.AA4M.01,5.24981598521658e-05,1.72204671447787e-05,0.435331932390577,0.54000537021311,2.56553569172983e-05,0.0245673234123987,0.439128683578132
TCGA.MQ.A4LP.01,0.13184112230166,0.380525164406357,0.0204898849391292,0.398614847758974,0.0543095503299579,0.0142194302639224,0.725415663714676
TCGA.SC.A6LM.01,0.187040505296664,0.184909848970772,0.121027844661993,0.454403713904939,0.0188269498859235,0.0337911372797093,0.797497898222769
TCGA.3U.A98J.01,0.134444053334405,0.651360410203495,0.0477677263853883,6.500835888391e-06,0.0115576139090822,0.154863695331741,0.57751789468226
TCGA.LK.A4O7.01,0.146185389851956,0.215637303404487,0.496246628830761,0.104815901609142,0.00305544681084201,0.0340593294928117,0.741644970280568
TCGA.YS.A95C.01,0.405279402243271,0.374565887294276,0.175448096308683,0.0135311670777017,0.0268968045265984,0.0042786425494703,0.679790092763465
TCGA.MQ.A4LM.01,0.474914691829411,1.79572817944738e-05,6.67103208348157e-06,0.346449040925532,0.053200197373459,0.12541144155772,0.634904529773467
TCGA.3H.AB3T.01,0.149020562545375,0.0227520387545464,0.209577420764457,0.355171176011597,0.000885977597100165,0.262592824326924,0.793783421061391
TCGA.UT.A88D.01,0.0923103164114586,0.0415415546809075,0.488508398769115,0.362592770366828,0.0150446840092258,2.27576246538322e-06,0.632373267016778
TCGA.MQ.A4KX.01,0.196302067567729,1.32126029487913e-05,0.251677721211937,0.105433696236879,0.0316417187457837,0.414931583634723,0.769307577390438
TCGA.3U.A98I.01,0.0809128525409282,0.526285538980485,0.156593663393536,0.236158308197742,2.23083605155409e-05,2.73285267937511e-05,0.654651069604139
TCGA.TS.A7OU.01,0.34052552776005,0.18285970422192,8.18889464476705e-05,0.053574374597995,0.0348457859015333,0.388112718572054,0.73636641532
TCGA.LK.A4O6.01,0.804328006912934,0.0666035467448805,7.1780033829008e-05,0.00018118120893322,0.0429184950849559,0.0858969900144675,0.39279037842571
TCGA.ZN.A9VW.01,0.11101099954141,0.126821337167382,0.375495877399562,0.386504383937544,4.91067305157583e-05,0.000118295223585394,0.693548963395522
