S10,S4,S8,S9,S7,S3,S2,S6,ITTH
TCGA.61.1910.01,0.495858498285043,0.171872560328088,0.0773659441546126,0.00893076195953262,7.27500875491822e-07,1.88204975632341e-07,0.234055707820546,0.0119156117463268,0.617147120878518
TCGA.61.1728.01,0.352447538986197,0.0924090027487966,0.0753530547784981,0.0382725774514966,0.0201503986905004,0.194501324408133,0.195481970863108,0.0313841320732697,0.833010383457788
TCGA.09.1666.01,0.564667478038482,0.149698130424986,1.38656954149442e-06,0.0285685055418351,0.0130713092181945,0.156342076701898,0.083770021316274,0.00388109218878804,0.61780845549949
TCGA.24.1469.01,0.508094446813394,0.0222214080848685,0.219931953961292,0.0390948657294918,0.0115226906471807,0.128471060887715,0.0652103081725893,0.00545326570346839,0.678036546412013
TCGA.04.1348.01,0.506732963108366,0.0137053186031489,0.0206657504786978,0.00973264576595557,0.0291825246881887,0.32621420465643,0.0517183834440492,0.0420482092551636,0.617236516346529
TCGA.61.1917.01,0.157017417691312,0.125614164939035,0.138318620354406,0.0422457675807527,2.48128252830419e-05,0.353311195180522,0.179453493906827,0.00401452752186335,0.796783593279011
TCGA.61.2009.01,0.261057182508361,0.157883971623177,0.0287606399791531,0.00230135763349378,0.0012999345227495,0.428650492092591,0.119529374520622,0.000517047119852409,0.667320899067139
TCGA.31.1950.01,0.50689473933969,0.0202068322801804,0.175725369498156,0.0703983423991927,0.0106561492808183,0.108564509370351,0.102200672504949,0.00535338532666334,0.70507907294115
TCGA.31.1951.01,0.52601344698289,0.0138106069467161,0.0690571810073221,0.0655596508585838,0.00323205181989647,8.15331541589585e-06,0.235042285396617,0.0872766236725588,0.640599697953549
TCGA.61.1995.01,0.628397912728257,0.132645053416552,0.0964075625253238,0.0112166632706122,0.0281375999846895,0.0225000043945461,0.0670332975263411,0.0136619061536785,0.606619813799252
TCGA.24.2297.01,0.545471747688164,2.30994921005018e-07,0.0755130912172944,0.0321027147822271,0.00122563013773432,0.0893677122348203,0.213291640922212,0.0430272320226275,0.63721511723689
TCGA.24.1555.01,0.399408282454855,0.350449743042905,0.0517585322853741,0.0194281572334989,0.0330270823740196,0.0140773506705363,0.131744850159531,0.00010600177928027,0.675426977062021
TCGA.25.1322.01,0.543655785914317,0.0236790480306685,0.0856261375960576,0.0330598160428402,0.0288462265538205,0.0320157994018887,0.211232899743168,0.0418842867172394,0.681387406918173
TCGA.24.1427.01,0.376851344088939,0.103781790247584,0.132455669870125,0.0126041351154612,0.0444313308216159,0.0704307097608572,0.201151719374372,0.0582933007210456,0.83640520703057
TCGA.29.1698.01,0.542164261666584,0.0349292250693135,0.200861675907835,0.0391274702290809,0.0535724811457905,0.0857351637310878,0.00847637648968409,0.0351333457606243,0.684691948683471
TCGA.23.1023.01,0.3172406223027,0.028687922680468,0.192712226695081,0.0205482258259329,0.0293781195423423,0.157359039181249,0.207246782223669,0.0468270615485575,0.83069984589075
TCGA.13.0924.01,0.150522579509975,0.0938864013691968,0.00755914590354883,9.64665409168656e-06,0.00819669088408739,0.479372994229422,0.21048909642337,0.0499634450263078,0.679870016070058
TCGA.24.1847.01,0.439825284823694,0.00201842676723399,0.012083059205911,0.0100201220392405,0.0202557034892718,0.0996018043974541,0.389491058418821,0.0267045408583733,0.599198369238297
TCGA.24.1843.01,0.583871164015631,0.0184925925435638,0.0650795805128081,0.0137207440078709,0.00686718186297448,0.306044926918352,0.00592380745890994,2.67989000539964e-09,0.505695245102197
TCGA.25.1321.01,0.376761954459585,0.119625520533042,0.178917602476945,0.0313520044838467,0.0226555506762734,0.0290410107730947,0.224870617329209,0.0167757392680047,0.78431820444673
TCGA.30.1891.01,0.103611385177004,0.388226609256886,0,0,0.0507713800427341,0.332358856575575,0.113615701524895,0.0114160674229054,0.681827013663169
TCGA.29.2414.01,0.250504428034993,0.296221326219022,0.30268346547801,0.0353059818803748,3.52906584269749e-08,0.0634580471005867,0.043251846158314,0.00857486983804072,0.739896851531993
TCGA.24.2033.01,0.315978310653361,0.34055472353111,0.0833424598345328,0.0137487733446743,0.0421085184030164,0.11151546005008,0.0627151738350854,0.03003658034814,0.795335380201088
TCGA.61.1741.01,0.271975046154357,0.0467079778446926,0.570796950930296,0.0180837564716691,1.8855734577221e-07,0.08853600195485,2.69415514434211e-07,0.00389980867127428,0.541555824461564
TCGA.31.1953.01,0.515913248799328,0.0568409811978106,0.0506656411849213,0.00144154465333296,0.0169736450989874,0.108088994352403,0.176293107585271,0.0737828371279465,0.708332170681826
TCGA.30.1855.01,0.512246053372405,0.0532088295289304,0.0591076368245596,0.0222870760015641,0.0169210724421455,0.117988087739883,0.218027037742937,0.000214206347575022,0.676042467810415
TCGA.09.2056.01,0.157578405231337,0.237962012328705,2.91326963913756e-05,0.0147407473157161,0.0162488713615817,0.302831782325532,0.27059560701538,1.3441725356376e-05,0.710684440747432
TCGA.29.1701.01,0.215903818687776,0.123302076767957,1.42306516100667e-06,7.65312320697358e-06,5.6759800547183e-06,0.628392326951818,0.0163077999038502,0.0160792255201757,0.487971488182528
TCGA.25.1633.01,0.321975937723182,0.169136087818205,0.174462233780188,0.00954853990325758,0.218366950205815,0.0505654026156463,1.03252261422272e-07,0.0559447447014437,0.797796628159448
TCGA.25.2396.01,0.534959290965347,0.134980475363637,0.0320420908133402,0.0435306128566889,0.00295555855623526,0.18261358730775,0.0653221650084828,0.00359621912851956,0.662602850504461
TCGA.61.1914.01,0.239430328562272,0.120646209057904,7.36301923510762e-05,0.0160756245684437,0.0139637934975169,0.490413632860903,0.113919561475852,0.00547721978475828,0.649005050625246
TCGA.61.2094.01,0.606635124319169,0.128301896588387,0.0770280794685292,0.0206507305373996,0.00716247441722627,0.000561170955323825,0.151039506469554,0.00862101724441103,0.582036094644423
TCGA.29.1705.01,0.502340778764774,0.106377388672729,2.4982026850955e-09,0.00183931334848207,0.00225797320222954,0.117114846669743,0.251978566041705,0.0180911308021353,0.615858495991122
TCGA.36.1580.01,0.25463567997269,0.241978686717016,0.118395117115415,0.0307472689912993,0.0682141865230604,0.0873887415270886,0.179742968234004,0.0188973509194253,0.880520478434056
TCGA.25.2401.01,0.380712086679531,0.122455640908905,0.0310581660296906,0.039931259194754,0.0203003396369791,0.230350049872977,0.131995855944894,0.04319660173227,0.808661525538841
TCGA.5X.AA5U.01,0.340755022338492,0.0892283463129079,0.470127871971665,0.0227710415269636,3.51883169221257e-05,0.000192797620657332,0.0538733895096198,0.0230163424027717,0.610559395705993
TCGA.13.0916.01,0.508889336646165,0.00679099228328734,0.136526391255443,0.0409233023234941,0.0477421835100481,0.176933074759622,0.0804652454996965,0.001729473722244,0.695263021416063
TCGA.23.2084.01,0.536463510876679,0.0507781251152552,7.20582032784253e-06,0.00977771510884462,0.0286454260970965,0.0955866909721404,0.278613032600422,0.000128293409234129,0.583874202393333
TCGA.36.1577.01,0.487157259555035,0.114799466177541,0.13173887814915,2.21956885654579e-06,0.107148580753867,0.159096529557358,1.15270775322275e-05,4.55391606596878e-05,0.67242058671143
TCGA.24.1551.01,0.562806608086936,0.159382936624547,0.0202781557852082,0.00938627519450718,0.0291854665624119,0.0781069695822481,0.115009404639019,0.0258441835251228,0.665843830927933
TCGA.61.1998.01,0.393677058650494,0.128599180162689,0.152717790205598,0.0135683342389044,0.0163898175325546,0.134424077634348,0.137517332162557,0.0231064094128542,0.804597438443277
TCGA.20.1684.01,0.370062624703365,0.213619123085839,0.240028898236475,0.0210863333247705,0.0568889612038443,0.0914737981462353,0.00676526430069592,7.49969987747353e-05,0.739560386863461
TCGA.24.1556.01,0.772032175119436,0.0605156782081406,1.37404441229385e-08,0.0286613281826028,6.69064670458209e-09,0.0841391298458695,0.0258080486838689,0.0288436195289917,0.421373563374832
TCGA.57.1582.01,0.52878952867297,0.0159115566948527,0.0753085965834218,0.00771108261997811,0.00810902630180934,0.177746470036703,0.186236292169352,0.000187446920912649,0.623144080590546
TCGA.04.1362.01,0.444454556905608,0.0621916315338842,0.0405590987933294,0.02169542555395,0.0174848647870929,0.0712254301309652,0.285293503238221,0.0570954890569496,0.734074005518167
TCGA.61.2113.01,0.578992786519259,3.96291821166509e-05,0.18370258027217,0.0325430906788007,0.0160761426659463,0.0120794469300976,0.143724958829783,0.032841364921827,0.601257895474803
TCGA.31.1946.01,0.547455207103664,0.0596383089058252,1.00396573348164e-05,0.031175582740801,0.00831886166891953,0.130296745035555,0.192885233123862,0.0302200217640384,0.641884194312321
TCGA.29.1699.01,0.405185195047043,0.0691808720405617,0.201132452879747,0.0702402441296339,0.0125344346485542,0.154067359307798,0.0875987791332144,6.06628134477948e-05,0.777564068842086
TCGA.61.2002.01,0.418520873695685,0.224064197790489,2.76325057744007e-07,0.0451459430685828,0.0104245875848475,0.178809600475688,0.123034209933232,3.11126417507401e-07,0.698621915427646
TCGA.24.2035.01,0.205811584207693,0.103943343524827,0.0961756405619029,0.0389062685354805,0.00845865461741481,0.201475824191017,0.0707716049726744,0.274457079388991,0.874089233633209
TCGA.09.1674.01,0.351798170587509,2.54364730460441e-06,0.507707754151538,0.00109193404521819,1.94096803541644e-06,0.117473254610596,3.43324125791255e-06,0.0219209687485399,0.50712628927353
TCGA.29.1710.01,0.223421483356135,0.168879193293922,0.1386581388819,0.0202512798011452,0.0202807836704088,0.0175133534329635,0.327911564598535,0.0830842029649908,0.822505644136557
TCGA.24.1436.01,0.416799949346744,0.0637653665156236,0.0567898664284233,0.043242403454352,0.020061184747411,0.0656359300989691,0.305448501270795,0.0282567981376816,0.749822859932351
TCGA.13.1497.01,0.561191352995656,0.0112536789224672,0.0237761907247241,0.029363180186497,0.0311858126478674,0.308321492927285,0.0128619148049029,0.0220463767906011,0.566594511665048
TCGA.24.2271.01,0.410356419352507,0.087986843060421,0.00628707006445627,0.0246992254001887,0.0249207899731412,7.42125172714399e-05,0.286512424736223,0.159163014895791,0.695387701462787
TCGA.24.1552.01,0.317063309520211,8.621764348482e-07,0.129501435872065,0.0119973753952281,0.0048246162871463,0.192824503646569,0.252001715663577,0.0917861814387692,0.765423026598932
TCGA.61.1724.01,0.46679122701916,0.0318535687915472,0.0134692682211862,0.00780543719894865,0.0830537240929147,0.0392293226589465,0.357756992267591,4.04597497062171e-05,0.607453490390328
TCGA.20.1685.01,0.584752720485721,0.143821079036937,0.070264724944623,0.0198731188104557,0.0209434259514979,0.0958922593361195,0.064452671418631,1.60148595025068e-11,0.644219984248589
TCGA.24.1423.01,0.328362449754593,0.109104825944564,0.137295789858238,0.0337650011827938,0.0263266577578792,0.0186680342435814,0.321901743331687,0.0245754979266632,0.779268293062927
TCGA.25.2398.01,0.103538735015837,0.211177143969207,0.46925347746304,0.0188911349113415,0.033083289152305,0.0427851884215198,0.121271031066746,3.57718734374373e-15,0.719752263836829
TCGA.29.1763.01,0.414736564259445,0.113892096303755,0.302967362324087,0.0244997918025308,0.00683393659107263,0.0325985367558876,0.0702607322746899,0.0342109796885327,0.727514176445593
TCGA.29.1703.01,0.105857184042535,0.29957542855687,0.199683127482875,0.041213043451919,0.0017401272349799,0.134138062421518,0.11194292208074,0.105850104728564,0.87298027485013
TCGA.10.0936.01,0.32659893710526,0.00189718775919019,0.00818349080072442,0.0671066342093468,3.21363352225638e-05,0.248615417082761,0.29846898269146,0.0490972140160351,0.698839173895363
TCGA.25.2409.01,0.284876845846439,0.166850203968642,0.0676446339365686,0.0546405721010002,0.0172296472965634,0.0400022061940453,0.36266182296468,0.00609406769206166,0.767122525187664
TCGA.30.1718.01,0.332436605288772,0.100097761506833,0.00221766562666781,0.0180214783511081,0.0326550918710145,0.288081631214265,0.226069448268509,0.000420317872830149,0.717549738556155
TCGA.29.1711.01,0.526575495615114,0.0465916306221793,0.0025518528048616,0.0396874678694466,0.00536402598013329,0.0607066048473277,0.264060974824337,0.0544619474366008,0.640618092720085
TCGA.61.2008.01,0.44532884480342,0.212093455318191,0.0178054003853536,3.32898199236434e-06,0.0095791289322651,0.044772133096492,0.269700374853178,0.000717333629108374,0.626671698486878
TCGA.61.1740.01,0.663448319519747,0.0825351857735901,3.68746898122599e-05,0.00363262687203038,0.00512941495759639,0.198642763796947,0.0465278422324672,4.69721578096669e-05,0.476180655954614
TCGA.29.1785.01,0.328197418477186,0.154028997155043,0.0343258300566596,0.0205787666120188,3.9541008189052e-07,0.181164718809939,0.281703509367091,3.64111980686814e-07,0.728964952519648
TCGA.13.1506.01,0.425729605420994,0.128677740695581,0.0845715545305297,0.0331992255207769,0.0315514681861161,0.252476008803622,0.0433910181636437,0.000403378678736417,0.743089300392814
TCGA.29.1781.01,0.532680528516084,0.0108098372328051,0.00340703654662591,0.0224980824906244,0.0225160670412486,0.374274164107306,0.03111113914372,0.00270314492158597,0.512805236883646
TCGA.36.1570.01,0.545230840217579,0.0856390854047136,6.47054096763753e-06,0.0251373760759631,0.0191292869928947,0.175257950711262,0.128055311808311,0.0215436782483095,0.654314726671743
TCGA.24.1930.01,0.430834569887463,0.118260968379041,0.0136821835757893,0.0261128786773453,0.00229383092875847,0.171904503977104,0.234651803206521,0.00225926136797803,0.692357929803349
TCGA.13.0799.01,0.586539967454119,0.153891200062838,0.0178147965537802,0.00972289925444448,0.00382552831436536,0.196288706533466,0.00661550025240952,0.0253014015745772,0.569793378295152
TCGA.30.1862.01,0.508037739742369,0.216897875000764,0.0364561866211538,0.0130936726363358,0.0317384661460967,6.42237917673017e-06,0.148526037663603,0.0452435998105009,0.666483638551372
TCGA.25.1626.01,1.69580820282526e-05,0.0851659434346309,0.486472658559223,2.8979474432232e-05,0.0123530028467706,0.0118753911801573,3.44349597334446e-05,0.404052631463025,0.497364552830353
TCGA.61.2097.01,0.508914698620703,0.0932796378293544,0.0821852169194267,0.0143819991824657,0.0626698700459423,2.50627154519668e-06,0.151887285892347,0.0866787852382158,0.722908982447714
TCGA.24.1616.01,0.144936070716885,0.188808565232205,0.096295487784592,0.0119841375319507,0.321110746589752,0.0276149085235458,0.196896198079063,0.0123538855420062,0.822920461167357
TCGA.29.2427.01,0.0800008715950761,0.143577344066871,0.000201276481275556,0.00717079894899379,0.00484710645140144,0.561586508043539,0.201003807949435,0.00161228646340788,0.577353234553082
TCGA.29.1695.01,0.481979713071765,0.0842822975341332,0.274252594563768,0.0220910588662608,0.00971171137122907,0.0475163079181686,0.0801633924723896,2.92420228631889e-06,0.669121881764475
TCGA.61.1737.01,0.582920853004237,0.0356676117062287,1.03416262998385e-05,0.00162453224228324,0.0221644462771731,0.265965123784479,0.0845445998904306,0.00710249146886912,0.54088121277388
TCGA.29.2425.01,0.294944766484166,0.370542600357754,0.159196062851658,0.0142266341217478,0.00452596290430496,0.0643928263997975,0.0920767751350008,9.43717455708035e-05,0.72258079340623
TCGA.09.1662.01,0.375531637997263,0.226893141722775,0.0547601522354503,0.0128541247237113,0.0120310503058409,0.000215850706622552,0.316125032450509,0.00158900985782809,0.648577308262493
TCGA.13.1512.01,0.405423988635921,1.47939375706642e-06,0.0992565065919217,0.0118930505653544,0.0139779590847332,0.258047215320143,0.211397431759139,2.36864903009221e-06,0.666443209509947
TCGA.29.1697.01,0.661732141948256,0.00963071889788229,0.0997866319837466,0.0306520752220586,0.020096798496794,0.141463056162284,0.036554476311696,8.4100977282239e-05,0.544219879308903
TCGA.24.2024.01,0.358175426520008,0.268114360450954,0.0674511380491581,0.0219929930011997,5.91289720823768e-05,0.0811541019280387,0.150217368157046,0.052835482921514,0.784353035263257
TCGA.57.1583.01,0.382115535679289,0.251012313649637,0.122205380446928,0.0429688158640123,0.0401288065598285,0.100571423691913,0.0609974822651584,2.41843234129025e-07,0.787393064013566
TCGA.24.1562.01,0.256335690482957,0.286469909793979,0.117009189238507,0.0191605651284505,0.0297771807480277,1.67552980977033e-09,0.232985827606775,0.0582616353257749,0.790384420357788
TCGA.57.1584.01,0.432271413435517,0.120990105735735,0.00648899315339869,0.0103534786502137,0.0660385207452655,3.552459431227e-06,0.363844630142322,9.30567811692845e-06,0.598989199639188
TCGA.13.1411.01,0.158120512137647,0.118170212135097,0.378428369144446,0.00872108493134406,0.000108663205606207,0.196700499243692,0.135352086781024,0.00439857242114373,0.754282937593168
TCGA.61.2088.01,0.254921122640907,0.00334604614628589,0.47610669464212,0.0464935724855018,0.00605080602500282,0.000651069016313589,0.170300997287318,0.0421296917565505,0.641546313492064
TCGA.25.1625.01,0.0933536509303985,0.151501844230777,0.0178487157214164,2.26392974326676e-05,0.0229028387238099,0.039925392513126,0.503648568858839,0.1707963497242,0.693334737700242
TCGA.24.2288.01,0.540680545479074,0.0996611855814862,0.100261470328619,0.0210659769164418,0.0113877813558743,0.0072929529096961,0.19956778831899,0.0200822991098191,0.654581928715966
TCGA.25.1623.01,0.334115715851489,0.192311564202245,0.158751683113984,0,0.0874778480046488,0.074973875905383,0.0557537024817515,0.0966156104404988,0.850998110846677
TCGA.25.1312.01,0.137528510981055,0.171897223429014,0.33527127766026,0.0449857294324124,0.0506054762383671,0.126197800910915,0.110388811053105,0.0231251702948711,0.877172030997579
TCGA.61.1725.01,0.242315378733095,0.191417048899339,1.00390578720821e-05,7.0708872067348e-06,0.0264556736196407,0.447913081449422,0.0918782051647598,3.50218866496709e-06,0.642180962681443
TCGA.25.2042.01,5.80786609663674e-07,1.42116451121437e-06,0.0223882680923429,5.07198887570188e-06,0.031398472869532,7.27118292016712e-07,0.259421787461273,0.686783670518563,0.385639412574406
TCGA.23.1026.01,0.185914644808386,0.182307002967177,6.50341934173871e-06,0.0200361322662688,0.00998178073552196,0.207527477809905,0.381862008975952,0.0123644490174485,0.719313849190492
TCGA.29.1770.01,0.193143642671969,0.180452328981438,3.42800984828851e-06,7.90581844615769e-06,0.00760058769546073,0.269906647390514,0.329034475368555,0.019850984063769,0.702520038800883
TCGA.09.2054.01,0.426917459074066,0.0491380816827779,0.378082364322165,0.0167236715670306,0.0217076646111203,0.0819193198223412,0.00144077376511545,0.0240706651553838,0.641916933102731
TCGA.61.1919.01,0.406834425411024,0.168045290184202,0.0651514307457375,0.0173357511137316,0.00010862005389466,0.300476199465562,0.0413247796160624,0.000723503409786077,0.67951457401222
TCGA.61.1900.01,0.515101108087805,0.0918865522145421,0.186017922590558,0.00303930756567255,0.0276316960060953,0.109358661973841,0.0340077724989884,0.0329569790624985,0.702202714646318
TCGA.24.1558.01,0.496196379244638,2.95055827602556e-07,0.15254075381394,0.0390006461723288,0.0881762250758709,0.102990709590228,0.121094799202202,1.91844964904445e-07,0.704504689673348
TCGA.59.2354.01,0.472851694642195,0.0570707585574448,0.0490588238165955,0.00663637860173836,0.00787905543273472,0.086872673064252,0.277759798073818,0.0418708178112218,0.691458742338439
TCGA.09.2051.01,0.669261704381166,0.0133131180397392,0.00429511368552842,0.0249784063686445,0.018149534524284,0.160057518477152,0.103121810680813,0.00682279384267397,0.517525866309869
TCGA.09.1667.01,0.477653343166612,0.137378764042195,0.1060576643649,0.0654054353596222,0.0228960193967462,0.108223906598439,0.0518057878444276,0.0305790792270583,0.783420992207897
TCGA.23.1809.01,0.623571309950571,0.0264280095271317,0.144268869845789,0.000773492143862768,0.00766975926570596,0.0937179093649419,0.0974723759662672,0.00609827393573046,0.573543261780735
TCGA.31.1956.01,0.154924753896509,0.33647565738765,0.000350848261444263,0.000325927260773101,0.000259152230506387,0.441008105231517,9.41021251271277e-05,0.0665614536064725,0.579594285687967
TCGA.13.0730.01,0.0816528614349184,0.000130991595107096,0.637107500550256,0.000523926320540862,0.00164326061535421,0.27697620085326,0.000342212669718112,0.00162304596084558,0.421358810541456
TCGA.04.1519.01,0.265536548107658,0.270201892724951,0.207418320643589,0.0414970176083594,0.0447134140766628,5.39937800718197e-06,0.169914061310708,0.000713346150064548,0.773935103296768
TCGA.25.1870.01,5.03013992239011e-05,0.305974131695458,0.420950562361445,0.0183303495877866,6.83362306833616e-06,3.35215802990486e-06,9.29833163065772e-07,0.254683539341826,0.552482338249378
TCGA.29.1688.01,0.543493961401151,0.0267378397599404,0.000188932814580204,1.52808682143828e-05,0.00089506758842195,0.240255819206798,0.184476595819575,0.00393650254131909,0.535008623074526
TCGA.61.2104.01,0.548203643721967,0.072207685709505,0.0822102760605643,0.0453263158882443,0.0275038958994653,3.92381780864858e-06,0.177976526105967,0.0465677327964792,0.679915631063024
TCGA.13.0801.01,1.36487326787955e-05,2.71210276338129e-05,1.22829367965814e-05,7.0550273282482e-06,0.0155905897121967,0.984208774997074,0.000122648965849221,1.78786004423989e-05,0.0396742996828667
TCGA.24.1928.01,0.680021852917306,0.0307641435229073,0.0543784944358742,0.0098223861259381,0.00448698002971802,0.0530979018514648,0.125214840938594,0.0422134001781975,0.551585733051618
TCGA.36.1569.01,0.279014847608658,0.334457935307221,0.143823475191608,0.0232708035555994,0.00608887627870706,0.000680471432776255,0.162348342509792,0.0503152481156386,0.755237115710543
TCGA.25.1315.01,0.488201073943519,0.066461878830038,0.167753293570221,0.0186816653660259,0.0639175418325574,0.194911552661398,3.62323767708669e-07,7.26314724720306e-05,0.672912925926077
TCGA.24.1418.01,0.391027854735598,0.16523721260538,0.159072114005848,0.0136851023123342,0.00826368867445367,0.104157785690237,0.0717878047698993,0.0867684372062491,0.813795719607006
TCGA.24.1428.01,0.499981026787105,0.0636564692764484,0.0176423892791275,0.0299915845458441,1.31462609513864e-06,0.140287505241144,0.236580681107949,0.0118590291362866,0.657617112515058
TCGA.23.2077.01,0.392019780771845,0.117942191301175,0.161505222768183,0.0331361043894466,0.0277241362997521,0.160644980566004,0.106974967285367,5.26166182274339e-05,0.797977683033026
TCGA.09.1669.01,0.471113571730883,0.216842587014246,0.0828675197553484,0.00898566460773096,0.00718548900819316,0.149091912005282,0.0514498312884499,0.0124634245898667,0.702736484143906
TCGA.24.1430.01,0.490713073456577,0.15654161277458,0.194741896899363,0.0195303352132032,0.0102258787589033,2.2263644672329e-07,0.12822864085631,1.83394046175929e-05,0.647074703379023
TCGA.36.1581.01,0.800344208021738,2.03697105864592e-05,0.1361541380381,0.0508657810181673,0.00834505961729474,0.00423065632586519,2.61395997912268e-05,1.36476684570053e-05,0.319774540760252
TCGA.29.1776.01,0.284501539393587,0.296463515131913,0.0222306813607199,0.00971239892159085,0.0082948786624918,0.0480668218370352,0.305775498593784,0.0249546660988785,0.715458925691853
TCGA.29.1696.01,0.223608306076169,0.172694115313228,0.000243716428235848,0.000343154413521966,0.00202480774976764,0.363523982211058,0.175608015031164,0.0619539027768546,0.721919170711513
TCGA.13.0913.01,0.231218795326441,0.188212109136105,0.131084024065714,0.0180561966573521,0.00225336827267703,0.263269872740358,0.154965019430312,0.0109406143710419,0.81522246174377
TCGA.09.0364.01,0.376474936889563,0.157728239974351,0.344560906273742,0.00399951580033868,0.0405065249681534,0.0766529945459479,4.03441028748721e-05,3.65374450284815e-05,0.661634880096855
TCGA.36.1571.01,0.323086253975851,0.146777122461487,0.265016024712118,0.0687064950710971,0.0584841808732385,0.0226416976152916,0.115246322030568,4.19032603481174e-05,0.809752909142722
TCGA.24.2020.01,0.380293898009574,2.99441992441143e-05,0.338843930637457,0.000139311315841538,0.0304337277353776,0.249350060711526,6.08705778497675e-06,0.000903040333195241,0.574639360649572
TCGA.20.1687.01,0.283395319124521,0.295157269079522,1.8688946491067e-09,0.0157722848875633,0.0200074724656161,0.0175906105881691,0.311999331299348,0.0560777106863656,0.700787729309645
TCGA.24.2262.01,0.617269530493861,0.00224628917310693,0.0430417424169047,0.0375353112808345,0.0244136790266988,0.0595640164343307,0.192068391632833,0.0238610395414301,0.593803107682631
TCGA.24.1850.01,0.544632618495857,1.38200278655429e-05,0.152358996659967,2.6888395367282e-05,0.0107812306021388,0.287659133939037,9.67588843451562e-06,0.00451763599133391,0.504850770756874
TCGA.25.1313.01,0.445547892762795,0.10087360926153,5.86988616823899e-08,0.0210540099124851,0.057951005410558,0.11394015475079,0.237819853055577,0.0228134161474027,0.727710413404648
TCGA.29.1694.01,0.284014547832318,0.135150747566232,4.24178895731311e-06,0.0244527929919102,0.019732238816268,0.000878271153395419,0.522283893855601,0.0134832659953173,0.576948068100927
TCGA.23.1027.01,0.105387185181739,0.24112069688643,0.0250174395060784,0.0353999284275348,4.31428437078977e-05,0.182826158629901,0.378716516894934,0.0314889316296734,0.759034601267442
TCGA.59.2355.01,0.289714494691582,0.236122646676997,0.00381765012332888,0.027908282185014,0.102930576785378,0.0942621013282772,0.23913803476001,0.00610621344941226,0.793863302687963
TCGA.24.1604.01,0.401178705596242,0.215802233306047,0.0674889876712672,0.0250395092590584,0.0261257136094539,0.000347755652654706,0.235843144829592,0.0281739500756847,0.72656165568561
TCGA.25.1319.01,0.299238776220089,2.68318009549284e-06,0.0930883367987017,0.230549176814632,0.0961750752805894,0.239655202836305,0.0301649903460282,0.0111257585235585,0.790397411073591
TCGA.24.1564.01,0.622982813645436,0.0779665280701971,0.145450607780384,0.00653382426501803,0.0512199570041134,1.19645727874124e-05,0.077715291821125,0.0181190128409398,0.591787814163368
TCGA.57.1994.01,0.483823399288466,0.0734842302922821,0.243149943586154,0.0237358466076702,0.01044204698879,7.49695687036645e-07,0.14494176285064,0.0204220206903103,0.664983939551143
TCGA.04.1357.01,0.248158874239631,0.275650483259257,0.0408562830205779,0.0235381751163315,4.68993765009672e-06,0.161286352384872,0.250502356084992,2.78595668821949e-06,0.750729240909548
TCGA.29.1778.01,0.351744935309026,0.214349376241517,0.152562554098966,0.0935765176325518,0.0628442440741461,0.0534581004281519,0.0610720242347991,0.0103922479808417,0.843899807706354
TCGA.13.0899.01,4.58605497911173e-06,0.0803884120996822,0.177058684448724,0.179531924707312,0.00857101648844814,0.41168006434494,0.0820327082849766,0.0607326035709375,0.768955020351671
TCGA.24.2038.01,0.154624428836712,0.516072519754066,0.00928313577015668,0.0150015041243835,0.0113728370281104,4.23589975113806e-05,0.0416718439506708,0.251931371538389,0.609564282467353
TCGA.13.0800.01,0.211550668427545,0.0230403370243389,0.454198603408591,0.0480500500742422,0.034773610829076,0.228295196991544,2.3353763974439e-05,6.81794806890407e-05,0.661098399131854
TCGA.25.2399.01,0.491082702003374,0.084273035508442,0.0822501051174663,0.0342874199900244,0.0515282700044509,0.0330462396581033,0.133780940853997,0.0897512868641426,0.783755717370814
TCGA.24.1548.01,0.576600830040927,0.111237254932127,0.207546475307595,0.0303972466575277,0.026575325622198,0.01325741745479,0.034377952215263,7.49776957186769e-06,0.607845791909522
TCGA.59.A5PD.01,0.590622460907713,0.0129966278273521,0.179403579167208,0.00408625592097412,0.00539895990762716,0.0809796896605047,0.12650177814496,1.06484636617094e-05,0.573022937139212
TCGA.25.2391.01,0.556731770297786,0.0764563533992344,0.0180057987311953,0.00773054204299125,0.0366406512805342,0.121298616193769,0.143665235283439,0.0394710327710503,0.680912209796632
TCGA.29.2428.01,0.340476363142128,7.14333930472712e-07,0.144707539943479,0.0092559290578155,0.00239654275380379,0.263619701656858,0.239498639322665,4.45697893202835e-05,0.672574419805672
TCGA.25.1314.01,0.306116005608657,0.329389734648538,0.0376760723809785,0.0316436498021195,0.0286774274122614,0.0213682677131157,0.245128842434331,0,0.71636857281682
TCGA.25.2393.01,0.222506685196792,0.327813043060246,0.256375241259635,0.0004035160662804,0.00502315968827383,0.187687143452286,8.89622813005127e-05,0.000102248995186851,0.670594781526502
TCGA.23.2081.01,0.501997309525686,0.0411324593704639,0.0338842963023913,0.0307179854172258,0.0238104435888448,0.0388855158216488,0.305007102550208,0.0245648874235311,0.657565568852424
TCGA.29.1762.01,0.484334355422246,9.99240422819698e-06,0.132313869135541,8.2426478489009e-06,0.0539688716441688,0.31738973064887,2.21389305113823e-05,0.0119527991665856,0.574148092146842
TCGA.24.1435.01,0.578414801666461,0.00666919024737398,9.9672380864752e-06,0.0238064805626451,0.0365505570812006,0.172571459829446,0.162385473625381,0.0195920697494056,0.594174123874467
TCGA.24.2026.01,0.561156224213343,0.0978358621272966,0.0291802749028464,0.0479802482996441,0.0251574640323235,2.38465811455797e-15,0.198648628155044,0.0400412982695009,0.645857723031149
TCGA.36.1575.01,0.546103800301011,0.0962019075990841,0.294008447787533,0.042789834336581,0.0118088915642641,9.74387526247711e-06,0.00870695341790033,0.000370421118363985,0.551648809935555
TCGA.10.0928.01,0.392096281367686,0.251744745359698,0.122614761349949,0.00869703376780707,0.0225535260450442,0.0946605550277708,0.0882256394485789,0.019407457633466,0.775363169620241
TCGA.36.1568.01,0.252696665627934,0.220607541565772,0.0554389496865033,0.00566343609118265,0.0393003845281443,9.69158950538837e-05,0.424603577976444,0.00159252862896651,0.660150420379072
TCGA.36.1576.01,0.337433216078998,0.047207297456891,0.21260712973676,7.08098066606601e-05,0.000150969925500331,0.274727611019508,0.0753347776880107,0.0524681882876714,0.743612578244586
TCGA.24.1463.01,0.589055780590474,0.0354718258372668,0.067426755196199,0.0160239963638579,0.00302465089031498,4.52193236633984e-07,0.266698345961027,0.0222981929676235,0.544903319498523
TCGA.57.1993.01,0.514410394108045,0.00874219824901194,0.163083081594338,0.0387802891047135,0.0190352261869629,1.78816458297604e-05,0.24954663123257,0.00638429787852959,0.605656537708551
TCGA.24.2036.01,0.670455663832589,0.0574086183807033,0.104702339174877,0.0152734818951648,0.000940255605859671,0.02948960008059,0.103116562104722,0.0186134789254943,0.553575528588654
TCGA.13.1403.01,0.317764066153119,0.102677231012225,1.26771404484759e-07,0.00979635286052674,0.066894028992595,0.105375234879566,0.277738750816971,0.119754208513593,0.803739855380636
TCGA.09.0369.01,0.245250588557357,3.24270374190341e-05,0.42992141595699,0.011317176567966,9.6574148075977e-06,0.313445347926898,1.28732276620548e-05,1.05133109006443e-05,0.53989480508737
TCGA.25.1871.01,0.400420604023028,0.0704645974552313,0.49095271252546,0.0132873406476891,0.0109268114242272,0.0138769821694687,1.34606802346344e-05,5.74910746605449e-05,0.514321960886536
TCGA.23.1029.01,0.54309569872947,0.113303749732775,0.0508701561592599,0.0315515060472864,0.0650570448896506,0.00634539097656697,0.179033301002829,0.0107431524621633,0.675852005590432
TCGA.25.1630.01,0.421707708424456,0.260601879815687,0.010966644201206,1.10916935941795e-06,3.63988873868333e-06,0.149764154837371,0.148082030767556,0.00887283289562535,0.660385604726151
TCGA.25.1634.01,0.118274290256552,0.429299621300616,0.323725417904178,0.0131833152754267,0.0199798500775038,0.0876724381280801,0.00627669083373552,0.00158837622390757,0.659475948229115
TCGA.24.1413.01,0.471135142683745,0.26293727817207,0.0208218290495753,0.0402065570585334,0.0185876990615186,0.00613776901650003,0.153178818856906,0.0269949061011519,0.676088279643841
TCGA.25.1323.01,0.294199792405176,0.142179470717062,0.312268333571722,0.0132601019056425,0.021420954058411,0.12492628702221,0.0528086197720483,0.0389364405477288,0.808843049009787
TCGA.61.2110.01,0.332937955144509,0.383859078177956,0.123158987600139,0.00698966848016064,0.0536700252005569,0.0175986336306219,0.0817010911611374,8.45606049188309e-05,0.702029360017064
TCGA.61.2109.01,0.413365690675795,0.180217814407172,0.0510423956849242,0.0292005302623143,0.047187445755481,1.19078046620673e-06,0.263276244398927,0.0157086880349201,0.716416204529759
TCGA.04.1514.01,0.507584275269357,0.100001946105267,0.280751245562667,0.0200386849947166,0.0151843312495198,0.0189389360057683,0.000312471365559337,0.0571881094471444,0.632046824253732
TCGA.VG.A8LO.01,0.408871257822509,0.132449507341517,0.0692278303262854,0.0168323167587104,0.0354918595143677,1.36189550382583e-05,0.291511917243911,0.0456016920376605,0.72415234872833
TCGA.24.1549.01,0.360792266784762,5.87393522689137e-16,0.214650355937354,0.0414905315377502,0.0526496293132433,0.0334956066502847,0.27347964408792,0.0234419656886842,0.741286960320467
TCGA.29.1784.01,0.413970268079385,0.0451345241954397,0.00754371728168312,0.00196017228284965,0.0341335889563202,0.407740021682363,0.0886368323121273,0.000880875209832026,0.60404978259753
TCGA.13.A5FT.01,0.512875619460997,0.133871792334844,0.135485520714727,0.0286281916722445,0.0362299511251533,0.0747118289086505,0.0748403932153704,0.0033567025680125,0.72681074926777
TCGA.61.1736.01,0.505545440855936,0.07777401989441,1.66841700929079e-07,1.24411917414421e-07,0.0247615817026422,0.030516362666442,0.227620054609818,0.133782249017133,0.648033109933578
TCGA.OY.A56P.01,0.104282044616802,0.153754765144412,0.634990508823583,0.0492427593645046,0.0260442054158419,0.00110819641119206,0.0303849522802825,0.000192567943381714,0.562958526581684
TCGA.29.1690.01,0.027328022262726,0.55056417990838,1.05229058958068e-05,0.00819906065454216,5.08426325552565e-05,0.0640554667611532,0.343555948339305,0.0062359565354428,0.500958319800589
TCGA.29.1761.01,0.140309907607975,0.276063021770452,0.000897445889630431,9.99372652950154e-05,0.00518167342746226,0.577282779841218,5.11231965292086e-05,0.000114111001437911,0.473243659188836
TCGA.24.2281.01,0.438053216156569,0.103059229694041,0.089683410800358,0.0540595761705031,0.0665169606329122,0.120336070023156,0.105290943342547,0.0230005931799135,0.831297431275238
TCGA.61.1738.01,0.173194691116486,8.83233405489977e-08,0.0483946272575846,0.191442982810104,0.0225373208611495,0.467253511266476,0.0970371164500202,0.000139661914839747,0.690237477817968
TCGA.25.2400.01,0.146319181015055,0.106492205417108,0.0443079769007572,0.00352385551363211,0.65634163889312,0.0241341600716728,0.0188784949815143,2.48720713973213e-06,0.538098342876928
TCGA.61.2098.01,0.352461548581854,0.0456939066569443,0.499757154288552,0.00852453784325629,0.00245256865801399,0.0608101524652819,0.0224535317379539,0.00784659976814347,0.579053283060822
TCGA.59.2363.01,0.493538411088352,0.143886809629506,0.166876263490076,0.0190486038392585,0.0175324068094944,0.13465917409745,0.0175117974144298,0.00694653363143323,0.696318622092378
TCGA.24.1567.01,0.518316846559528,0.0361936140712052,0.241322575479711,1.65504953238553e-06,0.0546905162190984,0.119326681440444,0.0149849697801375,0.0151631414003436,0.645802497377265
TCGA.61.1918.01,0.483899128596381,0.192941655601188,0.0147139808313199,0.0242700293455849,0.049769535944505,0.0403157467065882,0.175504309012552,0.0185856139618808,0.711384621567001
TCGA.36.1574.01,0.570252846386736,0.0345727534908218,0.000194454458041021,0.00323742823956741,2.70992310512693e-05,0.198334595263983,0.176750281005184,0.0166305419246149,0.554203878682502
TCGA.24.2023.01,0.36029866684218,0.123612516264873,0.0326817220871886,0.00810061100790933,0.0435672397589801,0.159148457139804,0.249778622101155,0.0228121647979101,0.788088907225458
TCGA.13.1511.01,0.540499988405845,0.0339371126570504,0.0857671970571366,0.0649371843833379,0.000844550616645149,8.70326005604249e-07,0.266885978836526,0.00712711771745363,0.591189149151266
TCGA.25.1318.01,0.358679663807609,0.0534103977408712,0.0871568868071905,0.00600219079567815,0.017208430920485,5.01557853580085e-05,0.435388647982019,0.0421036261607896,0.641238846942701
TCGA.25.2392.01,0.399532492569578,7.75647218524748e-07,0.115310497097386,0.066230792867765,0.0561383967689878,0.205835998372077,0.155176597184631,0.00177444949235661,0.761185402460449
TCGA.24.1474.01,0.626479393072249,0.119404873837855,0.152571776384945,0.0135083598504162,0.0238354580399081,0.0343926995585222,0.00033352721007992,0.029473912046025,0.578634301106207
TCGA.24.1846.01,0.517269692403112,0.177713928324242,8.51681774272761e-05,0.00126907356985907,0.0113397793627845,0.102589918907798,0.134964721560804,0.054767717693973,0.659327094992526
TCGA.09.1659.01,0.000281664670125421,0.457294296318666,0.000281130930196869,0.0255043418930371,0.000668327484718964,0.436205209539702,0.0736651059241772,0.00609992323937652,0.503017868074512
TCGA.24.2027.01,0.58027327433222,0.000233064368938372,0.162155405648868,0.0157179258784995,0.0256965070222882,0.105898435033968,0.108329189037355,0.00169619867786343,0.606645060207134
TCGA.29.1693.01,0.22441555920713,0.137440760064528,6.19324477018268e-06,3.80889427397862e-06,1.86617574974499e-06,0.312136936872849,0.325652906350887,0.000341969189812717,0.644284674929062
TCGA.20.1682.01,0.525590604214802,0.0609134411562237,0.00825221900125885,0.0174390287835412,0.0454626870976446,0.276788131415157,0.0387819517114714,0.026771936619901,0.643318708174323
TCGA.09.0366.01,0.0488931933279234,1.58061882219162e-05,0.120103786465994,0.21233673509143,0.0356005616629928,0.374455278930723,0.0957351922363777,0.112859446096337,0.812098107599585
TCGA.24.1434.01,0.377585071815559,0.227263427551552,0.117685632712589,1.17793470675475e-07,8.42774234479739e-07,0.0891154580292484,0.0484833739267168,0.139866075396629,0.766376330373239
TCGA.61.2003.01,0.368548764988888,0.130737376668668,0.253944462239319,0.00927209690125959,0.0113332462140341,1.31659962862175e-05,0.207312596134748,0.0188382908567967,0.710428933617072
TCGA.24.1545.01,0.405606979617081,0.146475958898035,0.150661527412033,0.039384905138658,0.00360958509222164,6.71975572385625e-05,0.251868736970595,0.00232510931413785,0.693576861228649
TCGA.61.2012.01,0.453882746814725,0.00824559630818548,0.131678607810049,0.0416721215783532,0.0375614952368265,0.145946836594928,0.181010188763127,2.40689380475564e-06,0.726659678396711
TCGA.25.1632.01,0.248706330943715,0.209176144421483,0.189963424114963,0.0186112996094636,0.00207252673268044,0.0407731072830986,0.162194676002877,0.128502490891719,0.84876716381838
TCGA.24.2267.01,0.539803980857036,0.162399782055017,0.0769850668456026,0.0286143044965761,0.00927606563420882,0.022616820557394,0.109359734007264,0.0509442455469009,0.697254325410162
TCGA.24.2261.01,0.604889155577509,0.102323867346152,0.138828721409613,0.00839227610096818,0.0014788626040954,3.3336059663408e-09,0.128258400635422,0.0158287129926343,0.572388213105126
TCGA.25.1316.01,0.407737847983512,0.337278814037057,0.178864143581475,0.00313675194362767,0.00119529070468282,0.0713504529994343,5.5722499842508e-05,0.000380976250368059,0.605094698599904
TCGA.09.1668.01,0.477354637951221,0.0124415097605814,1.10768059376076e-06,0.018826786639456,2.53982890200633e-06,0.0702748897002403,0.169645723957185,0.251452804481821,0.633395562443708
TCGA.61.1733.01,0.388021585876484,0.0875132232625351,0.200183723286598,0.0151441998505354,0.0207345686097018,0.157552456671287,0.112849948183819,0.0180002942590394,0.796374157823618
TCGA.3P.A9WA.01,0.6462649060007,0.0349432911879056,0.0359866673657051,0.066381854491302,0.0102881142741811,0.000159533100834469,0.205948754353881,2.68792254903353e-05,0.516102764441128
TCGA.24.1425.01,0.666291338217178,0.107598391338398,0.062259034598157,0.00397562481538402,0.00394571832098484,1.45630639601251e-05,0.0531585278304509,0.102756801815487,0.53718692761468
TCGA.29.1691.01,0.609657976308742,7.32704362504025e-05,0.105604415439564,0.0180281964770605,0.00452500875504391,0.251551529048197,1.06614290730108e-05,0.0105489421060695,0.49625174834142
TCGA.61.2101.01,0.237486944834988,0.236807829335094,0.154013616448148,0.0348962544984044,5.09802604061123e-05,0.0608401997477161,0.275902618138399,1.55673684514734e-06,0.776111737190007
TCGA.59.2352.01,0.219897640514325,0.136002560641179,0.316771126245263,0.0517824590471418,0.163139621210946,0.0165914593910461,0.0958151328604216,8.96779313218609e-11,0.822517832033055
TCGA.OY.A56Q.01,0.265864409806789,0.185929533226086,0.409584632085202,0.0262568683371906,0.0353330166200404,5.21894412070085e-05,0.0769550830252088,2.4267458275807e-05,0.693660939024096
TCGA.04.1365.01,0.557695731811514,0.00368464708482018,0.0647579794680426,0.0348132674093929,0.0028506374347305,0.245313517800367,0.0858822652103191,0.00500195378081364,0.595928615723688
TCGA.24.1563.01,0.177404748528799,0.0719108294148433,0.00021697160557732,0.002618732604287,0.015017511841857,0.217411405170081,0.170140832188857,0.345278968645699,0.758283888206716
TCGA.13.0897.01,0.0929558858725556,0.000886485278460053,7.30264894613022e-05,0.0156902206191755,0.00269903257721014,0.400533071858463,0.477594958602058,0.00956731870261598,0.515907870915355
TCGA.24.2019.01,0.670109922809744,0.0396398604296224,0.05935518130913,0.0145859725656605,0.0155885211620629,0.113787549699178,0.0839925377948362,0.00294045422976633,0.559223792817371
TCGA.36.1578.01,0.529138827102573,0.25733231817611,1.10415393241895e-05,0.00488402084678949,0.0422136200311842,1.20308068655216e-05,0.1181080334139,0.0483001080832546,0.598536370273757
TCGA.61.2016.01,0.42275096088834,0.157390601092198,0.0877737660411504,0.0163354330610254,0.0368171142788682,0.0154688504400181,0.257136330801305,0.00632694339709508,0.722825274389843
TCGA.13.1498.01,0.166569498455359,0.358900463206394,0.0253512992074279,0.0216736903034245,0.0387437507377633,0.17660879867811,0.159835244127857,0.0523172552836642,0.828163768178899
TCGA.24.1842.01,0.537977689871639,0.156048904076383,6.36707539486441e-07,0.0145799080202435,0.0359729515849771,0.0833308822491568,0.161227108671282,0.0108619188187792,0.651653903418366
TCGA.13.1405.01,0.414603217273252,0.0258241179718809,0.0890646508931022,0.00900479783440741,0.000834846400006144,0.0494394001530267,0.409329456351149,0.00189951312317547,0.600821484730038
TCGA.24.2298.01,0.317367401950761,0.0152034290286383,0.0124956674680713,0.0523522803685575,0.0439967813392546,0.0703536221756692,0.424813868507406,0.0634169491616425,0.721264803663955
TCGA.30.1860.01,0.54092225824761,1.117188411398e-05,1.92999177580295e-05,0.00990089263240199,0.0230313265031342,0.42104822717487,6.53836017432207e-06,0.00506028527993689,0.411795095705829
TCGA.25.1631.01,0.375951835309084,0.188381675726201,0.120850702361468,0.0189318691988409,0.0239852750466375,0.0415068224274587,0.184717556450414,0.0456742634798957,0.811379066372627
TCGA.13.0893.01,0.481235547536381,8.24039613298309e-08,1.04757859130971e-06,0.0303367026245714,0.0225226042580322,0.171297725766314,0.284259654117762,0.0103466357143878,0.601386900167288
TCGA.13.2060.01,0.538656073951862,0.137328081964766,0.00552933554250136,0.000155308467499538,0.108475554277739,0.209831511973337,1.73604316436381e-05,6.77339065141311e-06,0.579418484471737
TCGA.13.0890.01,0.078931925010874,0.00257969633819262,0.294399672090746,0.0266586260571161,0.0613680066763775,0.350914151414605,0.168151834852948,0.0169960875591406,0.759927463436736
TCGA.59.2350.01,0.563038585975745,0.0567193058846641,0.0933097245942734,0.025541943388854,0.022729522539686,0.151761620232799,0.0814663110512546,0.00543298633272334,0.676109852195353
TCGA.WR.A838.01,0.489983316890035,0.255587597671063,0.166810807394953,0.0425660889208109,0.044972773368579,4.76511113104994e-05,1.77167944871648e-05,1.40478487612993e-05,0.611530611461282
TCGA.24.1467.01,0.576639254347236,0.174442735145315,0.0431493657886547,0.0209888373088308,0.0148371983430316,5.53532652077751e-07,0.157480338912916,0.0124617166213638,0.599683962803412
TCGA.09.1673.01,0.449963607074946,0.295020589111105,0.146838201104203,0.0122265519630698,0.051050596261243,0.02295600230366,1.15973742226667e-06,0.0219432924443506,0.662366268480179
TCGA.24.1544.01,5.11576129354006e-06,0.0662026605982495,0.66645151249534,0.00197861247566735,7.7032624837553e-07,0.17055224552436,0.094798526035307,1.05567835340787e-05,0.474981238831827
TCGA.04.1364.01,0.485202110608914,0.104395244617102,0.161698749083307,0.0136089558977409,0.00478244699238728,0.209058356788352,0.00552345397844387,0.0157306820337521,0.666845808397754
TCGA.61.2102.01,0.343473472280435,0.000329990056369541,0.504299948395695,0.00516817664123403,0.0157851659536103,0.125544290784409,0.000706178402303501,0.0046927774859439,0.528234837205072
TCGA.24.1550.01,0.14725153208265,4.20244771598198e-05,0.45593490039663,0.0197997619714887,0.0666366495887074,0.247810716995388,0.000242118186549699,0.0622822963014261,0.682572951120273
TCGA.24.1419.01,0.627331008956155,0.0430288540675065,0.0849928770319426,0.0139043726258231,0.0344182924070259,0.134407672609365,0.056247392448224,0.00566952985395852,0.612546941536974
TCGA.24.1849.01,0.372320809563282,1.99509220012421e-08,0.0608231025820001,4.68060075908688e-08,0.00024867535219109,0.190840396101418,0.287498322420545,0.0882686272236351,0.687174905814685
TCGA.25.1320.01,0.447261808739173,0.074109620793061,0.121251288850507,0.121191685467042,6.17746342175586e-06,0.0546825769549547,0.084876336648238,0.0966205050836032,0.797547139639119
TCGA.30.1861.01,0.491972343710582,0.115320001090735,0.0370774949217811,0.0170933393610899,0.0119231611214707,0.131969486039007,0.18785014597209,0.00679402778324439,0.701090553514114
TCGA.13.1410.01,0.385314120698063,0.0870743434093,0.125316039538295,0.0506660547049639,0.0208050981002129,0.0779419396418838,0.245668637698277,0.00721376620900406,0.794108734626267
TCGA.25.1627.01,0.437878032116519,0.0649226433095455,0.185791395884004,0.0367428234698784,0.0423096489526529,0.0583802840550305,0.170805421629403,0.00316975058296626,0.766068642624717
TCGA.30.1857.01,1.98881598050388e-06,0.039126903591291,6.75052400181517e-06,7.82810169162746e-06,0.00354554571327095,0.30829931219992,0.642855639949867,0.00615603110397663,0.39681526392311
TCGA.09.0367.01,2.12653013855873e-05,0.354198268891954,2.04701427357014e-05,0.00127090735669939,0.00330483682255866,0.350489406747221,0.290567351127497,0.000127493609947737,0.540119799471894
TCGA.24.1416.01,0.407473078411294,0.106503893910949,0.000127431454713195,0.0135883027830337,0.0249157158038225,0.19043225551375,0.137141712016026,0.119817610106411,0.768672160658609
TCGA.24.0975.01,0.0759362482915768,0.120914932323654,0.143032081463248,0.029815370714259,0.0129602617788477,0.16793509150972,0.445022301918375,0.00438371200031933,0.757005410947201
TCGA.24.2293.01,0.561461138501006,0.0728862945059185,0.1049004954826,0.0226742172442997,0.0176277684447944,8.23803533870545e-07,0.17350887098367,0.0469403910341776,0.652112096825904
TCGA.61.1743.01,0.149824890718872,0.0642899389576079,5.8099011644367e-06,0.711911176982577,7.37580125689598e-05,0.0675660034897614,0.00104123830418494,0.00528718363326281,0.442648168666333
TCGA.31.1944.01,0.499353073265733,0.138495170032122,0.0377858969171952,0.0164969550182397,0.0369192351876813,0.101821307149678,0.158324497627561,0.0108038648017896,0.724808891635221
TCGA.25.1317.01,0.366668004203991,0.271094274109329,0.18459148932822,0.0124729600210913,0.000378930899293276,0.0312581529072081,0.101868167239282,0.0316680212915859,0.741363301172623
TCGA.25.1635.01,0.404196134307065,1.1333084069728e-06,0.254175586934495,0.0126907778586465,0.00613221620964372,0.0952306492094842,0.226011742968734,0.00156175920352575,0.659363718845107
TCGA.29.A5NZ.01,0.203921871925309,0.0482403618113301,0.713307872456213,0.0249141948368851,0.00122622176741189,0.000136288764487015,0.00184703387586598,0.00640615456249817,0.412068744595167
TCGA.25.1628.01,0.426751337299881,0.0564925844920446,0.37774238006844,0.0231249566044559,0.00362538731093327,0.0501222163294895,0.06183850779483,0.00030263009992585,0.637462073417701
TCGA.24.1553.01,0.0650711888489443,0.452820600194342,0.19744182691724,0.0292609309673281,0.00782540798122925,1.21816210303663e-05,0.237364228826604,0.010203634643281,0.666734862517001
TCGA.61.2092.01,0.529206503999324,0.288230920213906,8.04079391458249e-06,0.013985372114372,0.024986999592781,0.143578651070427,3.94751768781975e-07,3.11746350711624e-06,0.541510979078224
TCGA.25.1329.01,0.287099613867371,0.0186469094279883,0.243963901972895,0.0165192745557898,2.2522612070939e-07,1.43617682636978e-08,0.422999273091456,0.01077078749661,0.604600136947452
TCGA.24.1844.01,0.552616693804798,0.105784389120914,0.0485627518522464,0.0207141434909667,0.0184809222879707,0.125166522262189,0.107580021354173,0.0210945558267419,0.696198178126495
TCGA.24.1603.01,0.583789941928976,0.106780496322253,0.0558878198391962,0.00979160018684508,0.0384297438471915,0.145211560003497,0.0487498683394809,0.0113589695325611,0.655533867698395
TCGA.09.2044.01,0.519578634135002,0.00755659502811406,0.00132328083546592,0.00231696560726708,0.013408412894299,0.440625130329069,0.00415625200156893,0.0110347291692138,0.428666247340838
TCGA.23.2078.01,0.48572946356358,0.0687687185122144,0.146531582372173,0.0117532843613455,0.00965512441977583,0.0700010637379967,0.196949257154445,0.0106115058784704,0.705804700678324
TCGA.20.1683.01,0.707904032320111,0.0855571463674958,0.0485676833031129,0.0258319399798003,3.76654013894648e-06,0.062290137693901,0.0698264756902062,1.88181052338531e-05,0.507477792414274
TCGA.13.1505.01,0.439070172052689,0.209836875443409,0.16010510046289,0.014667347643003,0.0797010035866408,0.0730219594310099,0.0129965602421394,0.0106009811382192,0.741359943755093
TCGA.24.2254.01,0.651884091999601,0.104761367304222,0.0895728836947639,0.00703606926917153,0.0265454839302474,0.000219868218984077,0.0651125855364849,0.0548676500465252,0.577842310219294
TCGA.24.1546.01,0.0954175928397669,0.195517273023591,0.132505916901418,0.0219030598676682,0.017613543125888,7.14825847705838e-06,0.52046051613188,0.0165749498513111,0.660686182494065
TCGA.24.1557.01,0.554140396201143,2.39462016826662e-07,0.0616222162543588,0.0299967716897374,0.0229215159565096,0.103476592833511,0.218003641761408,0.00983862584131576,0.626542978473948
TCGA.59.2351.01,0.538914930316344,0.166848496959986,0.0757019837012402,0.0139955012329983,0.0534095790893414,0.060722473075459,0.0896989597964446,0.000708075828186693,0.690123212364076
TCGA.24.2289.01,0.556157137905926,0.0196696121721793,0.107024087020393,0.0245764237401033,0.00912616545542186,0.0397566039169485,0.110589929337655,0.133100040451373,0.681349116715046
TCGA.13.1481.01,0.332437634063624,0.0767176924161378,0.15534978897106,0.0193968135564733,0.0209167743424476,0.216743078861131,0.129049709430697,0.0493885083584287,0.84346809341733
TCGA.25.2397.01,0.423806974050087,0.15246443294155,0.00215873499633689,8.16448595906755e-07,0.0483379850160891,0.122447893213559,0.244560608415444,0.00622255491833819,0.694158102491135
TCGA.09.2045.01,0.475765663203089,0.0728019243502889,0.0594093362599806,0.0343245123112276,0.014484687218601,6.73131280499357e-05,0.337818646694992,0.00532791683377066,0.617529022309072
TCGA.24.2290.01,0.692706853050018,0.108078605962339,0.0177871504658816,0.00393576585482457,0.00645535266824856,0.0224441914002217,0.131573102990851,0.0170189776076156,0.501193738655073
TCGA.61.2000.01,0.462854178497264,0.156840175321311,0.00865005576543997,0.0481936788305718,0.0354859993888357,0.244813255874074,0.0249729431488885,0.0181897131736155,0.703250823036155
TCGA.09.2048.01,0.0473224138126657,0.14735599748702,0.27490135854951,0.00795594860034505,0.0184926625474157,0.502871822950711,0.000734827623320769,0.000364968429011777,0.599997830218629
TCGA.61.1907.01,0.367220640723561,0.123587303210084,9.98237262180673e-07,0.00238179929466956,0.0450981817574496,0.461662011120453,2.62787011245592e-07,4.88028695101213e-05,0.547141324993776
TCGA.31.1959.01,0.459393026050767,9.50057940354075e-07,0.21442482604432,0.0169882874999717,0.0514147907818627,0.127259343558489,0.102491168755242,0.0280276072514069,0.723921104250338
TCGA.29.1783.01,0.2020446584181,0.295438480510793,0.251379375745913,0.0455482667511902,0.0649646979148493,9.82360008445338e-08,0.139871504401721,0.000752918021431837,0.783530474691142
TCGA.59.2348.01,0.410301182440816,3.70799395705444e-10,0.0795278505165784,0.0567573982516911,0.031666893423917,0.0187780509570928,0.402286339763683,0.000682284275422488,0.617935112109322
TCGA.24.1424.01,0.473900687861292,0.0504635559275095,0.294083313865701,0.0271299684800368,0.0246010579759928,0.0994026507435365,0.00902717189799893,0.0213915932479325,0.676985349283541
TCGA.13.1507.01,0.0660023979374002,0.205358490316034,0.000210633273387423,0.000115114608427929,6.51561536092833e-05,0.664829199338415,0.0416400897543829,0.0217789186183435,0.478513498382495
TCGA.25.2404.01,0.317611401428423,6.16141297931852e-08,0.0622341821626724,0.0153091909279122,2.00776585004794e-08,0.140308984205456,0.410158368193506,0.0543777913902424,0.673500232268794
TCGA.61.2095.01,0.437519139374645,0.210749712281327,0.14491970836008,0.0100547226300235,0.0110279137992348,0.00142306085018799,0.105417493294156,0.0788882494103455,0.727385502985171
TCGA.29.1702.01,0.428644400869547,0.0989492690885949,0.244437405467458,0.0205136657140187,0.0700997306759407,0.126940499774119,1.86417819188666e-07,0.0104148419925029,0.727098165246575
TCGA.24.1417.01,0.653018371817799,0.0907263457166834,7.90976518092377e-06,0.0339222634765753,0.0203007074296387,0.0863950178933673,0.0874385735742849,0.0281908103264705,0.584412729583134
TCGA.57.1585.01,0.366045471716179,0.0962748143378787,0.136758188036037,0.0217316110005333,1.45899043759008e-07,0.0223702883472651,0.253813413715654,0.103006066947409,0.776970088093036
