S9,S7,S3,S1,S10,S11,S8,S12,ITTH
TCGA.2L.AAQL.01,0.00028365582832033,0.0144393442386876,0.0201139954327221,0.659829463156702,0.00013765561888393,0.128518464901704,0.170767047600683,0.00591037322229705,0.487377122879529
TCGA.2J.AABI.01,0.000191626070805199,0.00634699335540977,0.0138110294904665,0.000123871669665843,0.0216116868826276,0.0751902776035338,0.175661738259767,0.707062776667724,0.443416179895717
TCGA.3A.A9J0.01,1.04909544104772e-05,0.00768844779836165,0.00201727534463541,0.615471556755299,1.5375966769177e-06,0.108450668387024,0.0770326254718948,0.189327397691697,0.530096328415452
TCGA.3A.A9I7.01,0.266465156025348,1.9008981163198e-06,1.28861425405507e-06,0.0874204968491619,0.136215411001509,0.13843427335026,5.2156911513374e-06,0.3714562575702,0.711104165187745
TCGA.2J.AABO.01,1.73516376846805e-05,9.88803461111706e-06,0.0650069892993928,0.3704652176219,0.0083653438024837,0.0381897216716208,0.156517136370025,0.361428351562282,0.658189596697979
TCGA.IB.7890.01,0.0836244961093794,0.000633620968142337,0.0958354938722672,0.00949047401598264,0.000976702895212894,0.00242859056616765,0.0696498951548087,0.737360726418039,0.438933238363715
TCGA.3A.A9IN.01,0.000189877095132765,0.883568815254328,0.00643243550199462,4.20533055742669e-05,6.0234408375724e-05,0.0113105289570887,0.098308605216658,8.74502608474967e-05,0.203911712664319
TCGA.3A.A9IH.01,0.182822965908308,2.94306004177095e-05,0.0122127643327803,0.494371605530746,0.000316028515948953,0.0150437331482804,0.0248341607389541,0.270369311224564,0.588681175355003
TCGA.2J.AABH.01,0.0992614506787901,0.00296928237484688,0.0385289491844049,0.566063634354691,6.9374676022533e-06,0.0421243810061895,0.0887399909380815,0.162305373995394,0.643297025095358
TCGA.US.A774.01,0.0934984549892971,0.00898505992053319,0.00821700551463019,0.234535412911427,0.0205219881944331,0.098374920160106,0.378810011762534,0.15705714654704,0.77415735764931
TCGA.IB.A7M4.01,0.0990065350152067,6.53004336568007e-05,0.00610830124719168,0.163711732744095,0.0383237984315481,0.171909410899285,0.0458682866146648,0.475006634614352,0.711565556712455
TCGA.H6.8124.01,0.104625559175532,0.021266787187356,0.0256645747728411,0.0409111169210763,0.0031010289126623,0.00182910689498384,0.0643888064331554,0.738213019702393,0.467889222468002
TCGA.PZ.A5RE.01,0.0516358168267196,1.35971163627242e-05,0.0136515531480571,0.658788376336339,0.0430778303373948,0.0573552876262426,0.042983359098423,0.132494179510461,0.571897213049262
TCGA.3A.A9I5.01,0.000167523414494482,0.257068803985199,0.00246774734430856,7.45324543879886e-05,0.000140322385870475,0.739767507828995,4.03427929071318e-05,0.00027321979383673,0.285202872614938
TCGA.2J.AABU.01,0.0670611608541745,0.0138391405276637,1.0826598160262e-07,1.71759041520635e-07,3.27031404376649e-06,0.00524122757990321,0.0201853411983502,0.893669579500842,0.215085506734194
TCGA.HZ.A77Q.01,6.37081276027577e-05,0.00427470713273733,9.83083799340148e-05,0.306454357884159,3.66840264690636e-05,0.0286784213331127,0.572091506658422,0.0883023064575636,0.492106562302939
TCGA.FB.AAQ3.01,1.05606752591995e-05,1.35522482751376e-05,5.46951135280794e-06,0.671960403621849,3.09630877260828e-06,0.327952657344129,4.41575174960484e-05,1.01027728662571e-05,0.30474966013026
TCGA.XN.A8T5.01,8.47590652338807e-05,0.0358274137054842,0.0113138574683256,0.159482070711564,0.000120159730925706,0.0437798573411938,0.687141074336418,0.0622508076408549,0.496420015437668
TCGA.YY.A8LH.01,0.0730417868286039,0.00114688233217023,0.0118182010272411,0.712197779383301,0.014736699417568,0.0637983074006001,8.3435932248576e-05,0.123176907678267,0.475860258608895
TCGA.F2.A8YN.01,0.0291555663384252,8.45909613025111e-05,0.00996136775873394,0.71401440614279,0.0195612307352984,0.0934257602664297,2.87221673581639e-05,0.133768355629662,0.460757279878644
TCGA.F2.A44H.01,6.9244139309013e-06,0.0929734242842717,0.0681332255852498,0.135365858337964,5.66385495983722e-06,0.176150447083206,0.377130530727997,0.15023392571242,0.785375650582314
TCGA.2J.AABV.01,0.000961021687772423,2.88891151402114e-09,3.28554661527955e-09,3.96194589196857e-10,2.03777276063068e-05,0.921275714885995,1.36085647267998e-09,0.0777428777671176,0.135142155753531
TCGA.HV.AA8X.01,0.0806793458752516,5.38849643698983e-05,0.00680214381401486,0.875993625301062,1.29512894517655e-07,0.0364646199997092,6.19873256527217e-06,5.18001323604863e-08,0.228125128581357
TCGA.US.A77E.01,0.0242467695701104,0.0135254932752765,0.0230806730164112,0.821850591452405,0.0179703646480761,0.0342646252719848,4.86254101559853e-05,0.0650128573555797,0.366738754549509
TCGA.2J.AAB9.01,0.000218194834438098,0.0136766499869334,0.00793202451076208,0.0441618901965477,0.000624400408733991,0.0646479951968159,0.361808832142813,0.506930012722956,0.543694198442656
TCGA.HZ.A9TJ.06,0.0170194519267707,8.24542196688603e-06,0.0511240122696203,0.497398735064313,5.39655443483127e-06,0.0419249593971883,0.151189883391345,0.241329315974361,0.639861590731301
TCGA.2J.AAB4.01,0.0774123802383894,0.0103255737456248,0.0247485566775046,0.579551801840027,0.00561087123139015,0.0136083226047709,0.125355124283315,0.163387369378978,0.623651359454678
TCGA.IB.A5SP.01,0.13503603681072,1.52377078315907e-05,0.0337806737881791,0.735391006120688,0.0208721503366958,0.0748736011063565,1.21369531067795e-05,1.91571764219056e-05,0.426164825405781
TCGA.2J.AABF.01,0.0253396945867729,0.000808267892643119,0.0503730340631941,0.386082473237857,0.0260010528409246,0.030838380944546,0.354752873613861,0.125804222820201,0.696087434925785
TCGA.FB.A78T.01,0.0699403030570901,0.00169769343584463,1.74621679444377e-05,0.773787655699192,1.31000815527889e-05,0.0850711644128569,0.0694658230108711,6.79813464766082e-06,0.380217028148816
TCGA.XN.A8T3.01,0.000481846168055063,0.0181908798782086,0.0333188133694261,4.47839970265372e-05,5.45495356979621e-05,0.0523870188361372,0.351563005289619,0.54395910292583,0.502107613049649
TCGA.YH.A8SY.01,7.3526179277202e-07,0.00987476611691713,1.77561089076813e-07,0.520868585550846,1.20693958224812e-07,0.0928445571348076,6.94093851728682e-07,0.376410363586737,0.468309227127293
TCGA.F2.A44G.01,0.217300549296569,0.00196891293712855,6.95619460558065e-06,0.456555040872065,1.09361622099226e-05,0.0439412941486761,8.80714460223117e-07,0.280215429674286,0.575131219388851
TCGA.2L.AAQM.01,0.128062450969865,0.334703753670375,0.262884896454203,7.18682397958759e-06,0.0206532797716978,0.0373820074102653,0.0110960280999758,0.205210396799639,0.749612908270488
TCGA.HZ.A49G.01,4.51909610662054e-05,0.0110226880417579,0.00669840903306146,0.270546357436344,8.3070367215544e-05,0.00897333919022541,0.570113217469587,0.132517727500743,0.5138966785211
TCGA.FB.AAQ0.01,0.236597540652175,0.00598009986716826,1.04563894812838e-05,0.593040115370486,0.00772085456755475,0.0583607922356875,1.48218385479611e-05,0.0982753190788992,0.535311068917628
TCGA.FB.A7DR.01,0.152534040750025,6.04448400625708e-06,0.0353522682792258,0.457340605429631,0.0251168308594912,0.0839575659148653,0.0866459854726123,0.159046658810143,0.753916695361913
TCGA.F2.6880.01,0.000256704712044854,0.101307884656491,0.793663987489988,0.000333150193036113,0.0220811528518496,0.00880653140793691,0.0733527017505748,0.000197886938079593,0.355550246991321
TCGA.FB.AAPP.01,0.103850238449257,0.0233844310607844,0.0474393776570613,0.200573875466327,0.582777476296123,0.0418239284001065,6.70840097427679e-05,8.35886605974653e-05,0.595704402597323
TCGA.Q3.A5QY.01,0.000732616745124141,0.0201761393489224,0.00280770300033828,0.0440930737951456,0.000263673394800068,0.158936391567718,0.653391069057773,0.119599333090178,0.512022479453233
TCGA.HZ.A77P.01,0.18722004744573,8.77640905942502e-05,0.0331322555187354,0.0885761431712236,0.105294666611797,0.114091719131972,0.466519327132682,0.00507807689726582,0.725819742544795
TCGA.M8.A5N4.01,0.000494703938283149,1.09557799456524e-05,6.33040198238832e-06,0.546784922481662,2.57037504995603e-05,1.41991361229849e-05,0.000170323840516804,0.452492860670987,0.334122287780273
TCGA.2J.AAB1.01,0.11274791609446,0.000515059482100876,9.41341574614625e-12,0.609290602913264,0.00615816795654238,0.0265837859714493,0.227447525284946,0.0172569422878246,0.522499168011043
TCGA.IB.7649.01,0.207388419967897,3.77950059169521e-05,5.27863726582544e-06,0.0182616330460159,0.00900034271640082,0.0981832152444329,0.667109295382392,1.40199996790758e-05,0.452179051318779
TCGA.IB.7652.01,0.0546932824186624,0.000743948077041386,0.0289805459581898,0.434534000072492,0.000434085208229046,0.00355753758497665,0.446238849279758,0.0308177514006509,0.538521948991704
TCGA.FB.AAPQ.01,0.378319509546953,0.0352459554737812,1.82344849997869e-05,0.4339270011301,0.00707549590554975,0.032966460236212,0.0251431191174215,0.0873042241049829,0.625709960401168
TCGA.IB.AAUT.01,0.0834344657601608,0.046160960627124,0.0296675984974603,0.128198101333401,0.00581856685375601,0.0886914413808916,0.570945177633176,0.0470836879140305,0.685561552475086
TCGA.3A.A9IS.01,0.00519178545214926,4.26667100242847e-06,0.994388406968785,6.18198867087185e-05,0.00012626335889336,1.95591331716476e-05,3.04794311620097e-06,0.00020485058617319,0.0176413224576555
TCGA.FB.A545.01,0.0469158394722857,0.0172733075361006,0.00699043488228893,0.248176769768693,0.000459012411558613,0.00120040813892399,0.000139628106026741,0.678844599684122,0.418380130718677
TCGA.IB.AAUU.01,0.105422322730145,5.862363326896e-06,0.00865728344776053,0.730954621070848,0.0773964454209042,3.42990004779338e-06,0.0607815726256505,0.0167784624413176,0.454129672456255
TCGA.XD.AAUG.01,0.000134602381432434,0.0411453098401642,0.0443966882169036,3.79632204474312e-05,8.96694880895543e-05,0.0485402134910314,0.865464218775266,0.000191334586665559,0.262339447733117
TCGA.HV.A5A6.01,0.000268327715785418,0.00534137732928427,0.0471564196525011,0.405718247493785,0.0631515044167704,0.100814793345082,8.89851717552179e-05,0.377460344875036,0.632150825186595
TCGA.HZ.A4BH.01,0.0017818495525747,0.000629111322544986,0.0310468262070087,0.397541945151478,0.00736366568193371,0.000744281675708328,0.350568820594547,0.210323499814205,0.59022674425434
TCGA.HZ.7925.01,0.0402724339079513,6.83147420613205e-05,2.1192160394258e-05,0.203832614945563,0.0211730298151554,0.0405331555947732,0.694022221280204,7.70375538971065e-05,0.442526506550218
TCGA.HV.A7OP.01,0.124209246241443,1.69129656835504e-06,6.19388551153143e-05,2.79623128338131e-05,0.0114833920094614,0.864108104670488,8.24051154258431e-05,2.52594986646363e-05,0.21089136026186
TCGA.HZ.8315.01,0.0159740342557308,0.00998032812252188,0.00287169797273536,0.430720605856847,0.00437275465741079,0.00339303870661162,0.394893319170292,0.13779422125785,0.564925401935819
TCGA.XD.AAUL.01,0.177471973191588,0.000112948632571029,0.00963857215728004,0.484066899646012,0.0317469398830671,0.0231946940314099,0.0242494452913893,0.249518527166682,0.643066758941567
TCGA.IB.7886.01,0.127404564499751,3.44902272182684e-05,6.07188015130447e-05,0.411567089330331,0.104071201936628,0.164985246268347,0.163093679197378,0.0287830097388344,0.749949430999419
TCGA.IB.A5ST.01,0.000837242228283555,0.00719581610007481,0.0131807575370121,0.0865771350760964,0.0337354620204522,0.100906891213183,0.662306046750604,0.0952606490742934,0.55445610095819
TCGA.YB.A89D.01,0.0262276395344797,0.02195880038471,0.0574800204754022,0.490047574279109,0.010370326417271,0.027112328297195,0.300219331083671,0.0665839795281623,0.663582385649566
TCGA.IB.AAUP.01,0.00096481672584346,0.00115744071510386,0.0416958207548151,0.107562535814564,0.0453176718176187,0.0842682096015203,0.590694289426085,0.12833921514445,0.629966049222273
TCGA.IB.A6UG.01,0.000487214334598006,0.0431172352174402,0.0112606485219978,0.051015323286441,0.00115257031062059,0.184026625275456,0.0987816904766405,0.610158692576805,0.572746092928274
TCGA.IB.AAUQ.01,1.22028447761205e-05,0.0354993078318855,0.0586227908728534,0.265511006577367,0.000137400426609406,0.0429503728101585,0.221386455818119,0.375880462818231,0.709351640260449
TCGA.3A.A9IV.01,1.74337831305519e-06,0.315297960452462,0.660350079060594,7.08434378868119e-05,0.0242572854402953,8.40789225218042e-06,1.28102478468181e-06,1.23993134124204e-05,0.35063916168127
TCGA.FB.AAPS.01,0.00171780118724764,0.059853622947517,0.0303192697409526,0.0669370964433426,0.000876318531969251,0.246667414681539,0.593258248334007,0.000370228133424688,0.543695347812921
TCGA.FB.A4P5.01,0.00105570241875585,0.0105311240548461,0.050625824998337,0.163639420100168,0.000280638795950773,0.0567495415386624,0.620614656150447,0.0965030919428325,0.57190360798748
TCGA.HZ.8002.01,0.0615218274703414,1.50699360290974e-05,0.0196236017973065,0.000245491557536786,0.00394647732411636,0.0150457920847669,0.871477791126372,0.0281239487035306,0.267474973614402
TCGA.US.A779.01,0.0156962230012963,0.00266519459768043,0.0471167964243822,0.757330361248325,0.020141384666954,0.114175614770438,0.000197536011164898,0.0426768892797594,0.431925599915746
TCGA.HZ.A4BK.01,0.0532624154345022,0.0163110044346254,0.00163885346537539,0.499907419359079,0.0127609572042708,0.0345334420898894,0.239651462594862,0.141934445417396,0.659696460543927
TCGA.2J.AABT.01,0.166422798501748,0.000124110996200965,0.015579082419187,0.499227438069278,0.0375070009337785,0.112264508221074,0.128334567285833,0.0405404935729005,0.708501935854658
TCGA.HV.A5A3.01,0.00292204877316966,0.0123469900978284,0.00585504778505086,0.446444437446711,0.000556069148995226,4.84097619019759e-05,2.67742583375569e-05,0.531800222728006,0.385772975041314
TCGA.IB.AAUO.01,8.67643203854022e-05,2.83854578356529e-05,5.53528634120176e-05,0.313620541482942,9.06837356607453e-05,0.110745339533553,0.000134927938200503,0.575238004668011,0.446827061236561
TCGA.HZ.A8P0.01,0.031767746371072,0.0322228756489703,0.00396613429452542,0.623746341645925,0.0349913015414643,0.054631567162192,0.183546603438165,0.0351274298976867,0.597057529700972
TCGA.3A.A9IU.01,0.000246969415330947,0.000833632921415517,0.00818451077983687,0.494056353256413,8.61770290227759e-05,0.0212378915439718,0.0147099144205567,0.460644550633452,0.431554264656248
TCGA.HZ.7922.01,0.225750917625149,0.000885205428911189,0.0313954262117753,0.250359711599708,0.12001510842022,0.0380479695330484,0.0679485171844718,0.265597143996717,0.822936085005665
TCGA.H8.A6C1.01,0.207634621702245,0.0101090974328973,3.40938958086768e-07,0.438293394499741,0.00571260702275644,0.126074383087866,0.155716144644258,0.0564594106712786,0.710208508973747
TCGA.HZ.7918.01,0.126209636827039,9.29452817902562e-05,0.00157598222313302,0.000198848029735178,0.0144023074183478,0.0152312111570595,0.842198750184099,9.03188787963985e-05,0.261724916642168
TCGA.3A.A9IJ.01,0.000220661659249947,0.00346675681968789,0.753059237518861,2.73448861290001e-05,0.000117291484518984,0.130546398992863,0.104155277384142,0.00840703125454813,0.374127768393716
TCGA.3A.A9IL.01,0.000324255773535901,0.119080635650563,0.749066213389855,0.0103107867402212,9.60643796824794e-05,0.0514188507939803,0.0626483172142447,0.00705487605791749,0.423951956063913
TCGA.IB.7889.01,0.0173240405637316,0.000405553969645274,0.000178306085669066,0.172062956286947,0.00347127317299378,0.203111988964559,0.366750093269957,0.236695787686497,0.687756741825664
TCGA.FB.AAPY.01,0.0287200972250184,0.00909228470935183,0.0075180531739688,0.544026661942187,0.0212755426841781,0.127234745583683,0.222474539516343,0.0396580751652706,0.634421924767004
TCGA.HZ.7919.01,0.171313088867361,0.000695493650399132,0.00749044834770143,0.474573752520474,0.0219601354599181,0.00239596419628327,0.115823286519576,0.205747830438288,0.659299892959648
TCGA.IB.7891.01,0.116799887888918,0.000477296985795402,0.000108810036871696,0.000132352080747119,0.0190093513176237,0.0736719124144909,0.781794779858687,0.00800560941686658,0.363175592981841
TCGA.IB.A7LX.01,0.021322619042071,0.00338941338682819,0.00265963553099093,0.053203889717136,3.04871744280946e-07,0.0255172798171326,6.47611284447664e-06,0.893900381521253,0.224640118220737
TCGA.IB.7893.01,0.182272472809137,0.000223839258550608,0.117472907953292,8.48827824237252e-05,0.160704111282642,0.263321243125079,0.0481756496584498,0.227744893130425,0.814045616092173
TCGA.2J.AABA.01,7.67353703519884e-06,0.0278187895042504,0.00675889756994941,0.399275181256691,0.0248530503880914,0.0326561253751667,0.427310369355871,0.081319913012944,0.61123843675356
TCGA.US.A77G.01,0.0570017931394413,0.000259727864560371,0.0288303419822001,0.853580275011214,0.0206425470438166,0.0038812892272972,0.0153309462580236,0.0204730794734467,0.311682147472165
TCGA.HZ.A9TJ.01,0.0246759551228737,2.3277819889023e-07,7.40234015260207e-05,0.5449495426687,0.0320440288471213,0.106361875032683,0.0674836539982921,0.224410688150605,0.619749396242566
TCGA.3A.A9IR.01,0,0.0256557937292353,0.933423746867091,0,0.00381555982552269,0.0371048995781512,0,0,0.145114602614076
TCGA.IB.AAUR.01,1.20592935688346e-05,0.0247292296251114,0.0014434160818268,0.0501692324735703,3.47462280068712e-06,0.0794190729965358,0.751116324149918,0.0931071907566681,0.427234901313583
TCGA.HZ.8317.01,0.507037394298128,4.18036092330606e-06,3.63464187754778e-05,0.0193993628245586,2.6302972042886e-05,0.00017557685727292,0.345029955882893,0.128290880385406,0.506703525894039
TCGA.XD.AAUI.01,0.0455951708374896,0.0123813011643211,0.0386580751046265,0.245301375422738,0.0285352450264271,0.0469884828780239,0.326349996527307,0.256190353039067,0.781527768673344
TCGA.IB.A6UF.01,9.54940582510638e-05,0.0497482120036247,0.00012514347579539,0.242735264762573,0.000267527792498942,0.0737373161011023,0.126622855190732,0.506668186615423,0.623032367413623
TCGA.HZ.8637.01,0.00035631617841496,0.000169452237273708,0.0900050810858859,0.000262783367778588,0.0143155459716407,0.0686254361925855,0.826009096638649,0.00025628832777172,0.301928719630225
TCGA.HZ.A77O.01,0.0635625117034988,3.28741664874965e-06,9.61901879840911e-07,0.200241045670993,0.00394611097153809,0.0966759533998607,0.0515249552804284,0.584045173655153,0.58278051621139
TCGA.3A.A9I9.01,0.000793690212234225,0.0330644648242708,0.051081798345319,0.518809450271373,0.000307477379865181,0.0929590841846575,0.1320172784191,0.170966756363181,0.674886264629373
TCGA.IB.A5SQ.01,0.00126953082373817,0.0157339408996222,0.193559839611342,0.10095222345563,0.000162731283668104,0.0621346241234805,0.362401827352788,0.263785282449732,0.729314446242429
TCGA.HZ.7289.01,0.016970579463433,2.58973654182542e-06,5.16451883032144e-06,0.0617533017574509,0.743653398287566,0.0438072869566626,1.8257185836425e-05,0.133789422093679,0.417337696368738
TCGA.IB.8126.01,0.0447996049203617,0.0241546783354341,0.0369461036852247,0.00418664506820121,0.000817126387178559,0.010233470160325,0.878177827760613,0.000684543682661592,0.262385791287051
TCGA.FB.AAPZ.01,0.0290625331929491,0.0237952584590498,0.00647741085969603,0.259062395816666,0.00711681370321683,0.0246670544411103,0.249627685382415,0.400190848144897,0.679888665781104
TCGA.IB.AAUS.01,3.75214052001859e-05,0.00261769661621205,0.000301906773782909,0.140384098643214,3.14893354470911e-05,0.107092822561839,0.749321579140406,0.000212885523898739,0.361463266777769
TCGA.2J.AABE.01,1.58441219187407e-05,0.0324130778078783,0.00889848761197606,0.673929649547221,4.95938112433687e-05,0.0479243591754699,0.121296961775718,0.115472026148574,0.514820019002236
TCGA.3A.A9IC.01,0.000224127527740673,0.0557193860848955,0.000408048516049301,0.75799157902309,0.0230255401379434,0.123037730528563,0.0120950626114326,0.0274985255702859,0.419741539754338
TCGA.HZ.8638.01,0.942098572593252,1.3783028395364e-05,0.00417323613501239,0.000157514965198702,0.00354691011502095,0.00292311602826512,0.0470703160804006,1.65510544548363e-05,0.125847404247309
TCGA.HZ.8519.01,0.0197147202789241,0.0176845047970112,0.227106421377673,0.0728043812625641,2.12078392681703e-07,0.0184759017511477,0.637196458657277,0.00701739979700948,0.515464177592249
TCGA.HV.A7OL.01,3.50671080709118e-06,1.41537509986789e-06,4.69743723150214e-05,0.812379106230547,0.000433163062009748,0.187079841504211,4.70436498219591e-05,8.94909518866091e-06,0.234124554834716
TCGA.Q3.AA2A.01,0.16431875102439,0.010790361271327,0.00195938130705932,0.568564642321334,0.0105146475170321,0.0906336636444261,0.0807159446323001,0.0725026082821312,0.6433343264649
TCGA.2J.AAB8.01,0.0528973129309242,0.0258259706040353,0.0158502736189041,0.618376902593956,0.0213480864171498,0.100350078004486,0.13569420944853,0.029657166382015,0.62566595467929
TCGA.IB.7888.01,0.120643253622535,0.000183989904952158,0.0298432217733374,0.0487486716877178,0.0156861392565593,0.0329669673097751,0.751767621026723,0.000160135418400972,0.433951483154995
TCGA.IB.7645.01,0.0772950353865323,0.00048766561086863,0.00617550977329503,0.0873321063775562,0.0227332053430468,0.00630292774672626,0.742312263314698,0.0573612864472769,0.456398288061395
TCGA.3E.AAAZ.01,0.0899090428473683,0.000187643277718123,0.0261458593719867,0.429174121574065,0.00777807014784932,0.16694550891876,0.0204342341042358,0.259425519758017,0.693777553042955
TCGA.3A.A9IX.01,0.00270450472434252,0.0205746952690611,0.0129572735496954,0.0916600731152901,7.60333868937364e-06,0.0355385019218487,0.770239614387308,0.0663177336937646,0.418837454826031
TCGA.IB.AAUM.01,0.0571110464118984,0.0293122236409606,0.107476988017515,0.135004861025901,0.00791994657320255,0.0968131809239844,0.566342215106142,1.95383003963922e-05,0.655757820934176
TCGA.IB.A5SO.01,0.0530814046736797,0.00863031661357708,0.0166626164066236,0.43911547098435,3.42046824839796e-05,0.0223054061533856,0.434368722491687,0.0258018579942125,0.561795202536045
TCGA.F2.7273.01,0.0343424967925487,2.41400208958855e-06,0.0193168574086955,1.81246098390878e-06,9.45010132125106e-07,1.6792608207294e-06,0.913788597381143,0.0325451976835862,0.185610513861991
TCGA.2L.AAQE.01,7.27850392513551e-05,5.6857134032485e-05,0.0117871169669529,0.532859234609375,0.000126984695421593,0.0384059981784014,0.00305694321848871,0.413634080158076,0.431941867476215
TCGA.OE.A75W.01,0.000167598241198432,0.0228491376895401,1.73361058974853e-05,0.697134114162951,7.37783133275917e-06,0.171929429070643,0.0770031251095187,0.0308918817889188,0.455481554099571
TCGA.HZ.A49H.01,0.128677244938644,0.0252712382029514,0.0030794535528873,0.112630545201173,0.0061371377796386,0.0636924691004331,0.660473615371381,3.82958528917592e-05,0.529733556839698
TCGA.F2.7276.01,0.0248415625765258,0.0192616008976245,0.0495398299299038,1.58473307750278e-05,9.60855317624187e-06,0.00759750678226001,0.799001788941093,0.0997322549886418,0.367069022748952
TCGA.IB.7897.01,0.025454157768981,0.00644650270766256,0.124694943780004,0.0126244706962503,0.00259861388346999,0.00133964188844521,0.802233490273082,0.0246081790021057,0.35251097714859
TCGA.HV.A5A4.01,0.0569570821334208,0.0337050094553811,0.00841932464602839,0.771283482017263,0.000617775669128218,0.0146573800429216,0.114246972816037,0.000112973219819569,0.400746129136598
TCGA.LB.A7SX.01,0.000260524154317816,0.0319191710699807,0.0343978852142251,0.55480305386515,0.00526767368292071,0.0470294904089815,0.155490955352639,0.170831246251785,0.633601862146051
TCGA.3A.A9IO.01,4.63347100389834e-05,0.000251280788455803,0.979885166239029,3.36855065033283e-05,0.000879990341423351,0.00775533401345052,0.0111202205220509,2.79878790476874e-05,0.0562669504779486
TCGA.3A.A9IB.01,0.00885144636165289,0.00645295523551433,1.21237963168304e-05,0.217526176241385,0.000200117538762861,0.0503856395280473,0.17736392178287,0.53920761951545,0.576312767597543
TCGA.IB.7885.01,0.038856238628836,1.33775518321847e-05,1.7938846873616e-05,0.427287506614838,1.16259038475036e-05,0.0605570873724933,0.0389291334632118,0.434327091618067,0.55225775932074
TCGA.IB.AAUN.01,0.0180200213490281,1.83002359957056e-05,0.0195903897159597,0.265044051419627,8.92198382950199e-05,0.0252754570115575,0.123424851710694,0.548537708718843,0.568886906059012
TCGA.3A.A9IZ.01,0.102082530166013,0.0347720287053312,1.30379619579449e-05,0.498569782932047,0.0269203915415195,0.0113498764356415,2.19815301744928e-06,0.326290154104472,0.582133171328875
TCGA.FB.AAQ2.01,0.000367313563402909,7.87456867935511e-05,0.0432466730298667,6.91946897810329e-05,0.00878447048442613,0.0511580122085866,0.0107401948000584,0.885555395537085,0.235709291160389
TCGA.H6.A45N.01,0,0.0238184306957699,0.0691957730492894,0.323589843719437,0.00533362719372238,0.00356944263827167,0.45041499157021,0.1240778911333,0.627635324260331
TCGA.F2.6879.01,0.199833764918963,0.000511186129669024,0.0201591967099113,0.644580867303972,0.0459765376610706,0.0437689384173091,0.0449092023175697,0.000260306541535421,0.532584115234706
TCGA.2L.AAQJ.01,0.0758943702251919,5.65405228865428e-06,1.02806424463313e-05,0.664740324894547,0.00585768710547975,0.0343504148272774,0.105374960293329,0.11376630795944,0.527851319502556
TCGA.2J.AAB6.01,8.28080135554774e-05,3.28278895953469e-05,0.00763708525220003,0.141281949522296,0.000131219268988239,0.0411581168496729,3.14835696472692e-05,0.809644509634045,0.297486821504135
TCGA.LB.A8F3.01,0.118123616425708,0.0728549089662486,0.00245882384098674,0.386815920209768,3.29978887140755e-06,0.230778579664135,0.0524919587267434,0.136472892377539,0.764748278270877
TCGA.IB.7647.01,0.138913414598503,0.000426608696088503,0.0544596014957036,0.11423613139534,0.0977339997605511,0.0340921074357735,0.467158205378572,0.0929799312394682,0.770744087515983
TCGA.HZ.7920.01,0.0340108527212063,6.63381745625651e-05,0.239111755564057,6.06641812218067e-05,0.00302728569455504,0.0128577351704039,0.66416974290888,0.0466956255851135,0.455293534068768
TCGA.FB.A5VM.01,0.000107687458694944,0.00304779595702529,0.000268045795829265,0.000207991382761132,6.42570712752905e-05,0.204513483724096,0.22646569661819,0.565325041992128,0.484067675124772
TCGA.HZ.7924.01,0.737069979772703,5.20895916527657e-05,0.00683685992678454,0.000102850822288451,0.199421915776223,0.000321891176096783,0.0561183701800381,7.60427542128598e-05,0.359175233476712
TCGA.IB.7887.01,0.0885943354481426,0.00447985926252755,0.0141517286375177,0.377516407418732,0.0216319800254201,0.226973869516097,0.0402482184506137,0.226403601240949,0.746397153348916
TCGA.HZ.8636.01,0.0575567967719531,0.0162645922136512,0.0323297370095513,0.310336060601552,0.0110936154848659,0.00277606005236913,0.28479542608797,0.284847711778088,0.715131877056271
TCGA.IB.7646.01,0.0920308036990972,3.0065883111455e-05,4.30779273451266e-05,0.0767563422154983,0.00349062840741111,0.013593119660904,0.241288097741871,0.572767864464762,0.556764287201971
TCGA.FB.AAPU.01,0.265536228259544,0.000766533304625987,7.46742918494644e-07,0.626050140174048,0.0648740562777168,0.0411643553077603,6.86377198186632e-07,0.00160725355618845,0.466436843329684
TCGA.IB.A5SS.01,0.000568633978006453,0.00517715183048548,0.0332885930149142,0.249547000513494,8.14127114292246e-05,0.0506301081584887,7.68291114875013e-05,0.660630270681694,0.441257440391863
TCGA.IB.7651.01,0.109786533021978,0.000312611374503038,9.64386770431734e-05,0.129669684986154,0.0318809645845312,0.106336976136078,0.534044570598714,0.0878722206209984,0.676960104901074
TCGA.HZ.A8P1.01,0.169809220132366,0.00313608072371011,0.0190955622541614,0.592224558365702,0.112100329063861,0.0836813133119208,0.0176910804801114,0.00226185566816732,0.59778659083209
TCGA.S4.A8RP.01,0.0855081235448687,0.0246763026893274,0.0484342327491196,0.529319933724237,0.043002958857187,0.0306249012713393,0.220928520932938,0.0175050262309831,0.688385544628842
TCGA.HZ.8005.01,6.12089250520855e-07,7.42825693803191e-06,0.0001335683532694,2.35794696867708e-05,8.27770472985795e-06,0.0246303226292806,0.000221093601459513,0.974975117895385,0.0574343665596954
TCGA.US.A776.01,0.00014376188795365,0.000106688119778959,0.00324801176512315,4.13145279930472e-05,0.897185087054165,0.00278404846956977,0.0964294903458578,6.15978295587417e-05,0.173668959533975
TCGA.HZ.A49I.01,9.48870639260253e-07,0.00557027058484457,0.018953271168452,0.579751777746861,0.0145411092948333,2.76925407441806e-06,0.258216983037456,0.12296287004284,0.523711825461448
TCGA.S4.A8RO.01,0.0249915019136879,0.0058571817604551,0.0314230643720456,0.342479608611523,2.86785840938883e-07,0.063535690340581,0.137555445845059,0.394157220370808,0.679495560269862
TCGA.FB.AAQ1.01,2.46780204166888e-06,0.0166177891509817,3.03038190263057e-06,7.36720178195093e-06,0.0229373171033958,0.12431828978912,0.0568785835981047,0.779235154972671,0.370994656141831
TCGA.IB.8127.01,0.0444669852603889,0.02395120768864,0.028224388712912,0.31178395901209,0.0335986672919985,0.0184195050765586,0.184494291416964,0.355060995540448,0.749683184080323
TCGA.S4.A8RM.01,0.318638472079283,8.81193131699173e-05,0.00127394608409146,0.601456473830198,1.04675673395947e-05,7.09737185170518e-06,0.0784840519389573,4.13718151088193e-05,0.423130159876626
TCGA.F2.A7TX.01,0.000390110823563977,0.000152946039990581,0.00920220909663675,0.092934130115715,0.00155266031281966,0.0894238280889957,0.215661172525348,0.59068294299693,0.546351675287935
TCGA.2L.AAQI.01,0.411151391095806,3.33728312585797e-06,0.00902982274694546,0.289784407335703,7.10191477207617e-06,0.028111683755869,0.034119800148276,0.227792455719503,0.634605974838207
TCGA.2J.AABP.01,0.000727628951194452,0.0176954660575,0.0154770238103056,0.000509674306594096,0.00507033602445573,0.106057028206273,0.697365904088041,0.157096938555636,0.457777305021738
TCGA.RB.A7B8.01,0.0116300248885596,0.0268120274058196,5.33645734810777e-06,0.711138014478658,0.00255377037602188,0.128712682770652,0.119127331557906,2.0812065033766e-05,0.444408185857403
TCGA.2L.AAQA.01,0.11414109878383,0.0153270343998495,3.84468641161049e-07,0.671722754892785,1.62386414578567e-05,0.0211759493197196,0.0726008658192459,0.105015673674471,0.523191373189965
TCGA.FB.AAQ6.01,0.0970342730571003,0.0194471510997172,0.0216280671032341,0.542601883480808,0.0100035103228871,0.176356512736833,0.0402213917769795,0.0927072104224409,0.68260874150703
TCGA.IB.7644.01,0.218594920310774,7.11421545854458e-05,0.00650711347718714,0.575115614355512,0.0542954460390613,0.0795926503729059,0.0654840378888634,0.000339075401111588,0.589003592082565
