S6,S5,S4,S2,S7,ITTH
TCGA.XJ.A83F.01,0.148199162925822,0.262124831005404,0.471996815272012,0.114091986399853,0.00358720439690943,0.780483219873672
TCGA.G9.6348.01,0.335327683600906,0.181066557220587,0.292129900476512,0.191475858700033,1.96270489808066e-12,0.839925854451435
TCGA.CH.5766.01,0.265496782254142,0.0236284342592846,0.473526450240924,0.237347376309833,9.56935816893337e-07,0.705800404588091
TCGA.EJ.A65G.01,3.17976273891876e-07,0.132349988707832,0.133869195919786,0.727860318866229,0.00592017852987887,0.496087649030387
TCGA.G9.6354.01,0.1171068120525,0.265466030053091,0.473595876986713,0.143830718282847,5.62624849191605e-07,0.768040430099664
TCGA.EJ.5527.01,0.309599876513274,0.0011968094773062,0.585269419801933,0.0920869159296315,0.0118469782778556,0.594460884979142
TCGA.HC.8213.01,0.168356735973622,0.130086947263388,0.532116578832388,0.168731645366972,0.000708092563629158,0.749558767957507
TCGA.Y6.A9XI.01,0.367328482799042,0.0917758935967331,0.272932893641178,0.267948306505114,1.44234579323206e-05,0.80433469432824
TCGA.CH.5744.01,2.22688579697526e-07,0.120171674698247,0.769292437321192,0.110535608777065,5.65149156047611e-08,0.434839337899514
TCGA.HC.A9TE.01,0.667733586481837,0.104737743764959,0.227249240842077,2.50316412536554e-08,0.000279403879486637,0.525026760313758
TCGA.EJ.A7NJ.01,0.0454287716303095,0.0856660507124624,0.34718570165005,0.521689510858691,2.99651484868471e-05,0.657377152947126
TCGA.SU.A7E7.01,0.364674515590288,0.0495479722623601,0.452044829351195,0.133732322015249,3.60780906658485e-07,0.711256459604257
TCGA.CH.5772.01,0.259582474646422,0.031299185261227,0.219992194829339,0.489125898180566,2.47082445760208e-07,0.709203164558009
TCGA.HI.7168.01,0.610627400403751,0.164059212943361,0.0984420208574765,0.112942818537838,0.0139285472575729,0.703229182186773
TCGA.ZG.A9L0.01,0.597369784999832,0.0751442935143979,2.34138721170369e-06,0.327482545493479,1.03460507943938e-06,0.539253916983601
TCGA.HC.7075.01,0.0536961901830616,0.0827814160540909,0.249291903693403,0.613035692582587,0.00119479748685734,0.632271582157842
TCGA.V1.A9Z8.01,0.428947591682057,0.165642274497123,0.164596298121249,0.237472479565581,0.00334135613398998,0.819119632550629
TCGA.KK.A7AW.01,0.209548170117856,0.737039964613173,0.0533721425006873,3.53660654150655e-05,4.3567028692075e-06,0.440641015919142
TCGA.H9.A6BX.01,0.0422266875643732,0.140257981640302,0.438659074248296,0.355261411013298,0.0235948455337312,0.762174877037559
TCGA.YL.A9WY.01,0.778591875642615,0.0315465960666762,0.112499207667034,0.0773599635654711,2.3570582042125e-06,0.46457034071409
TCGA.EJ.8469.01,0.615658192149253,3.82982748227442e-06,0.378194224519241,0.00614310096386313,6.52540161455948e-07,0.433511436812915
TCGA.G9.6361.01,0.277740155818554,0.198770608431726,0.463167290854267,0.054344965360519,0.00597697953493435,0.759457158958188
TCGA.HI.7171.01,0.611796352077538,0.0918390775299299,0.295621676144032,1.15788003656738e-05,0.000731315448134447,0.550238264460873
TCGA.ZG.A8QY.01,0.311808092127288,0.133453014298964,0.0894439390844583,0.462830588346992,0.00246436614229689,0.757680138956216
TCGA.J9.A8CM.01,0.655701771095664,0.189932540062629,0.153841774676965,7.94924975488123e-09,0.000523906215492625,0.549357225789799
TCGA.J9.A52C.01,0.374725246520129,0.24922999808246,0.134362635722172,0.235165916537739,0.00651620313749978,0.843138316936331
TCGA.EJ.A65D.01,0.427136190789796,0.439568881613298,0.133131804355332,0.000162619962540033,5.03279034089528e-07,0.617934918035584
TCGA.V1.A9O5.06,0.802192517344005,3.35599458315079e-09,0.0910710996646382,0.106736379632456,2.90681975665176e-12,0.393824880037596
TCGA.J4.A67K.01,0.336489581934101,0.526353958373601,0.137097466255894,3.36924512025555e-05,2.53009852016305e-05,0.607255926301784
TCGA.2A.A8W1.01,0.286697826101524,0.0867576312840196,0.26214597020164,0.363572091546494,0.000826480866322418,0.804607604810706
TCGA.HC.7819.01,0.0853368934876537,0.0800527198330175,0.731340240272026,0.103261815458216,8.33094908735042e-06,0.544001562899243
TCGA.VN.A88N.01,0.270045523599843,0.119819117845745,0.202654883679175,0.407478904995008,1.56988022847944e-06,0.805928999455285
TCGA.VP.A87J.01,0.291986654009501,0.0560498539218648,0.466674381762178,0.185286913619894,2.19668656232437e-06,0.73877706353374
TCGA.2A.A8VL.01,3.49612906093379e-08,0.164377255430927,0.340269183085373,0.494467744186845,0.000885782335565224,0.632569769537767
TCGA.EJ.A46D.01,0.149491452502492,0.142084155342454,0.473324696293535,0.233531685985012,0.00156800987650669,0.786102133635837
TCGA.HC.7821.01,0.396928609273403,0.0250494530168994,0.410066558780562,0.167914592000309,4.07869288266047e-05,0.698807141949668
TCGA.HC.A8CY.01,0.558529475038987,0.037250493480275,0.127759027956771,0.276436066035867,2.49374880996003e-05,0.662622057834905
TCGA.EJ.7315.01,0.384733030003736,0.0679703325913681,0.546804263775735,9.4687114864019e-13,0.000492373628213573,0.549313640905928
TCGA.FC.A5OB.01,0.323124107826414,4.41044226949442e-05,0.0856201431678541,0.591149809177078,6.1835405959075e-05,0.551298168329538
TCGA.V1.A9ZI.01,0.713800410450163,0.184217590485511,1.84792365321306e-06,0.100006030375215,0.00197412076545793,0.493882631379539
TCGA.FC.A66V.01,4.90497599163172e-05,0.493639340813973,0.195099423200977,0.31120648633199,5.69989314330843e-06,0.640690534468285
TCGA.ZG.A9LS.01,0.551070209852774,0.129779155139793,0.0860022026536022,0.23081734714226,0.0023310852115711,0.718829588332229
TCGA.J9.A52E.01,0.819143812892772,0.175468672516652,5.25935445183494e-06,0.00537706901785598,5.18621826738041e-06,0.308808637327712
TCGA.G9.6362.01,0.189589837033507,0.280744641652421,0.466068788474008,0.0604798157210055,0.00311691711905833,0.75515035411697
TCGA.KK.A59X.01,0.28657714385856,0.152343451549173,1.58077507426028e-06,0.560667946888898,0.00040987692829453,0.604208788347554
TCGA.HC.A6AL.01,0.293595672954344,0.37000773790577,0.214678814309362,0.121706273013519,1.15018170050052e-05,0.816719464234449
TCGA.EJ.A8FN.01,0.155907981981547,0.0901327327995701,0.139894256614823,0.478728174205519,0.135336854398541,0.873051885826571
TCGA.XK.AAJA.01,0.249841104833841,0.137291247314595,0.0598236017569254,0.553033872382687,1.0173711951087e-05,0.692979801445638
TCGA.EJ.5531.01,0.143807216112769,0.0285383957567045,0.306746016627789,0.519438001055187,0.00147037044755019,0.678931602865187
TCGA.EJ.A6RC.01,0.120595373181587,0.159914956836585,0.145516964384972,0.53776604087414,0.0362066647227154,0.796839315550823
TCGA.2A.A8W3.01,0.554741084990775,0.0227747198704847,0.213332843945857,0.209151066317145,2.84875738607678e-07,0.664741745628752
TCGA.EJ.A46B.01,0.00122454106145826,0.106280164668353,0.252488615309504,0.636670130737027,0.003336548223658,0.559490802913851
TCGA.KK.A8IK.01,0.750163498223333,0.19079581667285,3.66420592645731e-06,0.0590320918118889,4.9290860017896e-06,0.434223546323805
TCGA.XK.AAIR.01,0.296524833375377,0.0637551644102731,0.268187752941734,0.371467631542441,6.46177301749374e-05,0.781266944920248
TCGA.J9.A8CK.01,0.400554348499427,0.244301600248553,0.353579481108701,6.88004481158126e-07,0.00156388213883793,0.676315363104318
TCGA.EJ.8470.01,0.339040919317401,3.80521902692761e-06,0.206436101661801,0.454462961474467,5.62123273044629e-05,0.653290576112866
TCGA.KK.A7B4.01,0.576138030521096,0.0974324397292185,0.326427672831986,2.75143537123601e-08,1.82940334599071e-06,0.565441912513385
TCGA.EJ.5499.01,0.467313349323216,0.0633071773205553,0.435497755637684,0.0334817242762446,0.000399993442300367,0.626986978118553
TCGA.KK.A7AP.01,0.682294029707225,0.149583546269977,0.0614933974774518,0.106622468827251,6.55771809577626e-06,0.59354509670829
TCGA.CH.5764.01,0.366103345628659,0.0174253822385083,0.549130076867369,0.0660070462243683,0.00133414904109475,0.59389836176609
TCGA.EJ.7789.01,0.636401568526853,0.0185475974847043,0.0623815858800089,0.282669208984363,3.91240711589055e-08,0.554098316029041
TCGA.J4.AAU2.01,1.30439905104981e-05,0.165514066876748,0.10931586370358,0.722701489940624,0.00245553548853759,0.490412844915211
TCGA.XQ.A8TB.01,0.429533467685495,0.0732084644437272,0.479171276031116,0.0170940759145994,0.000992715925062957,0.610974150566967
TCGA.VP.A87E.01,2.13637096921055e-07,0.0805823339089224,0.159258015668095,0.430075850583417,0.330083586202469,0.760703167237638
TCGA.EJ.7793.01,0.00310466350581396,0.0808790382695848,0.575036378392024,0.328445783528939,0.0125341363036382,0.596531700330725
TCGA.YL.A9WI.01,0.254038677952617,0.134821004002524,8.36120650784587e-07,0.60982379192743,0.00131568999677813,0.576975100496568
TCGA.EJ.7321.01,0.359392397070828,0.0750934054396429,0.527945625706006,0.0364503782232677,0.00111819356025582,0.638574910652099
TCGA.KK.A8I7.01,0.309689800229319,0.0964952418338016,0.233815105714787,0.359999712088188,1.40133904212811e-07,0.805391185118873
TCGA.ZG.A9L4.01,0.651334902521249,0.117778661906892,0.230886059613524,2.96243556793758e-07,7.9714778684616e-08,0.540322685100124
TCGA.CH.5789.01,3.86908730559776e-07,1.41199474161921e-05,0.565936296585049,0.432502742972547,0.00154645358625733,0.431736920247629
TCGA.YL.A8HK.01,0.318918482839264,0.0600514516552575,0.619599487207265,1.37322048187068e-05,0.00141684609339422,0.521550207418361
TCGA.G9.6329.01,0.322758694096164,0.227627148081012,0.39260217217117,0.0501159119795812,0.00689607367207298,0.778716229281561
TCGA.2A.AAYU.01,0.236452031213148,0.0713661629950195,0.508930148758195,0.179601608762225,0.00365004827141241,0.746837324749339
TCGA.HC.8261.01,0.170535073380168,0.104564802185139,0.12419232591621,0.600556841222876,0.00015095729560768,0.68617338177871
TCGA.EJ.5503.01,0.0040534459799281,0.0785594574716708,0.609704198917824,0.30768289763035,2.27663203118335e-13,0.550817256292408
TCGA.EJ.8468.01,0.124446551142697,2.00306394064484e-06,0.22657976236229,0.648969138517389,2.54491368414856e-06,0.544524880962138
TCGA.EJ.7782.01,0.297134288256589,2.83110367174367e-06,0.288071116471721,0.414791428983382,3.35184636630365e-07,0.673627097435433
TCGA.HC.7212.01,0.192188061230706,0.0120013698867222,0.79580931703738,9.68428257318986e-07,2.83416933828354e-07,0.342870051050793
TCGA.KK.A7AQ.01,0.11239616920875,0.355020297003202,1.8211395796407e-08,0.532462363210192,0.00012115236645961,0.590263738772102
TCGA.J4.A83K.01,0.105610641679417,0.142923042802619,0.526297545753106,0.220962909760438,0.00420586000441984,0.751752296111177
TCGA.VN.A88Q.01,0.167539154296436,0.106758326901368,0.725700117702657,4.49141782694372e-07,1.95195775679842e-06,0.478961347573846
TCGA.EJ.5498.01,0.213740545849242,0.0022794484653391,0.62134948928767,0.142874137979301,0.0197563784184478,0.618151784720838
TCGA.ZG.A9LY.01,0.484244746819003,0.0846762792747694,0.366362371110405,0.0647159398767413,6.62919081389207e-07,0.686747743894739
TCGA.VP.A876.01,0.312022497171587,0.1326367473858,0.527688717461405,0.0250073954615162,0.00264464251969214,0.668937917412026
TCGA.YL.A8SF.01,0.74309862577136,0.0750759687884624,0.181734187609216,6.92941383788857e-05,2.19236925828875e-05,0.450983726282961
TCGA.KK.A8I8.01,0.54728525642015,0.125285354391299,0.288467183434926,0.0388697808439168,9.24249097076463e-05,0.668455627425964
TCGA.KK.A7AV.01,0.306720416474044,0.139722080211693,0.168296393999935,0.385251600097597,9.50921673160041e-06,0.810823104848803
TCGA.YL.A8SI.01,9.66310985554786e-11,0.156827774348044,0.191107445961304,0.642450505689016,0.00961427390500423,0.581397647473036
TCGA.TK.A8OK.01,0.646294532472242,0.0613327847691914,0.0924573780216338,0.160873153657381,0.0390421510795517,0.679747767381812
TCGA.EJ.5508.01,0.216171580886814,3.89707260083356e-05,0.586742395695084,0.197041616316666,5.43637542770576e-06,0.599254924738298
TCGA.VP.A879.01,0.0821386885623716,0.126312708377801,0.558028724652317,0.229103622291555,0.0044162561159557,0.71683797200418
TCGA.ZG.A9L1.01,0.661719998260589,0.0264027630488568,0.176118723639156,0.11318903954457,0.0225694755068285,0.625811038643489
TCGA.KK.A6E3.01,8.30517015450994e-06,0.554148393128758,2.32953602903487e-06,0.445717292587127,0.000123679577932077,0.427812455345348
TCGA.G9.6342.01,0.159126403772258,0.110232162577852,0.633007470736799,0.0964415056605048,0.00119245725258614,0.657749724933042
TCGA.G9.6364.01,0.0475074537972878,0.0540267695849615,0.721671243442592,0.171739272512394,0.00505526066276427,0.53876448210333
TCGA.G9.6332.01,0.247786814955724,0.149278698112892,0.47857649762895,0.12397380558255,0.000384183719883913,0.773033485671237
TCGA.YL.A8SR.01,0.218503898350816,0.0656962582270068,0.179767099134661,0.536032176555819,5.67731696194533e-07,0.716995632129893
TCGA.KK.A6E5.01,0.238587181965611,0.14960165491759,0.21376440742287,0.398040899018584,5.85667534506582e-06,0.821820744009987
TCGA.EJ.7783.01,0.309792941770314,0.000111070629221721,0.628343581719789,0.0608367672665424,0.000915638614132662,0.517407809446999
TCGA.J4.A83I.01,0.358566817445302,0.0520454383559653,0.471099797085765,0.118287778683561,1.68429406073771e-07,0.701289423611736
TCGA.KK.A8II.01,0.1165531479089,0.0839922992817495,0.798996371577977,0.000419894937464551,3.82862939088865e-05,0.398598716164027
TCGA.EJ.5509.01,0.235284330358989,0.0847272205147364,0.188567500449266,0.490912874674509,0.000508074002499586,0.756351341771747
TCGA.KK.A59V.01,0.730609006276995,0.157347201261178,0.0122170962468279,0.0998266962149991,0,0.499647375150521
TCGA.J4.A83N.01,0.034844925788552,0.21646164864772,0.545183840722631,0.203504270596097,5.31424500050629e-06,0.685340361177017
TCGA.EJ.8472.01,0.485552069924266,0.038254920591907,0.398570783446584,0.0752638754073378,0.00235835062990514,0.653166293311652
TCGA.EJ.A65E.01,0.129561735887228,0.0702332075316389,0.271375004737995,0.528787945654043,4.21061890955994e-05,0.709937020986488
TCGA.YL.A8HJ.01,0.438539723014343,0.0543214157036569,0.435908320952518,0.0048101700007729,0.0664203703287096,0.675672056643023
TCGA.XK.AAIW.01,0.575843600596194,0.094948823886103,0.210698251874062,0.117805746845356,0.000703576798284603,0.699968233793019
TCGA.V1.A9Z7.01,0.581547248040554,0.143015178146896,9.33555007001833e-07,0.273706155121758,0.00173048513578548,0.595879268013289
TCGA.HC.8259.01,0.0717385185306893,0.11527679327605,0.553648648669374,0.258133230495505,0.00120280902838197,0.697796214779887
TCGA.VP.A87H.01,0.28376580904534,0.172810066524883,0.026714076512531,0.51487083960923,0.00183920830801692,0.690278852440014
TCGA.J4.A67M.01,0.243489169539893,0.558231714644116,0.117758089284376,0.0805180703803966,2.95615121871367e-06,0.698501774399127
TCGA.KK.A6E0.01,0.188147276772039,0.102850900983726,0.157927420823304,0.550872995194595,0.000201406226334948,0.726889826510719
TCGA.HC.7738.01,0.0646796136091653,0.0621872498027542,0.283339198409532,0.588229602631947,0.00156433554660133,0.639608061820166
TCGA.EJ.5517.01,2.14591788911521e-07,0.0226201187839857,0.315534938430713,0.661842702554042,2.0256394709986e-06,0.44913894930876
TCGA.VP.A872.01,0.268552136664955,0.250422033059936,0.481025117232818,7.13042291482159e-07,0,0.65354865802631
TCGA.VN.A88I.01,0.603230982147892,0.288705993777476,1.01357167031554e-06,0.042984237726925,0.0650777727760375,0.606835925205055
TCGA.KK.A7B2.01,0.272913920103929,0.380845666280504,0.278529743363574,0.0677106132775727,5.69744210515163e-08,0.783128739058502
TCGA.YL.A9WK.01,0.556498111830222,0.132710307548203,1.26984481449831e-07,0.306900247529725,0.00389120610736791,0.607848108500279
TCGA.EJ.5514.01,0.487039619043046,3.89894319723482e-05,0.412478121996044,0.100438190015766,5.07951317185852e-06,0.588370804935777
TCGA.G9.7521.01,0.659032424898436,1.18461700884355e-05,0.148790065841866,0.189981135478155,0.00218452761145495,0.551327076438678
TCGA.V1.A8MF.01,0.25838348767852,0.180720507046579,0.0784871081928854,0.481871907311639,0.000536989770376027,0.754569553020753
TCGA.MG.AAMC.01,0.19312482006305,0.282521848054202,0.498258083164756,0.0257502721411447,0.000344976576847013,0.69513022839688
TCGA.VN.A88P.01,0.295526298128533,0.136359880235146,0.182046456530317,0.345825712561533,0.0402416525444712,0.893819699669723
TCGA.HC.7736.01,9.52766297803864e-07,0.0656504465444015,0.520579199806316,0.413767518983941,1.88189904372573e-06,0.549136883323834
TCGA.YL.A8SQ.01,0.301883366401525,0.0915346875050347,0.12300460391576,0.47691313063976,0.00666421153792023,0.760951418574618
TCGA.EJ.A65B.01,6.55614828092142e-07,0.4741689632453,0.220411768008389,0.305417294623247,1.31850823708485e-06,0.652038624584902
TCGA.VN.A88K.01,0.34861580915117,0.147789720582871,0.374846641707822,0.127114610556571,0.00163321800156614,0.801785736020184
TCGA.EJ.A46H.01,0.23668593831063,0.000162285224365432,0.484205080368077,0.276751949823561,0.00219474627336654,0.660239296931325
TCGA.CH.5761.01,0.559953070691835,0.00113689351809543,0.175737579518057,0.262876482249076,0.000295974022936705,0.616127013526445
TCGA.J4.A83M.01,0.131713946498988,0.158488431318079,0.447104750330749,0.260190563238091,0.00250230861409428,0.797884528877223
TCGA.EJ.A65F.01,0.461500146023541,0.0545177058065557,0.375288141113244,0.108691326714364,2.68034229522722e-06,0.698704996702334
TCGA.ZG.A9KY.01,0.585794718582696,0.00143601977188761,0.0432264526967886,0.369542808948627,0,0.513432544181447
TCGA.KK.A8IG.01,0.333051119642649,0.12836437157528,1.60033627790882e-09,0.494966356113039,0.0436181510686956,0.692422013439551
TCGA.CH.5738.01,0.132683932272743,0.0466291049469428,0.622704529122744,0.197157947571457,0.000824486086112785,0.64114952760817
TCGA.J4.8198.01,0.265699615606201,0.0415604956617071,0.520610240031707,0.170637682316309,0.00149196638407607,0.705591680682447
TCGA.EJ.7784.01,0.33146251867976,0.0210072618836957,0.503703851657271,0.142846093445488,0.000980274333785079,0.669397762335275
TCGA.V1.A9OH.01,0.391622523908274,0.136640188191819,0.27213871933978,0.199180314799327,0.00041825376079998,0.81886456138298
TCGA.G9.6343.01,4.80285766043573e-09,0.320542587638064,0.0404371694288349,0.628852933675606,0.0101673044546375,0.517428336861095
TCGA.EJ.7327.01,0.314950127455282,1.46032482096074e-06,0.639969380008774,0.0445568175838073,0.000522214627315155,0.492157867106153
TCGA.KK.A7B3.01,0.385510770123972,0.192397660711153,0.274732484608956,0.147359084028875,5.27043884793834e-10,0.821211971583185
TCGA.G9.6363.01,0.340283860366413,0.167256919848118,0.491197435070527,1.9132898303286e-07,0.00126159338595889,0.635956016160598
TCGA.XK.AAJR.01,0.252297359775306,0.0885790970876426,0.337606128981547,0.321499284446358,1.81297091462006e-05,0.8038672514333
TCGA.M7.A722.01,0.302367406393214,0.628548472957892,1.19964709406266e-06,0.0690777088652702,5.21213652926193e-06,0.520814427518787
TCGA.HC.7817.01,0.263548547230955,0.092420665186055,0.472350393281774,0.171679693585602,7.00715614538043e-07,0.763215263768785
TCGA.KK.A6E2.01,0.355532303611046,0.0696877302071207,0.57477589072285,9.47531263057837e-07,3.12792771969051e-06,0.54158572304711
TCGA.HC.8260.01,0.173493516620228,0.0932033857827426,0.400024849436067,0.333276644701635,1.60345932722513e-06,0.781513164541166
TCGA.G9.6367.01,0.000582120270981917,0.147027735230627,0.335498288428081,0.508393583466798,0.00849827260351144,0.644364929845435
TCGA.G9.6369.01,1.66560895933241e-05,0.25831890514027,5.11321852333138e-08,0.736853215129566,0.00481117250838545,0.37312469772563
TCGA.G9.6338.01,0.0958200081248708,0.0535244891724171,0.0269878688273143,0.0648912786803111,0.758776355195087,0.537985085254249
TCGA.XK.AAJU.01,0.162928578648444,0.128877257696156,0.396979464317649,0.310784372198353,0.000430327139397011,0.803369779570114
TCGA.EJ.7786.01,2.55284628626569e-10,0.0220441903715928,0.251533436590412,0.707952132874644,0.0184702399080666,0.465684775880917
TCGA.HC.7209.01,1.01545260558642e-09,0.0671595827361567,0.923446933287329,0.00809144323322973,0.00130203972783236,0.187983953519487
TCGA.CH.5792.01,0.274665547688327,0.033955580452822,0.295022724521727,0.395416430784262,0.000939716552862207,0.747679174675992
TCGA.CH.5751.01,0.783858296621365,0.00129231410966325,0.0983473975343839,0.110670612917646,0.00583137881694152,0.435671199653558
TCGA.HC.A4ZV.01,0.917488482748812,0.0536664011242045,1.08085589917926e-07,0.0288449731997288,3.4841664910746e-08,0.210175033774515
TCGA.J4.8200.01,0.0670581119415328,0.0294292952076254,0.24867926611032,0.566173885860285,0.0886594408802369,0.725664989989032
TCGA.2A.AAYO.01,0.13881868102058,0.198674928229187,0.0362401977867224,0.623305349239264,0.0029608437242469,0.638298698880995
TCGA.HC.A632.01,0.702669537131609,0.0807636694529145,0.216562072482583,5.47390287994382e-14,4.72093283929565e-06,0.486220226667204
TCGA.EJ.5519.01,0.296472384352685,0.00837206379196686,0.408232075136608,0.286923468440673,8.27806704765407e-09,0.698673996318036
TCGA.YL.A8SK.01,0.36628508461544,0.11444113975078,0.338876426408907,0.176616999220597,0.00378035000427513,0.813920448635759
TCGA.J4.AATV.01,1.22387867477884e-06,0.220657098797234,0.403740131660424,0.36741391379303,0.00818763187063784,0.687736488962471
TCGA.HI.7170.01,0.0971088000457388,0.216178741641368,0.287253285962633,0.387834420930639,0.0116247514196204,0.829487799487766
TCGA.CH.5752.01,0.281288448277353,0.0089245367587518,0.680875625396689,0.0277911565842689,0.00112023298293793,0.47705688518835
TCGA.EJ.7312.01,0.124889320374211,0.227381901284201,0.0636631332193149,0.584016746093583,4.8899028689405e-05,0.675089014040964
TCGA.KK.A6DY.01,0.374286357522691,0.0776083793880675,0.497689490887346,0.0494498673389115,0.000965904862983547,0.664123673188052
TCGA.G9.6384.01,0.0818167848027826,0.0352504928487191,0.731157865951431,0.15084452717682,0.000930329220246906,0.524092133011845
TCGA.CH.5767.01,1.1289429981944e-06,0.0449495499918595,1.4978174869028e-07,0.952395103563106,0.00265406772028714,0.12529675954403
TCGA.YL.A9WL.01,0.475955811179694,0.121426310442837,0.402607132640309,1.00288122855322e-05,7.1692487426634e-07,0.606298735811824
TCGA.ZG.A9LB.01,0.474105748560114,0.519902333492819,6.10722152170689e-06,1.54501210488155e-06,0.00598426571344032,0.450242693014465
TCGA.HC.7744.01,0.226785601496059,0.088424704625795,0.641409343321329,0.0432966447536154,8.37058032013801e-05,0.604274179083201
TCGA.H9.7775.01,0.0756484847957845,0.0782662718622884,0.611741041908948,0.232485132764895,0.00185906866808497,0.650040005086592
TCGA.KC.A4BN.01,0.0198176616196257,0.0754943231936507,0.570670196231089,0.330634313812675,0.00338350514295938,0.607698066071052
TCGA.KK.A7B1.01,0.202143430694723,0.156276037476412,0.597547212065607,0.0421667026084104,0.0018666171548476,0.662452164222416
TCGA.EJ.7123.01,0.15687982055816,0.0516293134286948,0.175421375231137,0.614098626915764,0.00197086386624437,0.659012820594781
TCGA.CH.5746.01,0.209004806510731,0.0343022172240549,0.519443956619628,0.236305361092803,0.000943658552783971,0.702462622104577
TCGA.V1.A8MJ.01,0.236452171937832,0.123487133502379,0.455089212492572,0.184971480473332,1.59388457084902e-09,0.788895214494596
TCGA.J4.AATZ.01,0.342072366660626,0.0446222784426933,0.318894424378318,0.294409754754135,1.17576422817281e-06,0.764356538093656
TCGA.HC.A76X.01,0.151433074230569,0.14716859904216,0.645691447393794,0.0544492213088886,0.00125765802458829,0.632001955695139
TCGA.G9.7523.01,0.281033631195546,0.136424046290319,1.23513135347235e-06,0.156248707218599,0.426292380164183,0.796549800401671
TCGA.EJ.A7NM.01,0.634107902455182,0.116588832597243,0.237185258352801,0.0116581005335152,0.000459906061258377,0.581658106884042
TCGA.VP.A878.01,0.123002224109626,0.140255942194599,0.177147699586049,0.556268316344893,0.00332581776483321,0.736340179994133
TCGA.EJ.7115.01,0.152654198468854,0.0731172845758836,0.315349199691777,0.456526658906261,0.00235265835722462,0.754499170740284
TCGA.EJ.5530.01,0.140377603266557,0.0320290662192484,0.780779323297908,0.0419540565385375,0.00485995067774944,0.458533355773584
TCGA.EJ.A7NH.01,0.179500097498003,0.141821966525216,0.287760645234117,0.388417234266849,0.00250005647581525,0.823919699338891
TCGA.CH.5762.01,0.289677224832588,6.00663453678322e-05,0.543731519631258,0.164105775612073,0.00242541357871325,0.62255916924261
TCGA.G9.6365.01,0.292434812658545,0.202956788475789,0.468679817854298,0.0297508906661372,0.00617769034523026,0.72969485881619
TCGA.CH.5741.01,0.1583810080311,0.0944693184147917,0.747100733485474,1.13479333127065e-05,3.75921353218849e-05,0.455493636518583
TCGA.EJ.5512.01,0.109685366197832,0.0753844423803305,0.537341281984045,0.274918054160176,0.00267085527761597,0.709488279261045
TCGA.V1.A9OQ.01,0.0938823289701171,0.278167778316229,0.0332481213134477,0.567953908057533,0.0267478633426733,0.689280107207964
TCGA.EJ.8474.01,0.384195165274781,0.105421992921277,0.340614215480594,0.169152963440806,0.000615662882542044,0.793240211523115
TCGA.EJ.7328.01,0.417984470885985,0.125166540366645,0.421714677824792,0.032646192599506,0.00248811832307198,0.693085035486631
TCGA.M7.A71Y.01,0.254406426611367,0.204615520175635,0.380583444154336,0.160394412677595,1.96381066148753e-07,0.828917527619477
TCGA.CH.5740.01,0.254453848478737,0.105699937711297,0.587510569727123,0.0515437394080488,0.000791904674793297,0.656596505812128
TCGA.EJ.5521.01,3.2800734474068e-06,0.219212587820787,0.780781024473786,1.27440617598146e-06,1.83322580332434e-06,0.326820493153124
TCGA.EJ.5494.01,0.304442913431516,0.0676778315899886,0.19704392336611,0.430833554810484,1.77680190164818e-06,0.762493147660415
TCGA.V1.A9OF.01,0.0967812411385093,0.113908193466417,0.162389025357744,0.626871664195182,4.98758421478886e-05,0.659795086766687
TCGA.HC.7747.01,0.156797676765562,0.159625103425952,0.410699596669789,0.27286326032563,1.43628130670719e-05,0.809875641475519
TCGA.HC.7820.01,0.0192585866726138,0.0981380083364201,0.534483072772805,0.347142852668706,0.000977479549456025,0.629270040484894
TCGA.EJ.5525.01,0.667721424544225,1.30295556354967e-06,0.332269311147276,6.40943697037661e-06,1.55191596477061e-06,0.395103576479036
TCGA.4L.AA1F.01,0.999907735557557,2.39762355588624e-05,1.88628584502785e-06,2.32307303429283e-05,4.31711906962988e-05,0.0006548564338363
TCGA.EJ.7325.01,0.119740150085935,0.737414122710007,0.142839836545295,2.14747891664103e-07,5.67591087242519e-06,0.470228388023044
TCGA.KK.A8I5.01,0.106652552537449,0.14400692410021,0.589936233854238,0.157358925437719,0.00204536407038394,0.703828663377669
TCGA.ZG.A9L5.01,0.800778218388576,0.0341425094160617,0.0531224453386823,0.111006227968499,0.000950598888180921,0.434787915064052
TCGA.G9.7525.01,5.69575349559826e-08,0.260669946017842,0.738132501180292,6.40793014096466e-06,0.00119108791418999,0.362044683754372
TCGA.XA.A8JR.01,2.3801094809417e-07,0.192506983537521,0.113823779738783,0.684920730357839,0.00874826835490985,0.537579187679599
TCGA.HC.8257.01,0.348276992450662,0.0917307122884671,0.375887774624357,0.184093585996512,1.09346400022783e-05,0.786575474389349
TCGA.KK.A8ID.01,0.397976526523477,0.0584459164915957,0.0112832221078963,0.532288671989973,5.66288705790931e-06,0.57098129024298
TCGA.YL.A9WJ.01,0.0587758023686406,0.0954034829829998,0.269232690317089,0.576437240792684,0.00015078353858675,0.660415145345751
TCGA.EJ.A6RA.01,0.112740700089119,0.248458002961639,0.263802558219528,0.374997303576264,1.43515344985943e-06,0.81482477876086
TCGA.CH.5794.01,0.228308658587318,0.0989458847052822,0.641283197500235,0.0314622573226098,1.88455468809695e-09,0.596384353473637
TCGA.FC.A6HD.01,0.395543367312692,0.499079081978518,0.00376642514901318,0.101589709149345,2.14164104322959e-05,0.601010743809307
TCGA.EJ.A7NG.01,0.0701454667537611,0.114559205213386,0.390175781121744,0.421592468605217,0.00352707830589201,0.736823910026873
TCGA.EJ.A65J.01,0.276333205946527,0.0504896654409137,0.141926025891419,0.531251102717719,3.42186671879874e-12,0.695458579512905
TCGA.J4.A67T.01,0.0148075812425336,0.128755701023188,0.51958576123071,0.331762086409934,0.00508887009363488,0.658248587757906
TCGA.V1.A8WV.01,0.691658211188728,0.167472831251486,0.111892255087433,0.0289766998959127,2.57644078898739e-09,0.560403514325491
TCGA.V1.A9Z9.01,0.222352406149805,0.136098106775554,0.185501011354048,0.455749851718478,0.000298624002115866,0.79456679862774
TCGA.V1.A9OL.01,0.563615382936752,0.0733579497178233,0.147174029504706,0.215829346737063,2.32911036551846e-05,0.700857557137399
TCGA.G9.7519.01,1.8023118831449e-05,0.191214043375018,1.07239403719365e-05,0.800373189581741,0.0083840199840379,0.332395075717335
TCGA.ZG.A9MC.01,0.874836548855653,0.109443395798762,1.00702661599865e-06,1.3127907793702e-05,0.0157059204111759,0.263761566254777
TCGA.VN.A943.01,0.104636401901363,0.0703706013094104,0.0810523141152548,0.742861245501513,0.00107943717245877,0.531115588281837
TCGA.FC.A4JI.01,0.815066815314075,9.80815171537216e-07,2.02954897358804e-06,0.18111354696354,0.0038166273582392,0.309063159523485
TCGA.HC.8264.01,0.284757067483024,0.000451690958910971,0.091767319759912,0.61774326448137,0.00528065731678248,0.562681077980733
TCGA.EJ.5507.01,0.394176326539352,0.00844694350106122,0.530009263947956,0.0672891298133425,7.83361982882249e-05,0.575422129607477
TCGA.EJ.5495.01,0.334673956696806,5.45779438259825e-06,0.665318464241629,5.32739259254232e-07,1.58852792312013e-06,0.396125199370967
TCGA.V1.A8MU.01,0.286071190900271,0.149992329849323,0.224691284410201,0.336312048469432,0.00293314637077346,0.846036656922707
TCGA.EJ.5497.01,6.41309764748518e-05,0.00348688988651532,0.857555225557644,0.137313099119034,0.00158065446033187,0.270255794304238
TCGA.G9.6378.01,0.293303828347891,0.155021985577461,0.0690561641627297,0.471792444164823,0.0108255777470953,0.768423301188813
TCGA.EJ.7797.01,0.156187102128222,0.0680964556369228,0.620210608209669,0.154988120745334,0.00051771327985195,0.659923872256837
TCGA.ZG.A9L6.01,0.223138084247949,0.109630492943645,0.158929311563259,0.504494648780477,0.00380746246467012,0.767818105481179
TCGA.HC.A631.01,0.466077223760735,0.0921445217889612,0.339463684298144,0.102311584393467,2.98575869250684e-06,0.730408993200592
TCGA.V1.A8WS.01,0.449572877943626,0.0915543680932652,0.440607317914096,0.0168999345973338,0.00136550145167869,0.632141985923261
TCGA.J9.A8CP.01,0.364726709462669,0.100855169312586,0.0925760211432712,0.441839373959982,2.72612149189867e-06,0.733469374363876
TCGA.YL.A8HL.01,0.294810552899653,0.0405432460612956,0.537789381392703,0.126855018511074,1.80113527356615e-06,0.674503870002893
TCGA.EJ.A7NF.01,0.191406447056855,0.177775295051395,0.538209606462065,0.0919984177282726,0.000610233701411389,0.733778495137974
TCGA.EJ.7218.01,0.0690459564656395,0.142382621139849,0.130607776485572,0.654861033142767,0.00310261276617209,0.635686932980686
TCGA.HC.7740.01,9.31569560172631e-06,0.109967408061954,0.361262329942938,0.524304982980031,0.00445596331947516,0.604773209136664
TCGA.KK.A7AY.01,0.336704054445892,0.374266510695985,0.188350174788197,0.100679067753571,1.92316354538348e-07,0.795264725571095
TCGA.CH.5790.01,0.124019115619941,0.052206265914021,0.811161090585234,0.0111379676695075,0.00147556021129686,0.399199410605482
TCGA.CH.5769.01,0.264396518932149,0.115331535139677,0.608725885151569,0.0111145755621355,0.000431485214470686,0.594216664384927
TCGA.WW.A8ZI.01,0.297948613016591,0.0630554355395736,0.0699861578905678,0.568957790215026,5.20033382417663e-05,0.647764457673403
TCGA.G9.6347.01,0.000344111120355873,0.890505586328232,0.000401045443604012,0.000251419123384485,0.108497837984423,0.218840028911181
TCGA.KK.A8IF.01,0.410813472469869,0.179677121200003,4.42958317220884e-06,0.407258801286586,0.0022461754603702,0.65457326859018
TCGA.2A.A8VX.01,0.279710199002519,0.231075769545681,2.52739371563188e-06,0.487961809754893,0.00124969430319218,0.654506395056831
TCGA.HC.7233.01,0.139056787488517,0.034257577921059,0.422659760562488,0.40200324154977,0.00202263247816553,0.703849039938161
TCGA.Y6.A8TL.01,0.0178303535069498,0.152492316084575,0.136669668518557,0.69067120873362,0.00233645315629758,0.559419057146802
TCGA.XK.AAJP.01,0.230718282799717,0.0957188152148266,0.0581990610413148,0.615363669967999,1.70976143286511e-07,0.638266071803841
TCGA.HC.7748.01,0.0275709551541637,3.16916151936815e-06,0.816052588132989,0.155788187492244,0.00058510005908386,0.347287252378535
TCGA.XJ.A83H.01,0.161457088244359,0.151540545384877,0.204523664912385,0.482478649875947,5.15824314971169e-08,0.780766815448468
TCGA.KC.A7FD.01,0.121560983084513,0.134928912043651,0.594261903120815,0.148584155183998,0.000664046567023744,0.698292632180906
TCGA.FC.7961.01,0.405286919140113,0.00621513787472345,6.52385669243955e-08,0.587295507341443,0.00120237040515403,0.446290222816777
TCGA.EJ.A8FP.01,0.0184518673958631,0.0943986462802723,0.409802030605997,0.477011174475071,0.000336281242796308,0.63241345211066
TCGA.G9.A9S0.01,0.321316191195101,0.119245414285987,0.219954720765016,0.339476809275996,6.8644778995806e-06,0.819108193707744
TCGA.V1.A9OT.01,0.337262124491237,0.317819797525381,0.190733338202631,0.149641262943052,0.0045434768376994,0.842313688868962
TCGA.ZG.A9N3.01,0.702091920446741,0.197589425516607,0.0983937905978517,0,0.00192486343880008,0.50260823538353
TCGA.VN.A88M.01,0.255382565995996,0.293548863811954,0.383802915722855,0.0655521350726571,0.00171351939653831,0.786286010337612
TCGA.CH.5750.01,0.307804916589454,0.0289238713047584,0.419715969601186,0.242953305628117,0.000601936876483935,0.731786901344675
TCGA.ZG.A9LU.01,0.370326207026925,0.317369380948189,0.0285456585813037,0.280528274746197,0.00323047869738484,0.751025835817517
TCGA.J9.A8CL.01,0.586888344364326,0.0823006209666868,7.28360776347414e-05,0.330734871535402,3.32705595035643e-06,0.54986537887621
TCGA.HC.A6AO.01,0.343002595633525,0.392047525422717,0.0442735437358607,0.220633169640397,4.31655675002745e-05,0.749332782508047
TCGA.VP.AA1N.01,0.303085091083687,0.254363381197325,5.60632392853121e-07,0.435167054744188,0.00738391234240708,0.688655474265037
TCGA.KK.A6E7.01,0.227135257757232,0.300219057633186,0.144192430422824,0.328452389066371,8.6512038663265e-07,0.83435430252309
TCGA.KC.A7F6.01,0.316771209617752,0.183934895326466,0.41227859737182,0.0838175161457008,0.00319778153826122,0.787264495338861
TCGA.HC.7211.01,0.122360210239208,0.000202507948426954,0.340410197486565,0.536921281087923,0.000105803237876745,0.59678235958799
TCGA.KC.A4BV.01,0.676131143454063,0.0165161501494997,0.271422218171423,0.0355979062527409,0.00033258197227294,0.501879753211062
TCGA.KK.A8IH.01,0.361473230259306,0.133118097849049,0.408686447954383,0.0959247386968282,0.000797485240434524,0.765801029860768
TCGA.2A.A8VV.01,0.0911825201676751,0.17843031648059,0.671613796543348,0.0554216404461031,0.00335172636228291,0.604359835695093
TCGA.QU.A6IM.01,9.39295574578706e-05,0.752893333748304,7.6766331046054e-05,0.241220378100774,0.00571559226241757,0.365244241352976
TCGA.XK.AAJT.01,0.116874318647548,0.330934066228411,0.100425003626037,0.445475805352937,0.00629080614506688,0.770307600137617
TCGA.HC.7210.01,9.94731625920571e-07,2.69484234564395e-06,0.302187206401711,0.697807905128181,1.19889613662171e-06,0.380737846881206
TCGA.ZG.A8QZ.01,0.47529851162456,0.118318336945207,0.406380244516168,1.99096924962903e-06,9.15944815309092e-07,0.603961903528495
TCGA.ZG.A9ND.01,0.151512316716447,0.117628099870717,0.0811501559655806,0.649207364166312,0.000502063280942416,0.637332166877803
TCGA.J4.A67O.01,6.61508977664975e-05,0.986317218944785,3.34492613402883e-05,0.000261054454301141,0.0133221264418068,0.0461361622030713
TCGA.YL.A8SB.01,0.351634884228139,0.0670616935916116,0.118121591537688,0.461069630183197,0.00211220045936458,0.727590870555118
TCGA.G9.6385.01,0.042694977104241,0.120139429434396,0.393009219386357,0.441579007974746,0.0025773661002591,0.703713635691465
TCGA.YL.A8HM.01,0.469453358402928,0.0958370304271276,0.027423818417513,0.406187711994385,0.00109808075804691,0.653520660578142
TCGA.X4.A8KS.01,0.235440261511104,0.320969514881243,0.0922384469140235,0.345355324136305,0.00599645255732443,0.822004583894382
TCGA.EJ.7785.01,0.000197576572189775,0.000849200227457599,0.895191450188738,0.0991123530659775,0.00464941994563688,0.224223632400613
TCGA.HC.7752.01,0.089896474549413,0.396547459800546,0.0475757769007167,0.46017949693825,0.00580079181107418,0.692965037862455
TCGA.YL.A8SP.01,0.420644184656687,0.065956317175764,0.512853605330102,1.34401240712057e-06,0.000544548825039423,0.553087706869023
TCGA.EJ.5526.01,0.297377155185924,0.00189799483797229,0.520413935095547,0.168165374397047,0.0121455404835087,0.662228898339043
TCGA.EJ.7314.01,0.250748572313051,0.101430811989218,0.545977551053856,0.101199160136126,0.000643904507747893,0.712007423957282
TCGA.J4.A67S.01,0.00320477838537843,0.4517557486592,0.448990909551892,0.0960472546156766,1.30878785291587e-06,0.597696626210074
TCGA.YJ.A8SW.01,0.419560971775351,1.45952994243513e-06,0.0756340296546607,0.504801580869351,1.95817069529022e-06,0.562187825842947
TCGA.V1.A9ZG.01,0.500649484776718,0.0925939814781651,0.301963907174293,0.104790757980627,1.86859019660218e-06,0.723669236023244
TCGA.FC.A8O0.01,0.361078533331394,0.159395451624098,0.204257527696901,0.272207286804897,0.00306120054271052,0.843075045693389
TCGA.ZG.A9NI.01,0.486659040033795,0.274885986227107,2.37757788279907e-05,0.232954889080068,0.00547630888020225,0.667089809466375
TCGA.G9.7510.01,0.135336582553071,0.15416780487192,0.171728778289543,0.536971260257453,0.00179557402801324,0.749781533602208
TCGA.EJ.5502.01,0.0597679783527555,0.0231488519937613,0.620834209650014,0.258014814965092,0.038234145038377,0.637392486033719
TCGA.YL.A8S8.01,0.445366169629962,0.0462918939518804,5.74424612356926e-09,0.501891048645577,0.00645088202833487,0.547401373931613
TCGA.X4.A8KQ.01,0.613479623777413,0.238153140436634,0.110631106319072,0.0323379537274718,0.00539817573940877,0.636358363327962
TCGA.EJ.5516.01,0.0479245431371388,8.98192969228992e-07,0.928285653021799,0.0237888382197341,6.74283591642707e-08,0.188655358105928
TCGA.CH.5748.01,0.0760524249819695,0.0156053742440008,0.390554082459698,0.516504360906485,0.00128375740784634,0.607565154774768
TCGA.HC.7078.01,0.360644803650133,0.108609163153278,0.0972006689161926,0.433545249913614,1.14366782846901e-07,0.744256066026666
TCGA.ZG.A8QX.01,0.0935193837722334,0.113522830692135,0.0975005027108179,0.509291917891415,0.186165364933398,0.840152793937325
TCGA.HC.7230.01,0.104873099190554,0.0931839286744467,0.776728369486679,0.0241081027050618,0.00110649994325781,0.466760718902111
TCGA.EJ.5542.01,0.212499350366667,0.00080399493755811,0.672060539224715,0.111792561505065,0.00284355396599488,0.536556185876942
TCGA.KK.A8I9.01,0.363143755523847,0.186707458230538,0.0825641088628375,0.364421348849268,0.00316332853350982,0.791074326697922
TCGA.HC.8266.01,0.534038961521658,0.0293300947902224,0.183149632365778,0.253479762543204,1.54877913764416e-06,0.681795517891019
TCGA.G9.6370.01,0.0599880838350444,0.0947045456811391,0.508213972781968,0.334906338472316,0.00218705922953239,0.693247429082844
TCGA.HC.7080.01,0.180155084158663,0.085256301085357,0.195612077220462,0.538968631256894,7.90627862350824e-06,0.727630838888073
TCGA.G9.6353.01,0.000188633323502968,0.191304471193381,0.332972797857965,0.469440859931123,0.00609323769402744,0.664989092469295
TCGA.HC.8262.01,0.273192385313148,0.105307940641662,0.445699356374796,0.174897883525225,0.000902434145169566,0.784725754344074
TCGA.G9.6333.01,7.96530371801195e-10,0.120536926984784,0.041933316502963,0.835794141760956,0.00173561395476643,0.341101616964962
TCGA.EJ.AB20.01,0.000120955049176729,0.954884834892788,0.000393932546813738,0.000366299394686103,0.0442339781165358,0.117489669151442
TCGA.M7.A724.01,0.313148453483666,0.242679622367319,0.106765174331046,0.337365621376788,4.11284411816699e-05,0.815854367023107
TCGA.CH.5768.01,0.269963616584173,0.0638483565153739,0.488442845932683,0.175688769466949,0.00205641150082183,0.743992106512132
TCGA.G9.6494.01,0.259519765717407,0.0391592171289955,0.320002000774662,0.381317171047581,1.84533135450969e-06,0.751338790712226
TCGA.CH.5788.01,0.254997796375367,0.0424643244293073,0.290503144177181,0.412034684205188,5.08129563614867e-08,0.749973969142362
TCGA.J4.A6M7.01,0.153235923704621,0.0917367574858261,0.671081345780043,0.0814094264041916,0.00253654662531838,0.61736338762232
TCGA.EJ.A8FU.01,0.112170251466581,0.0743794063286946,0.415822047933031,0.392443163439321,0.00518513083237261,0.744311760107267
TCGA.M7.A721.01,0.124342480755797,0.118836178797907,0.292098552038489,0.462407975662944,0.00231481274486338,0.772022432551181
TCGA.G9.6496.01,0.312930568701584,0.232171612126265,0.0721738613176116,0.378991588166997,0.00373236968754223,0.795862613221516
TCGA.TP.A8TV.01,0.223034349744196,0.139577859547294,0.0341548057731186,0.600965184097577,0.00226780083781471,0.649084581786502
TCGA.QU.A6IP.01,0.11330407472391,0.213944818482065,0.449619927797453,0.220494036332546,0.00263714266402559,0.798463129202083
TCGA.J9.A8CN.01,5.12098125292146e-07,0.215303160526373,2.01344123707467e-07,0.779049820103762,0.00564630592761577,0.34446576621885
TCGA.EJ.5524.01,0.309719772237077,0.000306544123861987,0.674588527404484,0.0152993052532322,8.58509813447802e-05,0.43232863450738
TCGA.G9.6498.01,0.255880565748701,0.366162391870717,1.02463749231084e-05,0.36801868452474,0.009928111480919,0.702382748864866
TCGA.HC.A8D0.01,0.542714775917312,0.166375285151686,0.289526283067306,1.05469440984543e-05,0.00137310891959746,0.620172061074091
TCGA.V1.A8WN.01,0.0521302883953335,0.0261422034975221,0.520516510939804,0.400960722240765,0.000250274926575693,0.595011378355714
TCGA.EJ.7318.01,0.121747940487083,0.303627472455143,0.298624447097655,0.275999973854156,1.66105963299633e-07,0.829176145304071
TCGA.HC.7750.01,0.000235378455327995,0.134645423232402,0.268521601504655,0.585338688011339,0.0112589087962757,0.61450327740544
TCGA.EJ.A65M.01,0.150827189106058,0.239840409884692,0.113904196808085,0.49470200325477,0.000726200946395895,0.763379926406615
TCGA.ZG.A8QW.01,0.208723885719432,0.202125565260929,0.183311193057461,0.40530417897671,0.000535176985467628,0.827156737474201
TCGA.CH.5754.01,0.473448962527789,0.0733245678926936,0.453215751329934,3.31367684976737e-06,7.40457273331344e-06,0.56192798660294
TCGA.EJ.5522.01,0.223678027992283,0.000566376972689217,0.589012688799095,0.18186556983809,0.00487733639784282,0.613209212436983
TCGA.HC.8265.01,0.359128392138527,0.159844821430628,0.114484941927948,0.365943541910754,0.000598302592143142,0.796114871795415
TCGA.EJ.5501.01,0.247821282256571,0.0800688170360497,0.566405536617724,0.105704193137715,1.70951940043397e-07,0.68805870331518
TCGA.YL.A8SJ.01,0.639475999387746,0.0532546903982188,0.272581650077697,0.031676891965236,0.00301076817110191,0.573635985973343
TCGA.ZG.A9L2.01,0.400086783398971,0.141338678820416,0.447365476996214,2.81710413185815e-07,0.0112087790739861,0.65441906345063
TCGA.YL.A8HO.01,0.396117377646443,0.240622950180798,1.70230445225944e-06,0.36227898945342,0.000978980414886274,0.673675039852943
TCGA.YL.A8SL.01,0.414128280114365,0.100215378313487,0.485648616122815,1.80409919696501e-06,5.92135013564881e-06,0.588087521939346
TCGA.EJ.A46G.01,0.441812535148782,0.058319146759719,0.1958207256302,0.303730708404991,0.000316884056308503,0.75207341393388
TCGA.M7.A720.01,0.00838354016527225,0.139554637022066,0.49096714017375,0.359424115658017,0.00167056698089577,0.647827392386741
TCGA.M7.A725.01,0.37990440569408,0.0645059648832156,0.326458745790282,0.229129047994464,1.83563795785245e-06,0.775170945035848
TCGA.CH.5753.01,0.386143914451783,0.00040816158284707,0.449753150332783,0.16361654355157,7.82300810160589e-05,0.638061268707824
TCGA.V1.A9O9.01,0.450132838695535,0.0683960692291203,0.480179594850396,0.00129132381246031,1.73412489104615e-07,0.561450745360229
TCGA.EJ.7125.01,0.0317091552116964,0.0398240415642278,0.232634770449763,0.695831909330457,1.2344385538682e-07,0.51532812159254
TCGA.G9.7522.01,0.0068051411132021,0.0851117637433977,0.603381606931721,0.304617679883112,8.38083285677648e-05,0.56626752964143
TCGA.G9.A9S7.01,0.363123504056015,0.157074179472675,0.438333520871744,0.0414666095480367,2.18605152900068e-06,0.715862656954966
TCGA.EJ.A8FS.01,0.34273949543534,0.0657874272018149,0.0119705800546881,0.579104456943501,0.00039804036465568,0.570676082385956
TCGA.G9.6366.01,0.0370214474144354,0.104664670947807,0.493096112048663,0.365217495644987,2.73944107554412e-07,0.667797021880622
TCGA.KC.A7F3.01,0.196692174374036,0.170010415047676,0.18240853396032,0.44636352647319,0.0045253501447788,0.817632485203048
TCGA.XJ.A9DI.01,0.66965762210214,0.0672926040140759,0.248717791217504,0.0143288859077744,3.09675850565955e-06,0.532530803499426
TCGA.XJ.A9DK.01,0.240734021762044,0.135589399057087,0.430079610608839,0.193588438420788,8.53015124140314e-06,0.804389695459777
TCGA.HC.8256.01,0.059943006998019,0.0672321524088185,0.38320114648397,0.489410575810992,0.00021311829820093,0.664379668072903
TCGA.KK.A59Z.01,0.472252647338993,0.156204085190393,0,0.368766627450546,0.00277664002006688,0.639063929404225
TCGA.KK.A7AU.01,0.462355554655175,0.113507298047476,0.424002211297585,0.000106793959428642,2.8142040334848e-05,0.601901078522351
TCGA.EJ.7331.01,0.0669783181566916,0.000574574936270804,0.262205388425219,0.665501277218649,0.00474044126316938,0.51739921585371
TCGA.VP.A875.01,0.527168415682299,0.0900912001947825,0.344084671704317,0.0386491021116089,6.61030699287265e-06,0.65070004822203
TCGA.ZG.A9M4.01,0.705754339237707,0.0497127456161955,0.242830961240451,5.7080047779393e-07,0.00170138310516825,0.465825157752888
TCGA.V1.A8MM.01,0.427861265309577,0.213162345015342,1.21830167844523e-05,0.35833562644432,0.000628580213975886,0.661875265359139
TCGA.EJ.5532.01,0.129599524614639,0.000165056206172595,0.163571080746841,0.706653935474321,1.04029580264703e-05,0.501961183788831
TCGA.KK.A8IL.01,0.300624888786331,0.129852475976619,0.31995015841586,0.249272009529789,0.000300467291401061,0.832423529007297
TCGA.ZG.A9LM.01,0.726063237311671,0.1578378953006,3.78709171030025e-05,0.112102601304841,0.00395839516578429,0.491740646715042
TCGA.V1.A8X3.01,0.119928429659351,0.0946951401124498,0.500952979318394,0.283951409084303,0.000472041825502093,0.736240417122828
TCGA.EJ.5518.01,0.0924801167331381,0.0169179119794637,0.32065183253982,0.541783971933216,0.0281661668143615,0.67507586888548
TCGA.QU.A6IL.01,0.130491259260843,0.623237858034848,5.4285470179009e-07,0.245994514603747,0.000275825245860893,0.563976379584327
TCGA.2A.A8VT.01,0.505704663255946,0.00644759314791578,0.37033597629935,0.117193037470765,0.000318729826024165,0.620716117674475
TCGA.HC.7081.01,0.094112435209714,0.020068548718937,0.885800997297904,2.02815097623898e-06,1.59906224684675e-05,0.253797067057423
TCGA.YL.A8SC.01,0.57896224631703,0.0244421851329859,0.277699713782406,0.118890907207233,4.9475603445321e-06,0.631379794216309
TCGA.J4.A83J.01,0.0436365936795799,0.149607801623929,0.128899000009953,0.677595217605355,0.000261387081183177,0.590788831458961
TCGA.J4.A6G1.01,0.534512596523911,0.112301051011034,0.353184605153223,8.05769876284859e-07,9.41541955810512e-07,0.589012690327009
TCGA.HC.7231.01,0.217714615732335,0.0633266236458891,0.604449567876157,0.114509069238741,1.23506877082251e-07,0.658071262985187
TCGA.G9.6339.01,0.246596847876702,0.239559249357235,0.416113012095875,0.0955555999679179,0.00217529070227027,0.801588581649101
TCGA.HC.7232.01,0.236356607273831,0.0336159658757176,0.616177372085589,0.113110699518399,0.000739355246464794,0.62455533571099
TCGA.HC.A6HX.01,3.98415736986975e-07,0.843105626785801,0.0325244072846296,0.124360000770253,9.56674357929883e-06,0.319777520979517
TCGA.XJ.A9DQ.01,0.0969433139065116,0.202808369203485,0.418127971931014,0.277174102593406,0.0049462423655846,0.805441594911758
TCGA.G9.6351.01,3.99236059950057e-06,0.122914383301097,0.578346191018927,0.297152171891089,0.00158326142828778,0.587292028717539
TCGA.EJ.5510.01,0.329712917582851,0.0508705104165816,0.427597726120564,0.19180281824589,1.60276341145363e-05,0.744059464231615
TCGA.VP.A87D.01,0.491195557230745,0.0334937027625839,0.338860772010698,0.136449967995973,0,0.684362830877787
TCGA.QU.A6IO.01,7.22495889004304e-06,0.669210886007876,1.35423125405949e-05,0.330740869625917,2.74770947764332e-05,0.394707266458084
TCGA.EJ.7792.01,2.06144947073258e-07,9.25801878969487e-06,0.530188266816675,0.420527460313367,0.0492748087062211,0.527601120119742
TCGA.KK.A8IJ.01,0.0442278793331693,0.0615075881617284,0.353148451963767,0.541116080291149,2.50185375067319e-10,0.627132884559823
TCGA.G9.7509.01,0.0303522733497215,0.0995527028006497,0.539244839431377,0.329166575355824,0.00168360906242751,0.649482845058947
TCGA.CH.5765.01,0.226722285375836,0.0351167600842806,0.647185473092527,0.0900857227346361,0.000889758712719756,0.59571236068737
TCGA.KK.A6E1.01,0.186580584909434,0.132378667020461,0.649363323746163,0.031677096523095,3.27800847211218e-07,0.603105221996448
TCGA.CH.5791.01,0.465006932491305,0.0250853222676183,0.491650625482059,0.0182565362476606,5.83511357287707e-07,0.54097612989187
TCGA.V1.A9OX.01,0.120820709772204,0.257782490334056,0.0846048218336082,0.533540597176394,0.0032513808837375,0.725451561943696
TCGA.V1.A9O5.01,0.696050296918993,0.0322888719079586,0.100315683821004,0.171345063073488,8.42785566195372e-08,0.556708189661784
TCGA.HC.8216.01,0.435131487837735,0.0444187099353215,0.153717739745475,0.366731547884444,5.14597024743869e-07,0.718351841002364
TCGA.V1.A9OA.01,0.486664789624922,0.143637958666489,0.267711134837759,0.100989692754581,0.000996424116249178,0.758302863786337
TCGA.YL.A8SA.01,0.16370744107586,0.114007838766494,0.7183737322986,0.00390922507040917,1.76278863569397e-06,0.49901562434241
TCGA.ZG.A9L9.01,0.659482282580251,0.336597057249369,4.16998573799493e-05,7.165805752879e-05,0.00380730225547189,0.412173011697924
TCGA.HC.7077.01,0.131891961849163,0.0931341410317229,0.547168031780135,0.227803206726308,2.65861267084678e-06,0.71777616876414
TCGA.J4.A67R.01,5.07460158743237e-05,0.667357683953686,0.33096248751842,1.0176816585428e-06,0.0016280648303612,0.401897672406203
TCGA.HC.7737.01,2.3807163524783e-09,0.0390112559418477,0.31370154960417,0.643184477635763,0.00410271443750294,0.494973252318355
TCGA.VP.A87K.01,0.349824851753455,0.121038624654032,0.481879294765123,0.0472505720888068,6.65673858357631e-06,0.695350246764326
TCGA.J9.A52B.01,0.472232731114998,0.135181757531863,0.316772795501156,0.0750429483371724,0.000769767514811207,0.738664764622717
TCGA.V1.A8MG.01,0.434717874838735,0.129964720869176,0.0888389252837435,0.345807711847577,0.000670767160768458,0.754620655274209
TCGA.KK.A8IM.01,0.335041914413415,0.0544515673278447,0.482362293462839,0.128126302633252,1.7922162649095e-05,0.708308993588553
TCGA.EJ.AB27.01,1.16942672773373e-08,0.150369460080913,0.307306494429763,0.542324033213,5.82055614978342e-10,0.608496073759276
TCGA.EJ.5504.01,0.178589976630242,0.0232393606529928,0.317742703925019,0.478841068344695,0.00158689044705134,0.697269553357176
TCGA.G9.6377.01,0.203469761721838,0.17362847598047,0.496585283642291,0.124870816408604,0.00144566224679579,0.773450995875415
TCGA.HC.7742.01,0.252755862394763,0.0546630739541155,0.390869865970744,0.299477211073702,0.00223398660667555,0.775675408835622
TCGA.EJ.A7NK.01,0.0802432541289342,0.141407325285488,0.394887062652988,0.380471130626155,0.00299122730643547,0.764863624459234
TCGA.HC.7213.01,0.54376025432923,0.0388386362223615,0.417401091912465,1.3563517207079e-08,3.97242566064716e-09,0.510819431134124
TCGA.KK.A7AZ.01,0.494630719553033,0.217285185647808,0.163008659213692,0.123995449058847,0.00107998652662011,0.771571611015913
TCGA.EJ.7330.01,0.13497673542686,7.08620265136542e-05,0.344511254944735,0.516639436926237,0.00380171067565438,0.621638023580082
TCGA.KK.A8IC.01,0.34186646538624,0.0663453487009833,0.527812530410038,0.0623974857351779,0.00157816976756089,0.663269165823971
TCGA.ZG.A9LN.01,0.521558876683685,0.12114023662981,5.55558364746897e-08,0.355828558457718,0.00147227267295037,0.604238869377421
TCGA.KK.A59Y.01,0.304222365731549,0.135915500759603,0.425219275466917,0.133782996222426,0.000859861819505621,0.790386705822697
TCGA.HC.A76W.01,0.504797434951531,0.206418730792791,0.194567918385223,0.0925263141773532,0.00168960169310128,0.758215458980414
TCGA.VN.A88L.01,0.102581557411929,0.190936894819866,0.702349670904242,4.65213866085091e-07,0.00413141165009625,0.509858382510409
TCGA.KK.A8IB.01,0.355041777539033,0.252037870757192,0.0324194260097385,0.358319123227343,0.00218180246669387,0.750134433646426
TCGA.HC.7745.01,0.293912139064919,0.124357902424919,0.349502593057704,0.231721969978549,0.000505395473908489,0.825878259113572
TCGA.V1.A8WL.01,0.147051230085075,0.143311955188846,0.129031953106107,0.579588049869165,0.00101681175080772,0.713083913638587
TCGA.KK.A8I6.01,0.242189279640364,0.121678959252543,0.539294260784455,0.0962294130817709,0.000608087240866394,0.722316020726351
TCGA.TP.A8TT.01,0.274001974598068,0.0614448909798035,0.579785630769431,0.0847653064903642,2.19716233308021e-06,0.653267575186428
TCGA.G9.6499.01,1.42425642586941e-08,0.209260317777361,0.256720813485478,0.532686984002906,0.00133187049169034,0.634206939316847
TCGA.HC.A6AN.01,0.105220399168121,0.376537878196089,0.423123265413436,0.0951153972571439,3.0599652096936e-06,0.740905373039698
TCGA.VP.A87C.01,0.630692925820131,0.0310287501347905,0.18621809855694,0.152026635368329,3.35901198095552e-05,0.620208982155473
TCGA.EJ.5496.01,0.155808921447328,0.0389018435321618,0.695078909362904,0.109346191748641,0.000864133908965601,0.569699983602415
TCGA.KK.A6E6.01,0.326060560060707,0.112777635555341,0.560483441521134,1.12571527787047e-06,0.000677237147540066,0.584662743714922
TCGA.EJ.7781.01,0.154328998577189,0.00321277105989429,0.300322999227309,0.533957390743604,0.00817784039200238,0.647693081246891
TCGA.HI.7169.01,5.26153345807142e-06,0.521090438977317,1.59873464954848e-06,1.65791248702006e-06,0.478901042842089,0.430191747666865
TCGA.J4.A67N.01,0.295485545761965,0.477316495413782,0.226817820517012,4.09867557736369e-05,0.000339151551466548,0.65419161458752
TCGA.HC.A48F.01,0.49055804247775,0.055743098796088,0.384096823185398,0.0692727009506906,0.000329334590073688,0.661980856064658
TCGA.G9.6371.01,0.0625077945766301,0.133522845573598,0.476400353398812,0.327568909053302,9.73976588791176e-08,0.721359254008884
TCGA.EJ.7794.01,0.0885952328485844,9.02954893071751e-06,0.296495703025693,0.614773131737419,0.000126902839372861,0.543987783936432
TCGA.YL.A9WH.01,0.636012645397571,0.107557076208383,0.256168957149738,2.37220580541891e-07,0.000261084023727011,0.545955602238175
TCGA.V1.A9ZR.01,0.693822690192592,0.182951041902689,0.1215723330316,8.19060240965274e-06,0.00164574427070992,0.516450757097842
TCGA.ZG.A9LZ.01,0.480196462550927,0.154657761993725,0.364899958788827,1.68910938666825e-06,0.000244127557133923,0.628075357077486
TCGA.HC.A9TH.01,0.58124153786281,0.0617498362428943,0.298919354929449,0.0580835673157012,5.70364914547564e-06,0.629825168011218
TCGA.V1.A9O7.01,0.468926835113571,0.0399375229974574,0.0576696023400691,0.210099376877549,0.223366662671354,0.814493396290798
TCGA.HC.A6HY.01,0.278653990243634,0.259388718316266,0.375723725582946,0.0859766590971636,0.000256906759990187,0.799636535921702
TCGA.CH.5739.01,0.14186555775886,0.0118013071449589,0.695049014008896,0.148720436000907,0.00256368508637797,0.547388958812067
TCGA.XK.AAIV.01,0.517101742550509,0.0451314512494684,0.0688126493987042,0.368947371027919,6.78577339921609e-06,0.641831814734423
TCGA.KC.A7FA.01,0.277177665823781,0.200059048467205,0.192586628021429,0.32684472910334,0.0033319285842456,0.857011262929435
TCGA.HC.7749.01,0.403384374298679,0.0601693447247631,0.278324644036484,0.258119934220348,1.70271972635754e-06,0.771014949742638
TCGA.HC.7079.01,0.827466724938684,2.51700609972281e-05,0.172476989419507,1.06267648804983e-05,2.04888159313329e-05,0.286091931312862
TCGA.2A.A8VO.01,0.148609735568936,0.192349675058292,0.108254480720989,0.535511323732029,0.0152747849197544,0.770074558121881
TCGA.M7.A71Z.01,0.295397011587044,0.321640734285386,0.382052227965466,3.88880646663438e-05,0.000871138097437781,0.682973578025611
TCGA.EJ.7788.01,0.29556302965709,0.0266110460980541,0.539065135661624,0.129258467599383,0.00950232098384847,0.682570942156135
TCGA.KK.A8I4.01,0.537252418035513,0.116823317506575,0.302980797515695,0.0394184034228879,0.00352506351932855,0.67959936533893
TCGA.XJ.A83G.01,0.115415770678749,0.241824947524548,0.111497916183718,0.531261284356428,8.12565560133136e-08,0.728894922239569
TCGA.YL.A9WX.01,0.281446766273694,0.0588881441104411,0.482592717027647,0.177072283294254,8.92939649898774e-08,0.734266642228284
TCGA.J4.A67L.01,0.153355429998436,0.387402325313297,0.306870184655003,0.152362306128759,9.75390450512994e-06,0.810349814860556
TCGA.2A.AAYF.01,1.65822772768985e-08,0.139252501513646,0.192976333741502,0.665060180227765,0.00271096793481058,0.546340125424048
TCGA.EJ.5505.01,0.0497870261826345,0.00424102001607349,0.279891649960706,0.666080079272623,2.24567962849183e-07,0.496814690419282
TCGA.V1.A9ZK.01,0.125633159864166,0.0467318974863251,0.0891611382803145,0.737366957939857,0.00110684642933757,0.529056798016983
TCGA.XJ.A9DX.01,0.565896233274965,0.126272453341448,0.00134754177553758,0.306470908139534,1.28634685155173e-05,0.593363089142303
TCGA.V1.A9OY.01,0.259119256596024,0.159452939029207,0.445600233868292,0.13549688627276,0.000330684233716325,0.793049723506891
TCGA.VN.A88O.01,0.129008761703773,0.137137514197033,0.02043871196984,0.705740298057737,0.00767471407161693,0.558889844540829
TCGA.EJ.A46F.01,0.399465785323038,0.388561000689589,0.211972694263282,1.56288983961984e-07,3.63435106919624e-07,0.660298828187516
TCGA.G9.6373.01,0.489129796336584,0.225866783789492,0.282100329261654,1.06941132755303e-05,0.00289239649899448,0.65853003283425
TCGA.VN.A88R.01,0.377300470335003,0.140970332757464,1.25799753114205e-08,0.48076388624007,0.000965298087488642,0.623045759170104
TCGA.G9.6379.01,0.0552264377069446,0.816074749933123,0.0496233595799976,0.0790746271532419,8.25626692598996e-07,0.419715383693061
TCGA.CH.5737.01,6.50449793496031e-08,0.0991909732105912,0.196893550628133,0.703915159481313,2.51634983491914e-07,0.494780973527141
TCGA.VP.A87B.01,0.1950088840763,0.209091262803316,6.48806177971131e-08,0.595899679934381,1.0830538486117e-07,0.593062638723757
TCGA.HC.A8D1.01,0.180061823273678,0.0929544218500698,0.513962890421152,0.213020434916989,4.29538111397685e-07,0.746251011062629
TCGA.J4.A83L.01,0.0122512829516372,0.092096899580501,0.22415843786717,0.665276367840544,0.00621701176014779,0.566348278848497
TCGA.V1.A8WW.01,0.397773479274277,0.12174084866506,0.342472101486516,0.138013512789015,5.77851320837233e-08,0.784976107880185
TCGA.EJ.A8FO.01,2.10880863573358e-09,0.0910177596371793,0.5607928398371,0.34719004079423,0.000999357622682246,0.569576130941459
TCGA.QU.A6IN.01,0.294440761823422,0.62842271627006,0.0767910876761142,0.000195349809525193,0.000150084420878961,0.529390977211033
TCGA.FC.7708.01,0.153949983608122,0.0319420862484191,0.597028574386941,0.216219425192878,0.000859930563639544,0.648180597962509
TCGA.YL.A8SH.01,0.106730617259714,0.155160868012853,0.20521161348177,0.50065258879907,0.0322443124465924,0.813963611510545
TCGA.V1.A8ML.01,0.128219287375513,0.168962249617203,0.14999113902097,0.552825538713917,1.7852723970467e-06,0.730716580415506
TCGA.HC.A6AQ.01,0.0903636778837972,0.463772021226111,0.247233482291964,0.198621549809625,9.26878850369738e-06,0.770586410313676
TCGA.H9.A6BY.01,0.183331977989953,0.486816228522783,0.321196301118273,0.000627276650302052,0.00802821571868979,0.664581152960145
TCGA.KK.A6E8.01,0.227185359397217,0.216878997490993,0.0104062318696912,0.538664473416292,0.00686493782580646,0.672982490986128
TCGA.HC.A6AP.01,0.114786890984246,0.519591353689503,5.42001793477158e-05,0.362399722269649,0.00316783287725453,0.60596339233356
TCGA.EJ.7317.01,0.00907365193603232,0.0923391479967634,0.151047068916652,0.746094951133746,0.00144518001680675,0.482238928302117
TCGA.YL.A8S9.01,0.42929946597735,0.0831303069643421,0.118341642078538,0.369151299825282,7.72851544870093e-05,0.739985669362614
TCGA.KK.A8IA.01,0.54733575891934,0.099137894833325,0.309768557227391,0.0437576121046691,1.76915275508228e-07,0.657967864117657
TCGA.G9.6356.01,0.298171945338477,0.106123274707389,0.504486958280996,0.0909290706170653,0.000288751056072184,0.723490237351907
TCGA.YL.A8SO.01,0.325475571848792,0.24516955961608,0,0.428092080404871,0.00126278813025636,0.672051708441838
TCGA.J4.A67Q.01,1.96002754339323e-05,0.907966209037784,6.91723263387148e-06,0.0775877208037407,0.0144195526504079,0.215867342541525
TCGA.KK.A6E4.01,0.210541088201494,0.441659236502575,0.347781890551733,1.7565559956112e-05,2.19184242558715e-07,0.65643157182378
TCGA.KK.A7B0.01,2.32329369026301e-05,0.626287800481535,5.22578903466527e-05,0.373495073642166,0.00014163504904982,0.411897552472344
TCGA.EJ.5511.01,0.226134373240996,0.0381289669680061,0.571766858889707,0.15908442991663,0.00488537098466162,0.68273105555423
