S5,S6,S1,S2,ITTH
TCGA.FX.A48G.01,0.383032731243054,0.0894177763590166,0.488257559375033,0.0392919330228969,0.765119219482293
TCGA.HB.A3YV.01,4.64616735625486e-06,0.918565232719387,0.0377251570107244,0.0437049641025327,0.244199944782271
TCGA.DX.AATS.01,0.0350770758327226,0.565877623854118,0.13067740454402,0.268367895769139,0.763658316390613
TCGA.FX.A3NJ.01,0.969631050715356,5.35680507746e-08,0.00802589876499323,0.0223429969515999,0.110770653273333
TCGA.DX.A1L2.01,0.0579932353826439,0.929105944906446,0.000108503050205094,0.0127923166607047,0.209336609622593
TCGA.3B.A9HX.01,0.539954439421372,0.304563643745036,0.0132485717474664,0.142233345086126,0.74264671272858
TCGA.WK.A8XX.01,0.693449869537846,0.255436070454654,0.0377383312616244,0.013375728745876,0.565427529643142
TCGA.DX.A3LS.01,0.0556749702548772,0.714043668568746,0.0127870044033655,0.217494356773011,0.569033527478883
TCGA.DX.A3UD.01,0.532751142088827,0.379184558660317,0.0880339258785307,3.03733723255055e-05,0.661780540084171
TCGA.3B.A9I0.01,0.753776386524051,0.151947890713692,0.0942750946589473,6.2810330966568e-07,0.520818811296513
TCGA.DX.A8BM.01,0.0875102651642753,0.857593658410617,0.0307998675531176,0.0240962088719901,0.39089029000739
TCGA.DX.A6BE.01,0.0595545699164446,0.212809226671376,0.100194610350683,0.627441593061497,0.735956850160749
TCGA.DX.A8BP.01,0.121914918626831,0.635304792837357,0.121415486938691,0.121364801597121,0.762269402352894
TCGA.MO.A47P.01,0.642914368853401,0.314651826976371,0.00629264190573565,0.0361411622644922,0.576880003566225
TCGA.WK.A8XO.01,0.032042974118443,0.547914570478562,0.20591671961962,0.214125735783375,0.790099327964005
TCGA.IS.A3KA.01,0.319402215839491,0.509788388894651,0.170769798783919,3.95964819380163e-05,0.72873153461811
TCGA.DX.A6BA.01,0.731668948092104,0.235541909625768,1.63143177650027e-10,0.0327891421189854,0.491394508179145
TCGA.3B.A9HU.01,0.719799673729939,0.233495842293857,0.0277031863742389,0.0190012976019649,0.541699246100406
TCGA.X6.A8C7.01,2.4631507177715e-05,0.911343435788546,0.0653149061878373,0.0233170265164393,0.25299034280221
TCGA.DX.A1KW.01,4.87167341108263e-06,0.864500919815165,0.0649176443315318,0.0705765641798917,0.353865725894286
TCGA.HB.A5W3.01,0.690610531402486,0.267464543750472,0.0290094822640969,0.0129154425829447,0.553449839774127
TCGA.DX.AB2W.01,9.88624524342372e-07,0.132725766550311,0.580484256872303,0.286788987952862,0.679489449011818
TCGA.QQ.A8VF.01,0.110086019696813,0.788925140461717,0.0361267953572374,0.0648620444842319,0.524666415543542
TCGA.MB.A8JL.01,0.0272743938622619,0.651379339765754,0.0379058362159219,0.283440430156062,0.619536813527534
TCGA.FX.A2QS.01,6.88888863121344e-07,0.900067975766088,3.50596907630518e-07,0.0999309847481413,0.234399871556759
TCGA.X6.A7WD.01,0.539438202987639,0.389836976835718,0.0129381360317632,0.0577866841448807,0.664499458427672
TCGA.IE.A4EH.01,0.494657501655533,0.433787378043111,0.0525304466652596,0.0190246736360966,0.678523787905975
TCGA.DX.AB30.01,0.000392028848071063,0.804284902656366,0.0790718784722211,0.116251190023342,0.45377043356189
TCGA.DX.A1KX.01,0.0529499448978466,0.862655760991612,0.0307205287891845,0.0536737653213567,0.394589949041647
TCGA.JV.A5VE.01,0.293865964749766,0.625544749555609,0.036888900177017,0.0437003855176082,0.657773785984655
TCGA.DX.AB3C.01,1.7009491419085e-07,0.74118188288544,0.251290726535043,0.00752722048460227,0.43703895364553
TCGA.N1.A6IA.01,0.0997349556506343,0.519241202478188,0.0645529256662578,0.31647091620492,0.801573283101292
TCGA.QC.A6FX.01,6.57848947001209e-10,0.821949894133579,0.0683935561154042,0.109656549093168,0.423440886980061
TCGA.DX.A1L4.01,0.0107355454693906,0,0.0355318790178979,0.953732575512712,0.153242109100767
TCGA.DX.A8BK.01,0.0162934697099327,7.94724672962773e-06,0.795823958567712,0.187874624475626,0.406150530932807
TCGA.DX.A6YR.01,0.0582341323915193,0.83705662193425,0.0414868545987489,0.063222391075482,0.447991468811964
TCGA.DX.A7ET.01,1.46823150505286e-10,3.46916151919208e-06,0.999996530637489,5.41688568170221e-11,3.39659926346116e-05
TCGA.X6.A7WA.01,0.815660674407058,0.13953966222913,0.00662370263251641,0.0381759607312955,0.432017928447082
TCGA.DX.AB2T.01,0.0596004699433001,0.840492643614918,0.0455099263228589,0.054396960118923,0.442272819269855
TCGA.FX.A3TO.01,0.0831395317118123,0.779658712295459,0.0725009246874983,0.0647008313052302,0.554173229559918
TCGA.DX.A1L0.01,0.000408685222370226,0.891969998322015,0.00184570640972453,0.105775610045891,0.255644028120897
TCGA.DX.AB32.01,0.055211284797394,0.813506656226199,0.131281589572297,4.69404110372945e-07,0.428765686407087
TCGA.DX.A7EF.01,0.0686088486569506,0.708013372679821,0.0407437598244259,0.182634018838803,0.627012123194869
TCGA.DX.A48O.01,0.76763326066942,0.181018558668457,0.0513264865744052,2.16940877178967e-05,0.479720435145971
TCGA.DX.A23T.01,0.10374232542545,0.567433344448861,0.222606903833135,0.106217426292554,0.814538956904496
TCGA.IE.A4EI.01,0.712203465670669,0.273816507114764,2.32209756151654e-05,0.0139568062389518,0.473390024155533
TCGA.KF.A41W.01,0.176869950233562,0.629881280129061,0.0891494437871951,0.104099325850182,0.75638629320107
TCGA.DX.A3UE.01,0.615029719791446,0.283731485891202,0.0789806198734204,0.0222581744439318,0.679199602899129
TCGA.FX.A76Y.01,0.702002705508937,0.256725034811575,0.0402975462515701,0.000974713427917936,0.529205919894798
TCGA.QQ.A5V9.01,0.0515585925759874,0.600802575165821,0.205059845363352,0.142578986894839,0.765787502694129
TCGA.DX.A8BT.01,0.0895553694691441,0.857701266260982,0.0293630805006155,0.0233802837692589,0.388915386247713
TCGA.DX.A7ES.01,0.295172338104636,0.532697574177907,0.0636047726268754,0.108525315090582,0.802071444042651
TCGA.DX.A3M2.01,0.000333193340597754,0.000346142051587216,0.999064831534969,0.000255833072845601,0.00611473291507383
TCGA.DX.A8BV.01,0.0946603944616076,0.799749694902055,0.0303184321225938,0.075271478513744,0.506791211632841
TCGA.DX.A6Z2.01,0.707976060079375,0.222269832483722,0.0210384567735533,0.0487156506633494,0.5822746979956
TCGA.QC.AA9N.01,0.0833313272649922,0.8009147898736,0.071460647818168,0.0442932350432395,0.513232638873944
TCGA.DX.A6BG.01,0.0643642749980672,0.535123196248908,0.020533403070792,0.379979125682233,0.69150058803573
TCGA.PC.A5DL.01,0.96846485865949,1.43963403492619e-06,0.000874162538839158,0.0306595391676362,0.103910645199301
TCGA.X6.A8C3.01,0.0827639948831557,0.850139165224753,0.0349103211190206,0.0321865187730709,0.412593077777565
TCGA.HB.A2OT.01,0.0662333245845138,0.47934283480043,0.165521026361119,0.288902814253937,0.857473538765105
TCGA.DX.A1L3.01,9.59499564439367e-07,0.817502263511241,2.17108828717924e-07,0.182496559880366,0.342766789257144
TCGA.DX.A3UC.01,0.804872386052623,0.162823351800301,0.0321874593372997,0.000116802809776529,0.41976173912646
TCGA.Z4.A8JB.01,0.0377710002072992,0.203440698531879,0.048836313292602,0.70995198796822,0.604742529408648
TCGA.HS.A5N7.01,0.680668800444274,0.256366376248162,0.0219456692689681,0.0410191540385957,0.595551660068965
TCGA.IE.A3OV.01,0.72755849436751,0.252093497627339,0.0199673321294314,0.000380675875719862,0.476034561604644
TCGA.DX.AB2E.01,0.0118477840108664,0.684755378964622,0.104763297749118,0.198633539275394,0.627043052020841
TCGA.MJ.A68J.01,0.0652485014993961,0.561158904883657,0.0674459255636347,0.306146668053312,0.754930292070907
TCGA.DX.A8BL.01,0.110227617401008,0.697142986268068,0.175228168559696,0.0174012277712281,0.627763154561426
TCGA.DX.A8BH.01,0.0529485959365664,0.733841154171176,0.213210249892258,0,0.513739251239024
TCGA.K1.A3PN.02,0.904169861532239,5.86013949744892e-06,0.0958242662716863,1.20565773255034e-08,0.227863548781088
TCGA.DX.AB2X.01,0.0256010265643215,0.737398947411207,0.184394967580783,0.0526050584436887,0.566353648488079
TCGA.HB.A3L4.01,0.310069065999409,0.603807684673051,0.0861228411670403,4.08160498926628e-07,0.633975584052384
TCGA.DX.A3U6.01,0.103997922279494,0.53577039384968,0.118766076682347,0.241465607188479,0.841024082310205
TCGA.QQ.A5VD.01,0.563177049761212,0.160171447819832,0.135914058408734,0.140737444010223,0.839594075338378
TCGA.QC.A7B5.01,0.153174833255248,0.263404840891494,0.33165329024641,0.251767035606848,0.97530921137574
TCGA.3B.A9HJ.01,0.0946957243497766,0.779167777811905,0.126134133272578,2.36456574065942e-06,0.489658484916153
TCGA.3B.A9HI.01,0.0561887130188622,0.756506214515655,0.0896957553694244,0.0976093170960586,0.588814559314927
TCGA.DX.AB3A.01,0.000468288567311139,0.753435437019913,0.216525829312588,0.0295704451001876,0.470540739338745
TCGA.X9.A971.01,0.456726754680271,0.513028833624547,0.027103482314247,0.00314092938093446,0.588781311558149
TCGA.RN.A68Q.01,0.284579996735825,0.667165933071374,0.0482472930820322,6.77711076868816e-06,0.558319103868722
TCGA.MJ.A850.01,1.31239192299121e-07,0.65598363043459,0.325218790019501,0.0187974483067166,0.516905772069384
TCGA.K1.A42W.01,0.551125748610525,0.372996657440028,0.0699877307301148,0.00588986321933316,0.658280076603334
TCGA.DX.AB2Z.01,0.115557011561805,0.779098250543013,0.0257648904043944,0.0795798474907876,0.533459075504547
TCGA.DX.A3U5.01,0.0290446372374575,0.970943333309065,1.16715763990116e-05,3.57877078377422e-07,0.0948968321196179
TCGA.K1.A42X.02,0.59025269675351,0.35807918759966,0.0516565971718195,1.15184750107671e-05,0.60025361509493
TCGA.DX.A6YZ.01,0.118622248906126,0.819114406131297,0.062253435687106,9.90927547095815e-06,0.425077690094417
TCGA.DX.A7EN.01,0.526050439180563,0.421730631798378,0.0481644698349726,0.00405445918608634,0.627897783750849
TCGA.DX.A48L.01,0.58076776902201,0.355553940467123,0.0549102219618731,0.00876806854899379,0.637776543615036
TCGA.VT.A80G.01,0.0478607013021827,0.528983650198056,0.0563041051800423,0.366851543319719,0.730141138449058
TCGA.3B.A9HR.01,0.717704786721252,0.233587456373133,0.048608897213117,9.8859692497373e-05,0.523442618523449
TCGA.3B.A9HQ.01,0.945489483281534,1.26904367366094e-06,0.0545087518495278,4.95825264300211e-07,0.152643574290277
TCGA.3B.A9HL.01,0.016331880448725,0.957295974527677,0.0263721450235982,0,0.147770366291186
TCGA.DX.A7EM.01,0.883574520447871,0.102607719853497,3.8840015557284e-05,0.013778919683075,0.290286075617581
TCGA.DX.A1KZ.01,0,0.704554243999868,0.00103124535065399,0.294414510649478,0.442777471469618
TCGA.WK.A8XT.01,0.000331557847596801,0.856241191795304,0.143202706244685,0.00022454411241374,0.299898651488598
TCGA.UE.A6QU.01,0.0977559252244859,0.838828044345195,0.0634060891831241,9.94124719497292e-06,0.396549678455892
TCGA.DX.AB2F.01,0.000159131091466295,0.892085268843367,0.0656143294787626,0.0421412705864042,0.299678729045772
TCGA.DX.A6B9.01,0.80758544648551,0.083845859057922,0.0838047993431431,0.0247638951134251,0.49035872813681
TCGA.IE.A4EJ.01,0.0876167039374535,0.836890437563936,3.95802813911869e-05,0.0754532782172193,0.402322154145573
TCGA.Z4.AAPF.01,0.123193996660749,0.53095847999487,0.177031949149152,0.168815574195228,0.866290776822734
TCGA.SG.A6Z4.01,0.0401611261837966,0.651460683851861,0.0196714632315236,0.288706726732819,0.608991957041462
TCGA.3B.A9I3.01,0.581554458469373,0.352551990142528,0.0490653480058975,0.016828203382202,0.648807543909969
TCGA.DX.A3LU.01,0,0,0.910698876946393,0.0893011230536071,0.217066372466284
TCGA.DX.A6BB.01,0.824169683335642,0.0394362558096335,0.100633575083067,0.0357604857716567,0.459551719748533
TCGA.DX.A6BF.01,0.0302922702216945,0.381256768673156,0.587030642577386,0.00142031852776416,0.573888459176457
TCGA.DX.A7EO.01,0.00241529843596955,0.724238736696019,0.265064044611852,0.0082819202561595,0.461566640418048
TCGA.K1.A3PO.01,0.422288704119353,0.404573021880481,0.0903562272676129,0.082782046732553,0.832160403889286
TCGA.3B.A9HY.01,0.773278389028906,0.21716292994623,9.1388958545319e-06,0.00954954212900942,0.414758189599352
TCGA.DX.A7EQ.01,3.69112517025521e-06,0.105780742424656,0.894149021643836,6.65448063385642e-05,0.244068338329634
TCGA.HS.A5N8.01,0.0209207825675437,0.846933676148468,0.0821143372220395,0.0500312040619488,0.416008213838015
TCGA.KD.A5QS.01,0.160476898088264,0.641705529891987,0.0520019158546424,0.145815656165107,0.730569268902966
TCGA.MJ.A68H.01,0.704165479222179,0.247060399864811,0.0286477869245763,0.0201263339884336,0.557446807530747
TCGA.DX.A23R.01,1.3677583805539e-06,0.869134234230816,1.93086551604417e-06,0.130862467145287,0.279933078216191
TCGA.SI.A71P.01,0.0587231227906905,0.938303010990464,0.00297152967792024,2.3365409248685e-06,0.175683801263446
TCGA.IF.A4AJ.01,0.760477632323848,0.221039303801521,9.71300516496917e-07,0.0184820925741139,0.444090311838583
TCGA.DX.A3UF.01,0.510986868025457,0.419338941416097,0.0377209561446569,0.0319532344137892,0.67891931358077
TCGA.X6.A8C4.01,0.0376457066976499,0.690296703764794,0.141619558186311,0.130438031351246,0.664939945252486
TCGA.FX.A8OO.01,2.54173072594815e-05,0.829959872471567,0.169973205848528,4.15043726457423e-05,0.329357078635512
TCGA.SI.AA8B.01,0.0494633422434375,0.491632322493846,0.0995479188765545,0.359356416386162,0.790042939976587
TCGA.3R.A8YX.01,0.0171848994084084,0.799703637507577,0.137587140218128,0.0455243228658858,0.477626760654215
TCGA.X6.A7WC.01,0.10236041306434,0.512402394304583,0.119179678185525,0.266057514445552,0.852417945705557
TCGA.UE.A6QT.01,0.339360972832191,0.611306085035965,0.0493259308646791,7.01126716460759e-06,0.588708437369336
TCGA.LI.A9QH.01,0.0545884445361566,0.905302472924053,0.0250449389576975,0.0150641435820925,0.291675482385798
TCGA.SI.A71O.01,0.0513299539033064,0.697417802427195,0.0315173321515056,0.219734911517994,0.610033590434297
TCGA.X6.A7W8.01,2.16108397463578e-06,9.02599083622607e-07,0.999987234559627,9.70175731461832e-06,0.000119388934320271
TCGA.SI.AA8C.01,0.00602140809354997,0.755587525335363,0.0930989278483439,0.145292138722743,0.536567170561523
TCGA.MB.A8JK.01,0.103376429802946,0.696922127635415,0.0296131429064808,0.170088299655158,0.643277043749812
TCGA.KD.A5QT.01,0.457564166502473,0.503875223259228,0.0385144525786145,4.61576596839436e-05,0.597998736431639
TCGA.WK.A8XY.01,0.839581352457396,0.144795923823353,0.0155905214796137,3.22022396375399e-05,0.354771013232592
TCGA.QQ.A5VC.01,0.0049305834986557,0.661193708144775,0.253699430358777,0.0801762779977916,0.613171801230924
TCGA.JV.A5VF.01,0.0545576978815248,0.509042718038147,0.190326993077823,0.246072591002506,0.839055956216449
TCGA.DX.A1L1.01,0.0782365950319607,0.921644347098991,6.82729745772981e-05,5.07848944710577e-05,0.198881021175845
TCGA.WP.A9GB.01,0.321276460755041,0.644176645269629,0.0302015022504235,0.00434539172490724,0.560794355134406
TCGA.X9.A973.01,8.15209904242021e-09,0.770935862632427,0.108882615000487,0.120181514214987,0.50251923117095
TCGA.Z4.AAPG.01,5.39732524777583e-09,0.602185472829175,0.236006423078761,0.161808098694739,0.678715493190744
TCGA.X6.A8C6.01,0.064557348792988,0.893842786287425,0.0251749578569636,0.0164249070626237,0.315512367383154
TCGA.DX.A6YV.01,0.0546396143032546,0.715259631196655,0.0103897025309419,0.219711051969148,0.561883608836595
TCGA.SG.A849.01,7.78996730464958e-06,0.798603804656995,0.197902760768032,0.00348564460766833,0.375110756315742
TCGA.DX.A2IZ.01,8.98706314570016e-12,0.934274339703764,0.0330880703375101,0.0326375899497386,0.207744856192486
TCGA.DX.A1KY.01,0.0981527654166593,0.809301561803476,3.31259445695977e-06,0.0925423601854074,0.446781727999699
TCGA.DX.A23Y.01,0.00369509330019547,0.996304538921675,2.23728582102599e-07,1.44049546844434e-07,0.0175933857375963
TCGA.DX.A7ER.01,2.58448225752961e-05,0.627503406460193,0.372408790093692,6.19586235395505e-05,0.476915642646928
TCGA.PC.A5DO.01,0.732347231799397,0.207807059280985,1.16768873763841e-06,0.0598445412308812,0.521649740160127
TCGA.IW.A3M4.01,0.362108675694192,0.541502917531737,0.0710803237608344,0.0253080830132362,0.707624941889046
TCGA.DX.A2J4.01,0.101439608274008,0.356410728365354,0.161678676037413,0.380470987323225,0.910405821620252
TCGA.DX.A8BO.01,0.248664009522268,0.287043637397512,0.315456411766854,0.148835941313366,0.975111320914373
TCGA.DX.A6B8.01,0.0226080598791956,0.592346558612011,0.0535247343552563,0.331520647153537,0.662617088887139
TCGA.DX.A23U.01,3.1977697068441e-08,0.552887666694452,0.0616658212838514,0.385446480044,0.625344172620777
TCGA.VT.A80J.01,0.0659651218397889,0.882301803183607,0.05172426479641,8.81018019412348e-06,0.319642389356041
TCGA.DX.AB2J.01,0.0198932531936401,0.737454775932076,0.178929054193657,0.0637229166806275,0.566877590515249
TCGA.K1.A6RV.01,0.0198840076919975,0.3420323278369,0.234415768303985,0.403667896167118,0.830344258892403
TCGA.PC.A5DK.01,0.798634338282213,0.185119003461194,0.0107131747233349,0.00553348353325833,0.410576871592976
TCGA.IS.A3K7.01,0.0363485010526356,0.457184664489882,0.249975101047405,0.256491733410076,0.846765543603696
TCGA.IE.A4EK.01,0.946358727083916,0.0430485161659467,0.00734794168226762,0.00324481506786917,0.174768135552742
TCGA.X6.A8C5.01,0.937965479780142,3.88411879045201e-10,0.055768782388051,0.00626573744339537,0.182379841239102
TCGA.QQ.A5V2.01,0.00626400767307061,8.08188397999825e-05,0.932449085153298,0.0612060883338309,0.193850884806051
TCGA.DX.A2J1.01,4.8585202567718e-07,1.56744041113475e-07,0.748343995627125,0.251655361776808,0.406952837700865
TCGA.3B.A9HS.01,0.0788987939485958,0.726413343076394,0.09381630395299,0.10087155902202,0.639082823559559
TCGA.DX.A6YX.01,0.0595593149486882,0.873245269688866,0.0462253108095889,0.0209701045528574,0.367535152613229
TCGA.RN.AAAQ.01,0.0361968539384337,0.32467457266065,0.639124058500949,4.514899967102e-06,0.556541274330085
TCGA.X6.A8C2.01,0.0323798881220734,0.632818566560687,0.0240496506203982,0.310751894696842,0.615650389031993
TCGA.X2.A95T.01,0.455449548145336,0.522706509645437,0.00130446307047612,0.0205394791387506,0.566808954629902
TCGA.DX.A6YS.01,0.0189655729448655,0.905808064624001,0.0240468075775513,0.0511795548535821,0.293284063580177
TCGA.DX.A3UA.01,0.0206174656182599,0.732115951572941,0.0413630010688797,0.20590358173992,0.552170177849901
TCGA.DX.A1KU.01,0.190105633891175,0.452216002390661,6.40669414985945e-07,0.357677723048749,0.75181074974906
TCGA.DX.A3M1.01,0.031329979083119,0.679141930333798,0.037034397715486,0.252493692867597,0.606555816537004
TCGA.MB.A5Y9.01,1.22184394517813e-05,1.58978240165013e-05,0.999943680510197,2.8203226334372e-05,0.000480171580282746
TCGA.SI.A71Q.01,4.69397022716186e-07,0.854005603789045,0.028257833340376,0.117736093473557,0.351610859450836
TCGA.DX.A3U7.01,0.530839976590921,0.412570359740906,0.0187125131041949,0.0378771505639778,0.649128320303366
TCGA.DX.AB2O.01,0.058920050172676,0.798417674396492,0.072625963788564,0.0700363116422677,0.521710367206053
TCGA.QQ.A5VA.01,0.100581768188395,0.699330469948928,0.033899309131896,0.166188452730781,0.644951218610818
TCGA.DX.A6Z0.01,0.0374866328334437,0.801506257168198,0.0260871520351586,0.134919957963199,0.480285657647673
TCGA.DX.AB2P.01,0.0290103043199858,0.460974157153947,0.0925622627225219,0.417453275803545,0.753556016628906
TCGA.DX.AB2Q.01,0.0161418480057829,0.658746085881328,0.130567077083707,0.194544989029182,0.667884142855386
TCGA.DX.A7EI.01,0.0173461525552671,0.728863276709732,0.0648746968855233,0.188915873849478,0.572112283994845
TCGA.K1.A42X.01,0.586515319349001,0.380532473368075,0.0329522072829245,0,0.572071325209478
TCGA.DX.A7EL.01,0.933932454459357,0.0206704342141733,0.0453962825691688,8.28757301106796e-07,0.20515751225919
TCGA.DX.A48P.01,0.911355071884393,5.05693192267815e-09,0.048619367885556,0.0400255551731187,0.259986820490797
TCGA.DX.A8BG.01,0.0655420434938363,0.934201733105066,4.79148454574221e-05,0.000208308555639812,0.176321120172131
TCGA.DX.A240.01,3.98802254472268e-11,0.585106442479425,0.12573156778098,0.289161989699715,0.673085963450918
TCGA.3B.A9HT.01,0.214165826564754,0.628203911395378,0.0328443474491591,0.124785914590709,0.716998483941751
TCGA.DX.A6BH.01,0.37824713631561,7.82595067852308e-10,0.0270323385175055,0.594720524384289,0.558608363313386
TCGA.IW.A3M6.01,0.44846694133848,0.353905442311946,0.0700969636062776,0.127530652743297,0.848442333611532
TCGA.DX.A8BZ.01,1.49186941476308e-07,0,0.786517007248229,0.21348284356483,0.374045541614695
TCGA.K1.A6RU.01,0.0591563384863162,0.900693000607379,0.0399157717764707,0.000234889129834678,0.282771019300201
TCGA.DX.AB3B.01,0.00513913302600535,0.740962596924743,0.130290412745767,0.123607857303485,0.557733096891662
TCGA.DX.A3UB.01,0.624261540855565,0.0129553739593041,0.140267982470618,0.222515102714513,0.692747349669868
TCGA.DX.AB2V.01,0.2198748017778,0.780123054119488,3.61074421934704e-07,1.78302829032934e-06,0.379991466174652
TCGA.DX.A3LW.01,9.77712075377532e-10,0.828276859397384,0.0730276975698912,0.0986954420550127,0.415288351438266
TCGA.DX.A8BU.01,0.194211656966035,0.663290633614405,0.0268197042628388,0.115678005156721,0.67600750130336
TCGA.IS.A3K6.01,0.27854288991383,0.647512936294284,0.0739329056027601,1.12681891262235e-05,0.598821226629364
TCGA.3B.A9HV.01,0.464977923612496,0.444751292444486,0.0902593114615119,1.14724815065586e-05,0.673471414607841
TCGA.VT.A80J.02,0.0144155339812034,0.778099502090264,0.207431534692066,5.34292364663377e-05,0.420650634930208
TCGA.WK.A8Y0.01,0.019586123814662,0.639075368245612,0.0604099123999692,0.280928595539757,0.641562805979174
TCGA.VT.AB3D.01,0.124926913759578,0.772935333786009,0.102137752454412,0,0.499135582579582
TCGA.DX.A3U8.01,0.275653150738087,0.513790094964679,0.0293597344134302,0.181197019883804,0.801030392550982
TCGA.HB.A43Z.01,0.47717118611885,0.508406955940914,0.014421688102608,1.69837628100733e-07,0.54686041790091
TCGA.IS.A3K8.01,0.400702837718698,0.436372415666384,0.156532860594378,0.00639188602053981,0.758069637427133
TCGA.KD.A5QU.01,0.442972119453801,0.500347521163763,0.0382674975159643,0.0184128618664717,0.653239987121723
TCGA.IW.A3M5.01,2.56896087978323e-07,0.651721987200062,0.232203692155306,0.116074063748544,0.626164928464946
TCGA.QQ.A8VD.01,0.0369929139087647,0.258538277373639,0.061866307724163,0.642602500993434,0.669433677087533
TCGA.DX.A8BJ.01,0.0192372359100411,0.333153652331536,0.202910849231936,0.444698262526487,0.812379211675216
TCGA.K1.A3PN.01,0.917208307947439,0.059935113981633,0.0228510867673721,5.49130355634014e-06,0.241195460659182
TCGA.LI.A67I.01,0.092588796840814,0.540641716690155,0.0830657655379749,0.283703720931056,0.805681517210241
TCGA.JV.A75J.01,0.00212580454989044,0.781126089195827,0.188314869825629,0.0284332364286534,0.448447351928385
TCGA.PC.A5DN.01,0.140565184646536,0.660301780707604,0.0262344311055396,0.17289860354032,0.684429931292256
TCGA.DX.A48N.01,0.0648757133148204,0.894341410517905,1.37711536280644e-06,0.040781499051912,0.294181738281307
TCGA.DX.A48U.01,0.914671346211681,3.69751563334671e-07,0.0363249875366627,0.0490032965000935,0.252326850380773
TCGA.FX.A3NK.01,0.18951274614333,0.541621169669254,0.00741918964823823,0.261446894539178,0.746198590395644
TCGA.DX.A6B7.01,0.89792770823129,0.0207173595958216,0.0489740937537765,0.0323808384191122,0.314358707614974
TCGA.IE.A6BZ.01,0.0313607962293999,0.902185033872679,1.70866691493317e-05,0.0664370832287721,0.2753931345431
TCGA.3B.A9HZ.01,0.853474146046326,0.0534671124617833,0.0283103934667437,0.0647483480251473,0.411138047202761
TCGA.QQ.A8VB.01,0.10232174784601,0.720553302695035,0.0163035527591789,0.160821396699776,0.599016728678211
TCGA.DX.A48K.01,0.11199796938013,0.485876104637504,0.0427005832319264,0.35942534275044,0.792284922940862
TCGA.QQ.A8VH.01,9.22572519037996e-06,0.885985157837787,0.106801773879182,0.00720384255784024,0.275403041317882
TCGA.DX.A23V.01,0.0830314501667746,0.849375715225903,2.41204059070476e-05,0.0675687142014148,0.380596103458929
TCGA.DX.AB2H.01,1.24088822322207e-06,0.780502549912765,0.0446172448247329,0.174878964374279,0.459579080735084
TCGA.DX.AB36.01,0.069238547805433,0.557604047732088,0.0436156853094647,0.329541719153014,0.73073094998707
TCGA.X6.A7WB.01,0.414838609328421,0.537148975656819,0.0314667146744763,0.0165457003402838,0.631562618084553
TCGA.MB.A5YA.01,0.638819342244498,0.203115202950895,0.157865252370234,0.000200202434373462,0.651495623225678
TCGA.DX.A8BR.01,0.032850609436516,0.929112532593363,1.58953534819861e-07,0.0380366990165857,0.219921699975119
TCGA.QQ.A5VB.01,0.0931250579509031,0.371417848145138,0.17611801037347,0.359339083530488,0.910737384978567
TCGA.SI.A71O.06,0.0713689030478351,0.807147634393686,0.0653257822640303,0.0561576802944484,0.505867016733915
TCGA.DX.A8BN.01,0.00346554808916676,0.884336882450158,0.111898127460058,0.000299442000617163,0.27110924061905
TCGA.DX.A3LY.01,2.41650596378039e-06,0.943411546637687,9.04892945032279e-07,0.0565851319634042,0.156902531444361
TCGA.DX.A6YU.01,0.089355541871796,0.910610163132901,2.91251280978023e-05,5.16986720528657e-06,0.217444754278828
TCGA.DX.A2J0.01,0.088274852293999,0.722860890424087,0.0291110212943839,0.15975323598753,0.609414781424206
TCGA.DX.A3U9.01,0.573030772818693,0.364726393761016,0.0217506722913298,0.040492161128961,0.649246349724985
TCGA.MO.A47R.01,0.184687284376317,0.764599893627369,0.0219483735881004,0.0287644484082141,0.507158112284762
TCGA.3B.A9I1.01,0.36064551073443,0.621954637896097,0.0173764517485819,2.33996208913694e-05,0.529351292378721
TCGA.DX.A6YQ.01,0.0926819751509756,0.896854971043208,0.0104210122647007,4.20415411159977e-05,0.264062725987608
TCGA.MB.A5Y8.01,0.0119036272969933,0.362341443089978,0.241652577300953,0.384102352312076,0.816072314555345
TCGA.3B.A9HP.01,0.485448260057413,0.378778302742676,0.095174513875974,0.0405989233239366,0.773629797885765
TCGA.SG.A6Z7.01,5.45454939620375e-06,0.803528403867233,0.0702022529589127,0.126263888624458,0.449835005426122
TCGA.QQ.A8VG.01,0.065466339708388,0.934533660291612,0,0,0.174386233595133
TCGA.WK.A8XS.01,0.672212314018665,0.312367924021478,0.0095772249321743,0.00584253702768265,0.508562462959558
TCGA.DX.A6YT.01,0.0711640873941156,0.874900390415023,0.011456899349801,0.0424786228410608,0.353733428826233
TCGA.DX.A3LT.01,0.0180476429491729,0.524314073848659,0.133366795791751,0.324271487410418,0.753708180283371
TCGA.DX.A48R.01,0.724135800267677,0.226985565366393,0.0487660851184314,0.000112549247498396,0.518400531153147
TCGA.DX.AB35.01,1.23829778736173e-05,0.893195608653998,0.0500875738034833,0.056704434564645,0.298438494124596
TCGA.DX.A48J.01,0.863623132649988,0.0759706508266819,0.0252442913849845,0.0351619251383452,0.384494977461484
TCGA.DX.AB37.01,0.0837052874135703,0.539777875919549,0.376369685786404,0.000147150880477657,0.656089696710367
TCGA.DX.A8BX.01,1.23360860794577e-09,0.897200053274384,0.0362185033719463,0.0665814421200616,0.287021170450592
TCGA.Z4.A9VC.01,0.0192650143257158,0.863214386502335,0.117520199345214,3.99826735706671e-07,0.327991146492832
TCGA.FX.A3RE.01,0.290952990103411,0.541056379961125,0.0371192838869063,0.130871346048557,0.779006034532165
