Hallmark	P-value	Adjusted p-value	TCGA Cancer	Malignant State	Hallmark group
ADIPOGENESIS	0.01543837271	0.06432655296	GBM	S2	GROWTH AND SPECIALIZATION
ADIPOGENESIS	0.02709807694	0.1042233729	ACC	S1	GROWTH AND SPECIALIZATION
ADIPOGENESIS	2.24E-05	0.0002238513203	OV	S3	GROWTH AND SPECIALIZATION
ADIPOGENESIS	1.25E-02	5.82E-02	THYM	S3	GROWTH AND SPECIALIZATION
ADIPOGENESIS	0.001813733502	0.00824424319	THCA	S7	GROWTH AND SPECIALIZATION
ADIPOGENESIS	0.001487411035	0.006625740066	KIRP	S6	GROWTH AND SPECIALIZATION
ADIPOGENESIS	1.55E-02	7.76E-02	LUAD	S1	GROWTH AND SPECIALIZATION
ADIPOGENESIS	0.0490263598	0.245131799	SARC	S5	GROWTH AND SPECIALIZATION
ADIPOGENESIS	6.79E-04	0.006789085625	CHOL	S9	GROWTH AND SPECIALIZATION
ADIPOGENESIS	0.04376012966	0.3573743922	KICH	S13	GROWTH AND SPECIALIZATION
ADIPOGENESIS	0.04303510759	0.2689694224	PRAD	S5	GROWTH AND SPECIALIZATION
ADIPOGENESIS	2.95E-02	1.64E-01	OV	S2	GROWTH AND SPECIALIZATION
ALLOGRAFT_REJECTION	0.001319430436	0.0329857609	STAD	S2	IMMUNE RESPONSE AND INFLAMMATION
ALLOGRAFT_REJECTION	0.003318663502	0.05531105837	PRAD	S6	IMMUNE RESPONSE AND INFLAMMATION
ALLOGRAFT_REJECTION	0.02371120532	0.1481950333	BRCA	S2	IMMUNE RESPONSE AND INFLAMMATION
ALLOGRAFT_REJECTION	0.03999510584	0.1110975162	COAD	S8	IMMUNE RESPONSE AND INFLAMMATION
ALLOGRAFT_REJECTION	3.67E-02	1.12E-01	SARC	S2	IMMUNE RESPONSE AND INFLAMMATION
ALLOGRAFT_REJECTION	1.52E-03	1.08E-02	LUSC	S5	IMMUNE RESPONSE AND INFLAMMATION
ALLOGRAFT_REJECTION	1.52E-02	6.40E-02	THYM	S3	IMMUNE RESPONSE AND INFLAMMATION
ALLOGRAFT_REJECTION	9.28E-04	1.44E-02	READ	S7	IMMUNE RESPONSE AND INFLAMMATION
ALLOGRAFT_REJECTION	0.008348600341	0.02608937607	CESC	S2	IMMUNE RESPONSE AND INFLAMMATION
ALLOGRAFT_REJECTION	0.005271563926	0.06589454908	THCA	S2	IMMUNE RESPONSE AND INFLAMMATION
ALLOGRAFT_REJECTION	0.006163251175	0.03774991345	DLBC	S12	IMMUNE RESPONSE AND INFLAMMATION
ALLOGRAFT_REJECTION	7.53E-06	1.26E-04	PAAD	S8	IMMUNE RESPONSE AND INFLAMMATION
ALLOGRAFT_REJECTION	4.38E-02	1.53E-01	KICH	S11	IMMUNE RESPONSE AND INFLAMMATION
ALLOGRAFT_REJECTION	3.68E-02	1.89E-01	GBM	S9	IMMUNE RESPONSE AND INFLAMMATION
ALLOGRAFT_REJECTION	0.04293785311	0.1651455889	LGG	S8	IMMUNE RESPONSE AND INFLAMMATION
ANDROGEN_RESPONSE	0.03524188611	0.2071005917	PAAD	S9	HORMONE
ANDROGEN_RESPONSE	1.97E-02	0.05789751604	STAD	S6	HORMONE
ANDROGEN_RESPONSE	1.31E-03	0.009192805532	SKCM	S5	HORMONE
ANDROGEN_RESPONSE	0.0009212373881	0.0230309347	PRAD	S4	HORMONE
ANDROGEN_RESPONSE	0.006619473327	0.06069730527	LGG	S2	HORMONE
ANDROGEN_RESPONSE	1.31E-03	5.03E-03	UCS	S7	HORMONE
ANDROGEN_RESPONSE	0.01060060481	0.05830332648	THYM	S1	HORMONE
ANDROGEN_RESPONSE	0.00588789392	0.01923378681	DLBC	S5	HORMONE
ANDROGEN_RESPONSE	5.47E-03	5.47E-02	ACC	S1	HORMONE
ANDROGEN_RESPONSE	1.18E-03	0.0115780722	MESO	S1	HORMONE
ANDROGEN_RESPONSE	2.97E-05	0.0007430335384	PRAD	S2	HORMONE
ANDROGEN_RESPONSE	1.15E-03	0.006400263204	GBM	S11	HORMONE
ANDROGEN_RESPONSE	0.03472057614	0.1841329966	SARC	S6	HORMONE
ANGIOGENESIS	0.0003487143884	0.001341209186	TGCT	S1	GROWTH AND SPECIALIZATION
ANGIOGENESIS	1.54E-02	7.71E-02	UCS	S11	GROWTH AND SPECIALIZATION
ANGIOGENESIS	1.42E-04	1.75E-03	DLBC	S5	GROWTH AND SPECIALIZATION
ANGIOGENESIS	0.02995246328	0.4242424242	UVM	S6	GROWTH AND SPECIALIZATION
ANGIOGENESIS	4.66E-02	2.61E-01	THCA	S3	GROWTH AND SPECIALIZATION
ANGIOGENESIS	0.03207017617	0.1457735281	KIRC	S8	GROWTH AND SPECIALIZATION
ANGIOGENESIS	0.03753912669	0.1179801124	THYM	S1	GROWTH AND SPECIALIZATION
ANGIOGENESIS	0.02934082269	0.1333673759	LGG	S2	GROWTH AND SPECIALIZATION
ANGIOGENESIS	1.94E-05	0.0002372460068	SKCM	S5	GROWTH AND SPECIALIZATION
ANGIOGENESIS	2.23E-02	0.4230103374	KICH	S7	GROWTH AND SPECIALIZATION
APICAL_JUNCTION	2.42E-02	1.21E-01	LGG	S2	APICAL JUNCTION
APICAL_JUNCTION	0.006897055243	0.1149509207	PRAD	S7	APICAL JUNCTION
APICAL_JUNCTION	4.80E-04	3.17E-03	DLBC	S5	APICAL JUNCTION
APICAL_JUNCTION	0.02720558379	0.05737446787	UCS	S7	APICAL JUNCTION
APICAL_JUNCTION	0.004629426157	0.02571903421	BRCA	S8	APICAL JUNCTION
APICAL_JUNCTION	1.35E-03	0.01124858301	READ	S2	APICAL JUNCTION
APICAL_JUNCTION	3.53E-02	0.261350825	THCA	S3	APICAL JUNCTION
APICAL_JUNCTION	1.72E-02	3.91E-02	GBM	S11	APICAL JUNCTION
APICAL_JUNCTION	1.10E-07	5.50E-06	PAAD	S12	APICAL JUNCTION
APICAL_JUNCTION	0.0006496395064	0.007958083954	KIRP	S4	APICAL JUNCTION
APICAL_JUNCTION	0.0003501313713	0.01715643719	LAML	S2	APICAL JUNCTION
APICAL_JUNCTION	8.60E-03	5.84E-02	PAAD	S1	APICAL JUNCTION
APICAL_JUNCTION	0.0001648544857	0.001373787381	KIRC	S12	APICAL JUNCTION
APICAL_JUNCTION	0.002192885138	0.01827404281	COAD	S9	APICAL JUNCTION
APICAL_JUNCTION	2.18E-06	1.09E-05	TGCT	S1	APICAL JUNCTION
APICAL_JUNCTION	3.18E-03	0.03179308382	GBM	S7	APICAL JUNCTION
APICAL_JUNCTION	0.0006866167001	0.01121473943	MESO	S1	APICAL JUNCTION
APICAL_JUNCTION	0.002886877397	0.01804298373	CHOL	S1	APICAL JUNCTION
APICAL_JUNCTION	3.75E-04	4.60E-03	HNSC	S2	APICAL JUNCTION
APICAL_JUNCTION	7.67E-06	0.000191865576	LUAD	S3	APICAL JUNCTION
APICAL_JUNCTION	1.10E-08	2.74E-07	STAD	S6	APICAL JUNCTION
APICAL_JUNCTION	0.0001667919241	0.002779865402	BLCA	S4	APICAL JUNCTION
APICAL_JUNCTION	1.73E-07	2.89E-06	CESC	S2	APICAL JUNCTION
APICAL_JUNCTION	0.04077842347	0.2038921174	READ	S9	APICAL JUNCTION
APICAL_JUNCTION	0.0005760810909	0.00941711877	ESCA	S7	APICAL JUNCTION
APICAL_JUNCTION	0.02545673828	0.1260078166	DLBC	S10	APICAL JUNCTION
APICAL_SURFACE	1.97E-02	7.39E-02	LUAD	S7	APICAL SURFACE
APICAL_SURFACE	5.61E-03	0.0560701398	KIRC	S5	APICAL SURFACE
APICAL_SURFACE	0.0005752150248	0.005752150248	SARC	S2	APICAL SURFACE
APICAL_SURFACE	0.01964366653	0.1091314807	READ	S5	APICAL SURFACE
APOPTOSIS	0.008286821642	0.0376673711	READ	S8	CELL CYCLE AND APOPTOSIS
APOPTOSIS	2.67E-05	0.0006550392273	DLBC	S7	CELL CYCLE AND APOPTOSIS
APOPTOSIS	0.002795040711	0.01746900444	THCA	S1	CELL CYCLE AND APOPTOSIS
APOPTOSIS	6.16E-06	2.80E-05	TGCT	S1	CELL CYCLE AND APOPTOSIS
APOPTOSIS	1.83E-02	7.63E-02	PAAD	S12	CELL CYCLE AND APOPTOSIS
APOPTOSIS	0.0108259025	0.03007195139	GBM	S11	CELL CYCLE AND APOPTOSIS
APOPTOSIS	0.01198782441	0.05449011096	UCEC	S1	CELL CYCLE AND APOPTOSIS
APOPTOSIS	3.13E-03	2.60E-02	CHOL	S12	CELL CYCLE AND APOPTOSIS
BILE_ACID_METABOLISM	8.61E-05	0.0008758520758	THCA	S7	METABOLISM
BILE_ACID_METABOLISM	0.004874328429	0.03046455268	CHOL	S9	METABOLISM
BILE_ACID_METABOLISM	0.004790477512	0.04130078873	KIRC	S8	METABOLISM
BILE_ACID_METABOLISM	0.000183636295	0.00183636295	PAAD	S3	METABOLISM
BILE_ACID_METABOLISM	0.0006191582788	0.007584688915	LIHC	S5	METABOLISM
BILE_ACID_METABOLISM	6.48E-06	5.29E-05	KIRP	S6	METABOLISM
CHOLESTEROL_HOMEOSTASIS	4.44E-02	0.1813322368	DLBC	S10	METABOLISM
CHOLESTEROL_HOMEOSTASIS	0.001323907774	0.01323907774	READ	S5	METABOLISM
CHOLESTEROL_HOMEOSTASIS	0.04639175258	0.1932989691	OV	S2	METABOLISM
COAGULATION	0.001185973034	0.01937089289	LIHC	S7	IMMUNE RESPONSE AND INFLAMMATION
COAGULATION	1.59E-04	1.56E-03	SKCM	S5	IMMUNE RESPONSE AND INFLAMMATION
COAGULATION	0.008205588072	0.0376673711	READ	S8	IMMUNE RESPONSE AND INFLAMMATION
COAGULATION	0.0004440719284	0.006078644438	LAML	S5	IMMUNE RESPONSE AND INFLAMMATION
COAGULATION	6.50E-11	1.62E-09	TGCT	S1	IMMUNE RESPONSE AND INFLAMMATION
COAGULATION	1.12E-06	5.49E-05	DLBC	S7	IMMUNE RESPONSE AND INFLAMMATION
COAGULATION	0.01084487206	0.06069730527	LGG	S2	IMMUNE RESPONSE AND INFLAMMATION
COAGULATION	0.00745165736	0.07153591066	MESO	S4	IMMUNE RESPONSE AND INFLAMMATION
COAGULATION	0.004141065179	0.0138035506	UCS	S7	IMMUNE RESPONSE AND INFLAMMATION
COAGULATION	0.007958702782	0.03899764363	HNSC	S2	IMMUNE RESPONSE AND INFLAMMATION
COAGULATION	5.40E-05	0.0004500222761	CESC	S2	IMMUNE RESPONSE AND INFLAMMATION
COAGULATION	5.25E-03	3.28E-02	COAD	S9	IMMUNE RESPONSE AND INFLAMMATION
COAGULATION	1.20E-04	2.00E-03	KIRC	S8	IMMUNE RESPONSE AND INFLAMMATION
COAGULATION	0.004728495693	0.02896203612	LIHC	S5	IMMUNE RESPONSE AND INFLAMMATION
COAGULATION	0.01325520268	0.261350825	THCA	S3	IMMUNE RESPONSE AND INFLAMMATION
COAGULATION	0.04525547445	0.1344537815	OV	S6	IMMUNE RESPONSE AND INFLAMMATION
COAGULATION	0.0009586093173	0.009586093173	UCS	S11	IMMUNE RESPONSE AND INFLAMMATION
COAGULATION	1.91E-03	0.01367340719	SARC	S2	IMMUNE RESPONSE AND INFLAMMATION
COMPLEMENT	0.0004174364741	0.002907595495	PAAD	S8	IMMUNE RESPONSE AND INFLAMMATION
COMPLEMENT	0.005304516431	0.1299606526	UVM	S3	IMMUNE RESPONSE AND INFLAMMATION
COMPLEMENT	2.98E-03	1.86E-02	UCEC	S1	IMMUNE RESPONSE AND INFLAMMATION
COMPLEMENT	1.07E-03	0.008902989156	LUSC	S5	IMMUNE RESPONSE AND INFLAMMATION
COMPLEMENT	2.50E-07	6.13E-06	DLBC	S12	IMMUNE RESPONSE AND INFLAMMATION
COMPLEMENT	5.53E-06	0.0002708669723	LAML	S3	IMMUNE RESPONSE AND INFLAMMATION
COMPLEMENT	0.0006142874631	0.00285343267	UCS	S7	IMMUNE RESPONSE AND INFLAMMATION
COMPLEMENT	5.37E-05	8.77E-04	DLBC	S7	IMMUNE RESPONSE AND INFLAMMATION
COMPLEMENT	0.01092551495	0.06069730527	LGG	S2	IMMUNE RESPONSE AND INFLAMMATION
COMPLEMENT	0.0004393419622	0.002196709811	CESC	S2	IMMUNE RESPONSE AND INFLAMMATION
COMPLEMENT	9.81E-04	6.13E-03	GBM	S11	IMMUNE RESPONSE AND INFLAMMATION
COMPLEMENT	2.26E-03	1.89E-02	CHOL	S9	IMMUNE RESPONSE AND INFLAMMATION
COMPLEMENT	1.12E-06	7.03E-06	TGCT	S1	IMMUNE RESPONSE AND INFLAMMATION
COMPLEMENT	1.40E-02	8.74E-02	CESC	S1	IMMUNE RESPONSE AND INFLAMMATION
COMPLEMENT	0.004965317825	0.05991641661	STAD	S1	IMMUNE RESPONSE AND INFLAMMATION
COMPLEMENT	0.004841727353	0.06589454908	THCA	S2	IMMUNE RESPONSE AND INFLAMMATION
DNA_REPAIR	1.61E-03	0.0057445491	UCS	S8	STRESS
DNA_REPAIR	0.002600166095	0.0144453672	GBM	S2	STRESS
DNA_REPAIR	0.01061918959	0.06898020039	BRCA	S4	STRESS
DNA_REPAIR	0.0002641713328	0.00269402279	THCA	S5	STRESS
DNA_REPAIR	0.001603645631	0.02004557039	PCPG	S3	STRESS
DNA_REPAIR	4.94E-04	5.19E-03	THYM	S3	STRESS
DNA_REPAIR	1.84E-03	1.31E-02	CHOL	S3	STRESS
DNA_REPAIR	0.008796174122	0.03665072551	PAAD	S11	STRESS
DNA_REPAIR	0.004478234032	0.04926057435	READ	S4	STRESS
DNA_REPAIR	0.02071979499	0.1128077727	SKCM	S1	STRESS
DNA_REPAIR	0.001035974064	0.01672685965	BLCA	S3	STRESS
DNA_REPAIR	0.001978557576	0.02275341212	CESC	S7	STRESS
DNA_REPAIR	0.000649745421	0.01082909035	UCEC	S4	STRESS
DNA_REPAIR	0.0002729397975	0.001705873734	OV	S3	STRESS
DNA_REPAIR	0.0005360720866	0.00328344153	KIRP	S2	STRESS
DNA_REPAIR	1.98E-02	0.1083093974	STAD	S9	STRESS
DNA_REPAIR	0.005311238555	0.01530886407	DLBC	S6	STRESS
DNA_REPAIR	0.02701549909	0.1260078166	DLBC	S10	STRESS
DNA_REPAIR	0.001396857677	0.02141848438	HNSC	S10	STRESS
DNA_REPAIR	0.005945832438	0.04954860365	SARC	S1	STRESS
DNA_REPAIR	0.01111126958	0.05829801464	LAML	S6	STRESS
DNA_REPAIR	0.001356222205	0.02260370341	PRAD	S5	STRESS
DNA_REPAIR	6.84E-03	0.03108684111	COAD	S8	STRESS
DNA_REPAIR	0.02069050602	0.07389466437	LUAD	S7	STRESS
E2F_TARGETS	0.0001116717476	0.003470526613	LGG	S10	PROLIFERATION
E2F_TARGETS	1.74E-03	0.01087320394	COAD	S8	PROLIFERATION
E2F_TARGETS	9.43E-05	0.004713548616	STAD	S4	PROLIFERATION
E2F_TARGETS	7.10E-05	0.001183487803	LUSC	S6	PROLIFERATION
E2F_TARGETS	1.92E-13	9.62E-12	READ	S5	PROLIFERATION
E2F_TARGETS	0.02428467541	0.121423377	ESCA	S9	PROLIFERATION
E2F_TARGETS	9.59E-03	4.27E-02	HNSC	S2	PROLIFERATION
E2F_TARGETS	0.001393800649	0.01393800649	COAD	S4	PROLIFERATION
E2F_TARGETS	4.81E-07	1.18E-05	KICH	S12	PROLIFERATION
E2F_TARGETS	6.90E-05	0.0005754137546	GBM	S8	PROLIFERATION
E2F_TARGETS	2.76E-03	3.13E-02	DLBC	S10	PROLIFERATION
E2F_TARGETS	1.63E-06	4.00E-05	DLBC	S4	PROLIFERATION
E2F_TARGETS	0.0001220449891	0.002990102233	LAML	S3	PROLIFERATION
E2F_TARGETS	1.84E-07	3.07E-06	ESCA	S6	PROLIFERATION
E2F_TARGETS	1.08E-08	2.70E-07	UCS	S3	PROLIFERATION
E2F_TARGETS	4.16E-06	1.04E-04	PRAD	S6	PROLIFERATION
E2F_TARGETS	8.42E-19	4.21E-17	BLCA	S1	PROLIFERATION
E2F_TARGETS	3.61E-06	1.77E-04	HNSC	S3	PROLIFERATION
E2F_TARGETS	3.35E-02	1.39E-01	LUAD	S10	PROLIFERATION
E2F_TARGETS	0.0009929275068	0.009929275068	COAD	S6	PROLIFERATION
E2F_TARGETS	6.70E-11	3.35E-09	BRCA	S11	PROLIFERATION
E2F_TARGETS	0.01256884043	0.06118058602	MESO	S8	PROLIFERATION
E2F_TARGETS	2.53E-03	1.81E-02	BRCA	S8	PROLIFERATION
E2F_TARGETS	3.43E-03	3.43E-02	CHOL	S10	PROLIFERATION
E2F_TARGETS	2.25E-04	1.60E-03	OV	S3	PROLIFERATION
E2F_TARGETS	5.15E-17	2.57E-15	LUAD	S6	PROLIFERATION
E2F_TARGETS	1.79E-14	8.97E-13	SARC	S6	PROLIFERATION
E2F_TARGETS	9.70E-04	9.51E-03	KIRP	S4	PROLIFERATION
E2F_TARGETS	4.80E-06	4.00E-05	TGCT	S3	PROLIFERATION
EPITHELIAL_MESENCHYMAL_TRANSITION	2.95E-11	1.47E-09	CHOL	S12	DEVELOPMENT AND DIFFERENTIATION
EPITHELIAL_MESENCHYMAL_TRANSITION	4.56E-12	2.28E-10	SARC	S2	DEVELOPMENT AND DIFFERENTIATION
EPITHELIAL_MESENCHYMAL_TRANSITION	1.92E-06	4.79E-05	KIRC	S12	DEVELOPMENT AND DIFFERENTIATION
EPITHELIAL_MESENCHYMAL_TRANSITION	0.0004641627699	0.004641627699	READ	S2	DEVELOPMENT AND DIFFERENTIATION
EPITHELIAL_MESENCHYMAL_TRANSITION	0.01373441727	0.06118058602	MESO	S8	DEVELOPMENT AND DIFFERENTIATION
EPITHELIAL_MESENCHYMAL_TRANSITION	0.0172231867	0.06491816526	LIHC	S5	DEVELOPMENT AND DIFFERENTIATION
EPITHELIAL_MESENCHYMAL_TRANSITION	6.76E-12	3.31E-10	SKCM	S5	DEVELOPMENT AND DIFFERENTIATION
EPITHELIAL_MESENCHYMAL_TRANSITION	0.007058610798	0.01990351833	UCS	S7	DEVELOPMENT AND DIFFERENTIATION
EPITHELIAL_MESENCHYMAL_TRANSITION	1.01E-02	0.05065332383	THCA	S1	DEVELOPMENT AND DIFFERENTIATION
EPITHELIAL_MESENCHYMAL_TRANSITION	8.85E-08	4.42E-06	PAAD	S8	DEVELOPMENT AND DIFFERENTIATION
EPITHELIAL_MESENCHYMAL_TRANSITION	0.03331554196	0.08767247884	OV	S8	DEVELOPMENT AND DIFFERENTIATION
EPITHELIAL_MESENCHYMAL_TRANSITION	4.98E-04	4.15E-03	READ	S8	DEVELOPMENT AND DIFFERENTIATION
EPITHELIAL_MESENCHYMAL_TRANSITION	2.97E-13	1.49E-11	CESC	S2	DEVELOPMENT AND DIFFERENTIATION
EPITHELIAL_MESENCHYMAL_TRANSITION	0.009013474817	0.06069730527	LGG	S2	DEVELOPMENT AND DIFFERENTIATION
EPITHELIAL_MESENCHYMAL_TRANSITION	0.01204339689	0.05474271315	COAD	S9	DEVELOPMENT AND DIFFERENTIATION
EPITHELIAL_MESENCHYMAL_TRANSITION	1.07E-07	5.36E-06	ESCA	S7	DEVELOPMENT AND DIFFERENTIATION
EPITHELIAL_MESENCHYMAL_TRANSITION	4.96E-04	6.08E-03	LAML	S5	DEVELOPMENT AND DIFFERENTIATION
EPITHELIAL_MESENCHYMAL_TRANSITION	1.54E-04	0.002779865402	BLCA	S4	DEVELOPMENT AND DIFFERENTIATION
EPITHELIAL_MESENCHYMAL_TRANSITION	5.66E-06	2.78E-04	HNSC	S2	DEVELOPMENT AND DIFFERENTIATION
EPITHELIAL_MESENCHYMAL_TRANSITION	4.10E-22	2.05E-20	TGCT	S1	DEVELOPMENT AND DIFFERENTIATION
EPITHELIAL_MESENCHYMAL_TRANSITION	9.12E-11	4.56E-09	UCS	S11	DEVELOPMENT AND DIFFERENTIATION
EPITHELIAL_MESENCHYMAL_TRANSITION	0.0008772914329	0.04298728021	UVM	S3	DEVELOPMENT AND DIFFERENTIATION
EPITHELIAL_MESENCHYMAL_TRANSITION	9.45E-13	2.65E-11	KIRP	S4	DEVELOPMENT AND DIFFERENTIATION
EPITHELIAL_MESENCHYMAL_TRANSITION	2.82E-09	1.41E-07	STAD	S6	DEVELOPMENT AND DIFFERENTIATION
EPITHELIAL_MESENCHYMAL_TRANSITION	5.19E-14	2.59E-12	GBM	S7	DEVELOPMENT AND DIFFERENTIATION
EPITHELIAL_MESENCHYMAL_TRANSITION	2.73E-02	2.61E-01	THCA	S3	DEVELOPMENT AND DIFFERENTIATION
EPITHELIAL_MESENCHYMAL_TRANSITION	5.72E-03	4.00E-02	DLBC	S7	DEVELOPMENT AND DIFFERENTIATION
EPITHELIAL_MESENCHYMAL_TRANSITION	1.24E-17	6.09E-16	DLBC	S5	DEVELOPMENT AND DIFFERENTIATION
EPITHELIAL_MESENCHYMAL_TRANSITION	1.91E-05	2.92E-04	LUAD	S3	DEVELOPMENT AND DIFFERENTIATION
EPITHELIAL_MESENCHYMAL_TRANSITION	0.009590259529	0.05343133693	PCPG	S3	DEVELOPMENT AND DIFFERENTIATION
EPITHELIAL_MESENCHYMAL_TRANSITION	0.002491732974	0.01804298373	CHOL	S1	DEVELOPMENT AND DIFFERENTIATION
EPITHELIAL_MESENCHYMAL_TRANSITION	1.03E-04	0.001719658026	BRCA	S8	DEVELOPMENT AND DIFFERENTIATION
EPITHELIAL_MESENCHYMAL_TRANSITION	0.001196272884	0.008544806313	PAAD	S12	DEVELOPMENT AND DIFFERENTIATION
EPITHELIAL_MESENCHYMAL_TRANSITION	0.0001388210645	0.003470526613	LGG	S10	DEVELOPMENT AND DIFFERENTIATION
EPITHELIAL_MESENCHYMAL_TRANSITION	0.0009636529639	0.005902374404	KIRP	S3	DEVELOPMENT AND DIFFERENTIATION
ESTROGEN_RESPONSE_EARLY	0.01594007678	0.09962547989	PAAD	S10	HORMONE
ESTROGEN_RESPONSE_EARLY	0.001662677445	0.00755762475	GBM	S11	HORMONE
ESTROGEN_RESPONSE_EARLY	5.03E-03	0.04919115432	LAML	S7	HORMONE
ESTROGEN_RESPONSE_EARLY	0.001567981366	0.01959976708	CESC	S1	HORMONE
ESTROGEN_RESPONSE_EARLY	3.42E-05	2.85E-04	UCS	S7	HORMONE
ESTROGEN_RESPONSE_EARLY	0.003484512909	0.05466042714	ACC	S1	HORMONE
ESTROGEN_RESPONSE_EARLY	4.20E-04	0.004118724784	KIRP	S3	HORMONE
ESTROGEN_RESPONSE_EARLY	0.04750600197	0.3355930764	PRAD	S2	HORMONE
ESTROGEN_RESPONSE_EARLY	0.01086758539	0.06069730527	LGG	S2	HORMONE
ESTROGEN_RESPONSE_EARLY	1.50E-05	0.0001878159437	KIRC	S12	HORMONE
ESTROGEN_RESPONSE_EARLY	2.56E-02	6.98E-02	DLBC	S5	HORMONE
ESTROGEN_RESPONSE_EARLY	4.09E-03	0.06589454908	THCA	S2	HORMONE
ESTROGEN_RESPONSE_EARLY	0.01435631003	0.07178155017	LUSC	S2	HORMONE
ESTROGEN_RESPONSE_EARLY	0.009336725945	0.05835453716	PAAD	S1	HORMONE
ESTROGEN_RESPONSE_EARLY	0.00446670703	0.02791691894	BRCA	S12	HORMONE
ESTROGEN_RESPONSE_EARLY	0.004044364481	0.02831055137	LIHC	S5	HORMONE
ESTROGEN_RESPONSE_EARLY	1.08E-05	0.0001807377007	BRCA	S6	HORMONE
ESTROGEN_RESPONSE_EARLY	0.0002401083254	0.004001805423	BRCA	S10	HORMONE
ESTROGEN_RESPONSE_EARLY	0.01337876374	0.04778129906	STAD	S6	HORMONE
ESTROGEN_RESPONSE_LATE	0.02682150409	0.1687592818	LUAD	S9	HORMONE
ESTROGEN_RESPONSE_LATE	0.002668591519	0.02642620928	CESC	S1	HORMONE
ESTROGEN_RESPONSE_LATE	0.03402584035	0.1546629107	PAAD	S1	HORMONE
ESTROGEN_RESPONSE_LATE	2.76E-02	1.21E-01	LUSC	S2	HORMONE
ESTROGEN_RESPONSE_LATE	0.008908777922	0.05652542387	BRCA	S6	HORMONE
ESTROGEN_RESPONSE_LATE	0.004345913976	0.0266187231	MESO	S1	HORMONE
ESTROGEN_RESPONSE_LATE	0.0003424114249	0.002424270221	UCS	S7	HORMONE
ESTROGEN_RESPONSE_LATE	1.60E-03	1.79E-02	COAD	S9	HORMONE
ESTROGEN_RESPONSE_LATE	8.26E-03	0.06360887579	ACC	S1	HORMONE
ESTROGEN_RESPONSE_LATE	3.67E-05	0.0006119007927	UCEC	S1	HORMONE
ESTROGEN_RESPONSE_LATE	0.0001311019449	0.001605998826	KIRP	S3	HORMONE
ESTROGEN_RESPONSE_LATE	7.84E-04	7.84E-03	OV	S6	HORMONE
ESTROGEN_RESPONSE_LATE	3.49E-02	2.85E-01	CHOL	S8	HORMONE
ESTROGEN_RESPONSE_LATE	0.0001781041848	0.0007421007702	TGCT	S1	HORMONE
FATTY_ACID_METABOLISM	2.91E-02	0.283920342	DLBC	S11	METABOLISM
FATTY_ACID_METABOLISM	0.0006264249874	0.006099025708	LUAD	S1	METABOLISM
FATTY_ACID_METABOLISM	6.14E-06	5.29E-05	KIRP	S6	METABOLISM
FATTY_ACID_METABOLISM	6.41E-03	7.85E-02	LAML	S3	METABOLISM
FATTY_ACID_METABOLISM	1.05E-02	0.04787268377	GBM	S2	METABOLISM
FATTY_ACID_METABOLISM	3.69E-03	3.69E-02	PCPG	S3	METABOLISM
FATTY_ACID_METABOLISM	0.02575975138	0.1262227817	SKCM	S1	METABOLISM
FATTY_ACID_METABOLISM	0.00128987109	0.00644935545	OV	S3	METABOLISM
FATTY_ACID_METABOLISM	1.65E-03	1.35E-02	LIHC	S5	METABOLISM
FATTY_ACID_METABOLISM	0.001136130873	0.02271368942	CESC	S3	METABOLISM
FATTY_ACID_METABOLISM	0.01048938897	0.05577312601	THYM	S3	METABOLISM
FATTY_ACID_METABOLISM	0.002192433679	0.008432437227	TGCT	S3	METABOLISM
FATTY_ACID_METABOLISM	1.02E-02	5.66E-02	CHOL	S9	METABOLISM
FATTY_ACID_METABOLISM	0.02487230713	0.1331444578	LUSC	S3	METABOLISM
G2M_CHECKPOINT	1.50E-04	1.84E-03	KICH	S12	PROLIFERATION
G2M_CHECKPOINT	2.19E-02	7.31E-02	OV	S8	PROLIFERATION
G2M_CHECKPOINT	8.94E-08	1.12E-06	BRCA	S11	PROLIFERATION
G2M_CHECKPOINT	1.60E-11	4.01E-10	READ	S5	PROLIFERATION
G2M_CHECKPOINT	2.01E-12	5.02E-11	BLCA	S1	PROLIFERATION
G2M_CHECKPOINT	1.91E-08	9.36E-07	DLBC	S4	PROLIFERATION
G2M_CHECKPOINT	1.01E-02	4.60E-02	BRCA	S8	PROLIFERATION
G2M_CHECKPOINT	3.26E-03	1.81E-02	PAAD	S12	PROLIFERATION
G2M_CHECKPOINT	1.27E-05	0.0006345805366	COAD	S4	PROLIFERATION
G2M_CHECKPOINT	2.71E-09	6.79E-08	GBM	S8	PROLIFERATION
G2M_CHECKPOINT	1.26E-03	0.02096008296	STAD	S4	PROLIFERATION
G2M_CHECKPOINT	1.21E-05	6.06E-04	COAD	S6	PROLIFERATION
G2M_CHECKPOINT	3.21E-03	0.01234303326	ESCA	S6	PROLIFERATION
G2M_CHECKPOINT	2.13E-03	1.33E-02	LUAD	S3	PROLIFERATION
G2M_CHECKPOINT	8.28E-03	2.76E-02	CESC	S5	PROLIFERATION
G2M_CHECKPOINT	0.01684247487	0.06015169595	ESCA	S7	PROLIFERATION
G2M_CHECKPOINT	0.01334139412	0.05131305432	KIRC	S12	PROLIFERATION
G2M_CHECKPOINT	8.10E-05	1.32E-03	KIRP	S4	PROLIFERATION
G2M_CHECKPOINT	0.03076982877	0.09834093798	BLCA	S4	PROLIFERATION
G2M_CHECKPOINT	1.16E-06	1.93E-05	UCS	S3	PROLIFERATION
G2M_CHECKPOINT	7.13E-11	1.78E-09	SARC	S6	PROLIFERATION
G2M_CHECKPOINT	7.01E-15	1.75E-13	LUAD	S6	PROLIFERATION
GLYCOLYSIS	1.38E-03	7.92E-03	KIRC	S12	METABOLISM
GLYCOLYSIS	4.26E-02	1.78E-01	CESC	S1	METABOLISM
GLYCOLYSIS	3.55E-05	5.92E-04	PAAD	S12	METABOLISM
GLYCOLYSIS	5.54E-03	2.72E-02	KIRP	S4	METABOLISM
GLYCOLYSIS	1.47E-03	6.66E-03	TGCT	S3	METABOLISM
GLYCOLYSIS	0.0006277551874	0.00285343267	UCS	S7	METABOLISM
GLYCOLYSIS	2.33E-05	2.92E-04	LUAD	S3	METABOLISM
GLYCOLYSIS	3.80E-02	4.24E-01	UVM	S6	METABOLISM
HEDGEHOG_SIGNALING	9.22E-03	5.39E-02	PCPG	S1	DEVELOPMENT AND DIFFERENTIATION
HEDGEHOG_SIGNALING	0.00826357033	0.03443154304	LUAD	S4	DEVELOPMENT AND DIFFERENTIATION
HEDGEHOG_SIGNALING	0.001844389684	0.007531257875	DLBC	S5	DEVELOPMENT AND DIFFERENTIATION
HEDGEHOG_SIGNALING	0.000941711877	0.00941711877	ESCA	S7	DEVELOPMENT AND DIFFERENTIATION
HEDGEHOG_SIGNALING	4.49E-02	2.85E-01	CHOL	S8	DEVELOPMENT AND DIFFERENTIATION
HEDGEHOG_SIGNALING	3.39E-02	1.18E-01	THYM	S1	DEVELOPMENT AND DIFFERENTIATION
HEDGEHOG_SIGNALING	1.74E-02	5.41E-02	PAAD	S3	DEVELOPMENT AND DIFFERENTIATION
HEDGEHOG_SIGNALING	0.0006641296237	0.01630915081	LGG	S3	DEVELOPMENT AND DIFFERENTIATION
HEDGEHOG_SIGNALING	6.49E-03	0.04059129582	READ	S9	DEVELOPMENT AND DIFFERENTIATION
HEDGEHOG_SIGNALING	0.009622890078	0.05652414432	MESO	S8	DEVELOPMENT AND DIFFERENTIATION
HEDGEHOG_SIGNALING	4.63E-02	1.94E-01	GBM	S3	DEVELOPMENT AND DIFFERENTIATION
HEDGEHOG_SIGNALING	3.17E-02	2.22E-01	LAML	S2	DEVELOPMENT AND DIFFERENTIATION
HEME_METABOLISM	3.72E-02	2.33E-01	KIRC	S5	METABOLISM
HEME_METABOLISM	1.29E-02	5.86E-02	GBM	S5	METABOLISM
HEME_METABOLISM	0.01554789035	0.03737680889	UCS	S7	METABOLISM
HEME_METABOLISM	0.03078528413	0.2846542417	CHOL	S8	METABOLISM
HYPOXIA	1.96E-05	2.45E-04	KIRC	S1	STRESS
HYPOXIA	5.17E-04	3.17E-03	DLBC	S5	STRESS
HYPOXIA	4.55E-05	0.0005687814867	OV	S6	STRESS
HYPOXIA	0.004247949895	0.0210427625	BRCA	S11	STRESS
HYPOXIA	0.001138929105	0.008135207891	THCA	S1	STRESS
HYPOXIA	0.0001062175048	0.001770291746	CHOL	S12	STRESS
HYPOXIA	4.89E-02	3.05E-01	LGG	S10	STRESS
HYPOXIA	0.001051327539	0.007359292776	HNSC	S2	STRESS
HYPOXIA	1.04E-07	2.55E-06	KIRP	S3	STRESS
HYPOXIA	4.77E-04	0.005963027879	BLCA	S4	STRESS
HYPOXIA	7.05E-05	8.82E-04	READ	S8	STRESS
HYPOXIA	2.91E-04	0.001817626253	CESC	S2	STRESS
HYPOXIA	1.07E-02	5.34E-02	PCPG	S3	STRESS
HYPOXIA	4.74E-08	1.18E-06	GBM	S11	STRESS
HYPOXIA	0.000114662537	0.00114662537	LUAD	S3	STRESS
HYPOXIA	1.93E-05	0.0004822899272	PAAD	S12	STRESS
HYPOXIA	4.08E-07	1.02E-05	UCS	S7	STRESS
HYPOXIA	0.00691620653	0.0384996567	STAD	S6	STRESS
HYPOXIA	0.0007798609433	0.006498841194	LUAD	S4	STRESS
HYPOXIA	1.19E-05	0.0002971227387	ESCA	S3	STRESS
IL2_STAT5_SIGNALING	5.26E-04	0.002392393234	CESC	S2	IMMUNE RESPONSE AND INFLAMMATION
IL2_STAT5_SIGNALING	2.07E-02	0.1269971651	HNSC	S7	IMMUNE RESPONSE AND INFLAMMATION
IL2_STAT5_SIGNALING	9.77E-03	4.07E-02	STAD	S6	IMMUNE RESPONSE AND INFLAMMATION
IL2_STAT5_SIGNALING	4.49E-05	0.0004680367446	GBM	S11	IMMUNE RESPONSE AND INFLAMMATION
IL2_STAT5_SIGNALING	2.93E-02	0.07173693116	DLBC	S5	IMMUNE RESPONSE AND INFLAMMATION
IL2_STAT5_SIGNALING	0.01175726052	0.04738305763	READ	S8	IMMUNE RESPONSE AND INFLAMMATION
IL2_STAT5_SIGNALING	0.008254584406	0.101118659	KICH	S14	IMMUNE RESPONSE AND INFLAMMATION
IL2_STAT5_SIGNALING	0.04144362074	0.4680907173	ACC	S5	IMMUNE RESPONSE AND INFLAMMATION
IL2_STAT5_SIGNALING	0.001051768608	0.004382369201	UCS	S7	IMMUNE RESPONSE AND INFLAMMATION
IL2_STAT5_SIGNALING	0.000899150383	0.005902374404	KIRP	S3	IMMUNE RESPONSE AND INFLAMMATION
IL2_STAT5_SIGNALING	0.02429402113	0.07936046903	SKCM	S5	IMMUNE RESPONSE AND INFLAMMATION
IL6_JAK_STAT3_SIGNALING	3.99E-02	0.2033616146	MESO	S3	IMMUNE RESPONSE AND INFLAMMATION
IL6_JAK_STAT3_SIGNALING	0.01341668087	0.07453711593	ACC	S1	IMMUNE RESPONSE AND INFLAMMATION
IL6_JAK_STAT3_SIGNALING	0.02502005676	0.0834001892	THCA	S1	IMMUNE RESPONSE AND INFLAMMATION
IL6_JAK_STAT3_SIGNALING	4.98E-02	3.04E-01	BLCA	S2	IMMUNE RESPONSE AND INFLAMMATION
IL6_JAK_STAT3_SIGNALING	2.36E-03	1.96E-02	READ	S9	IMMUNE RESPONSE AND INFLAMMATION
IL6_JAK_STAT3_SIGNALING	0.01122059634	0.05498092207	DLBC	S12	IMMUNE RESPONSE AND INFLAMMATION
IL6_JAK_STAT3_SIGNALING	0.03936016307	0.1607206659	DLBC	S4	IMMUNE RESPONSE AND INFLAMMATION
IL6_JAK_STAT3_SIGNALING	9.22E-03	2.71E-02	CESC	S2	IMMUNE RESPONSE AND INFLAMMATION
IL6_JAK_STAT3_SIGNALING	4.77E-03	1.49E-02	UCS	S7	IMMUNE RESPONSE AND INFLAMMATION
IL6_JAK_STAT3_SIGNALING	4.39E-02	1.45E-01	PCPG	S1	IMMUNE RESPONSE AND INFLAMMATION
INFLAMMATORY_RESPONSE	0.00073594289	0.003606120161	DLBC	S5	IMMUNE RESPONSE AND INFLAMMATION
INFLAMMATORY_RESPONSE	1.96E-03	1.40E-02	ESCA	S7	IMMUNE RESPONSE AND INFLAMMATION
INFLAMMATORY_RESPONSE	1.41E-06	1.76E-05	CESC	S2	IMMUNE RESPONSE AND INFLAMMATION
INFLAMMATORY_RESPONSE	8.69E-05	0.0007241976983	GBM	S11	IMMUNE RESPONSE AND INFLAMMATION
INFLAMMATORY_RESPONSE	2.00E-03	1.33E-02	LUAD	S3	IMMUNE RESPONSE AND INFLAMMATION
INFLAMMATORY_RESPONSE	0.001196677742	0.01196677742	BRCA	S2	IMMUNE RESPONSE AND INFLAMMATION
INFLAMMATORY_RESPONSE	0.004471157189	0.02235578595	PAAD	S12	IMMUNE RESPONSE AND INFLAMMATION
INFLAMMATORY_RESPONSE	0.001098645074	0.01794453621	MESO	S3	IMMUNE RESPONSE AND INFLAMMATION
INFLAMMATORY_RESPONSE	1.46E-03	8.54E-03	KIRC	S1	IMMUNE RESPONSE AND INFLAMMATION
INFLAMMATORY_RESPONSE	0.0003136664149	0.004599523511	HNSC	S2	IMMUNE RESPONSE AND INFLAMMATION
INFLAMMATORY_RESPONSE	0.001391594059	0.009741158412	DLBC	S12	IMMUNE RESPONSE AND INFLAMMATION
INFLAMMATORY_RESPONSE	6.93E-03	0.0384996567	STAD	S6	IMMUNE RESPONSE AND INFLAMMATION
INFLAMMATORY_RESPONSE	0.0007626250005	0.005447321432	READ	S8	IMMUNE RESPONSE AND INFLAMMATION
INFLAMMATORY_RESPONSE	0.0008825954107	0.004903307837	PAAD	S8	IMMUNE RESPONSE AND INFLAMMATION
INTERFERON_ALPHA_RESPONSE	2.76E-04	4.60E-03	GBM	S5	IMMUNE RESPONSE AND INFLAMMATION
INTERFERON_ALPHA_RESPONSE	5.90E-03	0.04131331032	LIHC	S7	IMMUNE RESPONSE AND INFLAMMATION
INTERFERON_ALPHA_RESPONSE	4.44E-02	1.71E-01	READ	S2	IMMUNE RESPONSE AND INFLAMMATION
INTERFERON_ALPHA_RESPONSE	0.01169183767	0.05208182236	LAML	S7	IMMUNE RESPONSE AND INFLAMMATION
INTERFERON_ALPHA_RESPONSE	1.77E-05	0.0002955701366	UCS	S2	IMMUNE RESPONSE AND INFLAMMATION
INTERFERON_ALPHA_RESPONSE	1.13E-05	0.0002819637832	LUAD	S7	IMMUNE RESPONSE AND INFLAMMATION
INTERFERON_ALPHA_RESPONSE	0.008588823767	0.05437123939	CHOL	S4	IMMUNE RESPONSE AND INFLAMMATION
INTERFERON_ALPHA_RESPONSE	0.006969025818	0.1117952651	LGG	S10	IMMUNE RESPONSE AND INFLAMMATION
INTERFERON_ALPHA_RESPONSE	0.003490092725	0.04362615906	OV	S9	IMMUNE RESPONSE AND INFLAMMATION
INTERFERON_ALPHA_RESPONSE	1.90E-08	4.64E-07	MESO	S3	IMMUNE RESPONSE AND INFLAMMATION
INTERFERON_ALPHA_RESPONSE	0.01335786149	0.04778129906	STAD	S6	IMMUNE RESPONSE AND INFLAMMATION
INTERFERON_ALPHA_RESPONSE	0.004704874684	0.03335382005	THYM	S3	IMMUNE RESPONSE AND INFLAMMATION
INTERFERON_ALPHA_RESPONSE	0.009948157581	0.08774480933	CESC	S7	IMMUNE RESPONSE AND INFLAMMATION
INTERFERON_ALPHA_RESPONSE	0.03463865236	0.1412420807	UCS	S11	IMMUNE RESPONSE AND INFLAMMATION
INTERFERON_ALPHA_RESPONSE	2.40E-03	1.20E-01	UCEC	S8	IMMUNE RESPONSE AND INFLAMMATION
INTERFERON_ALPHA_RESPONSE	1.68E-04	3.21E-03	PAAD	S1	IMMUNE RESPONSE AND INFLAMMATION
INTERFERON_ALPHA_RESPONSE	0.002994028553	0.02138591824	READ	S7	IMMUNE RESPONSE AND INFLAMMATION
INTERFERON_ALPHA_RESPONSE	0.0290183003	0.2220237395	LAML	S2	IMMUNE RESPONSE AND INFLAMMATION
INTERFERON_ALPHA_RESPONSE	0.03087648869	0.07204514027	KIRP	S2	IMMUNE RESPONSE AND INFLAMMATION
INTERFERON_ALPHA_RESPONSE	1.51E-02	0.05403489581	PAAD	S11	IMMUNE RESPONSE AND INFLAMMATION
INTERFERON_ALPHA_RESPONSE	5.63E-09	1.41E-07	BRCA	S2	IMMUNE RESPONSE AND INFLAMMATION
INTERFERON_ALPHA_RESPONSE	0.003019677033	0.03019677033	STAD	S9	IMMUNE RESPONSE AND INFLAMMATION
INTERFERON_GAMMA_RESPONSE	0.002535161943	0.01408423302	LUAD	S3	IMMUNE RESPONSE AND INFLAMMATION
INTERFERON_GAMMA_RESPONSE	0.00898371898	0.04001838455	KIRP	S4	IMMUNE RESPONSE AND INFLAMMATION
INTERFERON_GAMMA_RESPONSE	0.0004143442785	0.002196709811	CESC	S2	IMMUNE RESPONSE AND INFLAMMATION
INTERFERON_GAMMA_RESPONSE	0.001248697682	0.01439962655	READ	S7	IMMUNE RESPONSE AND INFLAMMATION
INTERFERON_GAMMA_RESPONSE	0.00171685075	0.01403560646	ESCA	S7	IMMUNE RESPONSE AND INFLAMMATION
INTERFERON_GAMMA_RESPONSE	3.71E-05	0.0006183829013	LUAD	S7	IMMUNE RESPONSE AND INFLAMMATION
INTERFERON_GAMMA_RESPONSE	1.65E-06	1.88E-05	DLBC	S12	IMMUNE RESPONSE AND INFLAMMATION
INTERFERON_GAMMA_RESPONSE	1.30E-07	6.51E-06	UCS	S2	IMMUNE RESPONSE AND INFLAMMATION
INTERFERON_GAMMA_RESPONSE	1.93E-02	1.07E-01	PRAD	S6	IMMUNE RESPONSE AND INFLAMMATION
INTERFERON_GAMMA_RESPONSE	4.95E-12	2.43E-10	MESO	S3	IMMUNE RESPONSE AND INFLAMMATION
INTERFERON_GAMMA_RESPONSE	0.0477199451	0.1704283754	THCA	S2	IMMUNE RESPONSE AND INFLAMMATION
INTERFERON_GAMMA_RESPONSE	1.60E-12	8.02E-11	BRCA	S2	IMMUNE RESPONSE AND INFLAMMATION
INTERFERON_GAMMA_RESPONSE	5.27E-04	5.27E-03	LUSC	S5	IMMUNE RESPONSE AND INFLAMMATION
INTERFERON_GAMMA_RESPONSE	3.97E-04	2.91E-03	PAAD	S8	IMMUNE RESPONSE AND INFLAMMATION
KRAS_SIGNALING_DN	4.42E-02	3.60E-01	STAD	S7	PROLIFERATION
KRAS_SIGNALING_DN	0.008329102022	0.1019158722	CESC	S3	PROLIFERATION
KRAS_SIGNALING_DN	0.02526624448	0.1125496345	DLBC	S9	PROLIFERATION
KRAS_SIGNALING_DN	0.03212653187	0.1749111179	LIHC	S7	PROLIFERATION
KRAS_SIGNALING_DN	1.70E-03	1.21E-02	GBM	S5	PROLIFERATION
KRAS_SIGNALING_DN	7.65E-03	6.37E-02	UCS	S5	PROLIFERATION
KRAS_SIGNALING_DN	0.03557312253	0.1778656126	LUAD	S9	PROLIFERATION
KRAS_SIGNALING_DN	0.01341726177	0.09392083237	HNSC	S7	PROLIFERATION
KRAS_SIGNALING_DN	0.0006766952688	0.01691738172	PAAD	S9	PROLIFERATION
KRAS_SIGNALING_DN	4.04E-03	3.51E-02	BLCA	S4	PROLIFERATION
KRAS_SIGNALING_DN	8.79E-03	0.06279537642	CESC	S9	PROLIFERATION
KRAS_SIGNALING_DN	0.01278004084	0.07987525525	OV	S2	PROLIFERATION
KRAS_SIGNALING_DN	3.25E-06	8.13E-05	LUSC	S2	PROLIFERATION
KRAS_SIGNALING_DN	0.001365365363	0.01706706704	ESCA	S3	PROLIFERATION
KRAS_SIGNALING_DN	6.04E-04	4.94E-03	KIRP	S3	PROLIFERATION
KRAS_SIGNALING_DN	0.0002339567244	0.005731939749	KICH	S14	PROLIFERATION
KRAS_SIGNALING_UP	8.96E-05	0.002241169306	LGG	S2	PROLIFERATION
KRAS_SIGNALING_UP	0.03131782923	0.127881136	DLBC	S9	PROLIFERATION
KRAS_SIGNALING_UP	0.01919534669	0.1066408149	ESCA	S5	PROLIFERATION
KRAS_SIGNALING_UP	0.01724483932	0.1923487191	KICH	S6	PROLIFERATION
KRAS_SIGNALING_UP	0.0004652152792	0.002907595495	PAAD	S8	PROLIFERATION
KRAS_SIGNALING_UP	2.96E-02	1.35E-01	BRCA	S12	PROLIFERATION
KRAS_SIGNALING_UP	0.01001249273	0.261350825	THCA	S3	PROLIFERATION
KRAS_SIGNALING_UP	0.008874037904	0.03952980521	KIRP	S3	PROLIFERATION
KRAS_SIGNALING_UP	0.008646050546	0.04919115432	LAML	S7	PROLIFERATION
KRAS_SIGNALING_UP	0.04207732715	0.2477305714	LIHC	S2	PROLIFERATION
KRAS_SIGNALING_UP	3.15E-05	0.0002850146628	UCS	S7	PROLIFERATION
KRAS_SIGNALING_UP	0.001071970545	0.008933087876	SARC	S2	PROLIFERATION
KRAS_SIGNALING_UP	1.94E-02	0.1620303229	PRAD	S4	PROLIFERATION
KRAS_SIGNALING_UP	0.01032037565	0.05160187826	COAD	S9	PROLIFERATION
KRAS_SIGNALING_UP	9.82E-07	2.41E-05	SKCM	S5	PROLIFERATION
KRAS_SIGNALING_UP	0.009457027845	0.2364256961	BLCA	S7	PROLIFERATION
KRAS_SIGNALING_UP	3.17E-03	2.64E-02	CESC	S1	PROLIFERATION
KRAS_SIGNALING_UP	7.63E-03	3.47E-02	LUAD	S3	PROLIFERATION
KRAS_SIGNALING_UP	0.0381518642	0.283920342	DLBC	S11	PROLIFERATION
MITOTIC_SPINDLE	9.36E-07	1.17E-05	READ	S5	PROLIFERATION
MITOTIC_SPINDLE	4.09E-02	0.1704551494	THCA	S6	PROLIFERATION
MITOTIC_SPINDLE	2.89E-02	0.09021490449	PAAD	S12	PROLIFERATION
MITOTIC_SPINDLE	3.02E-03	0.01885240299	BRCA	S11	PROLIFERATION
MITOTIC_SPINDLE	4.57E-06	0.0001119615513	MESO	S8	PROLIFERATION
MITOTIC_SPINDLE	4.33E-02	0.1207464325	THYM	S1	PROLIFERATION
MITOTIC_SPINDLE	0.001879165468	0.009905830492	OV	S8	PROLIFERATION
MITOTIC_SPINDLE	6.12E-04	0.004371868083	KIRC	S12	PROLIFERATION
MITOTIC_SPINDLE	0.01873829027	0.07207034717	CHOL	S1	PROLIFERATION
MITOTIC_SPINDLE	0.01398258565	0.07612741075	DLBC	S4	PROLIFERATION
MITOTIC_SPINDLE	0.007762338197	0.03881169099	STAD	S6	PROLIFERATION
MITOTIC_SPINDLE	1.05E-02	4.67E-02	MESO	S1	PROLIFERATION
MITOTIC_SPINDLE	0.02641325561	0.09955765576	KICH	S2	PROLIFERATION
MITOTIC_SPINDLE	0.004882229076	0.02712349487	UCS	S3	PROLIFERATION
MITOTIC_SPINDLE	3.61E-04	3.85E-03	LUSC	S6	PROLIFERATION
MITOTIC_SPINDLE	0.03529803049	0.245131799	SARC	S5	PROLIFERATION
MITOTIC_SPINDLE	0.0005754168269	0.00941711877	ESCA	S7	PROLIFERATION
MITOTIC_SPINDLE	1.90E-03	0.009512221091	BLCA	S1	PROLIFERATION
MITOTIC_SPINDLE	0.01089755258	0.06674750956	HNSC	S4	PROLIFERATION
MITOTIC_SPINDLE	0.01275915588	0.07088419934	CESC	S9	PROLIFERATION
MITOTIC_SPINDLE	0.004784561183	0.03349192828	DLBC	S3	PROLIFERATION
MITOTIC_SPINDLE	2.80E-05	0.0004663017003	GBM	S8	PROLIFERATION
MITOTIC_SPINDLE	1.16E-02	0.04603031034	BRCA	S8	PROLIFERATION
MITOTIC_SPINDLE	0.0001342718372	0.001678397966	SARC	S6	PROLIFERATION
MITOTIC_SPINDLE	1.52E-02	0.04393145482	KIRP	S5	PROLIFERATION
MITOTIC_SPINDLE	2.21E-02	6.49E-02	LUAD	S3	PROLIFERATION
MITOTIC_SPINDLE	0.006709612782	0.04919115432	LAML	S7	PROLIFERATION
MITOTIC_SPINDLE	2.01E-02	0.05593519482	TGCT	S2	PROLIFERATION
MTORC1_SIGNALING	0.03523330322	0.2466331225	UVM	S3	METABOLISM
MTORC1_SIGNALING	0.007288827378	0.06074022815	CHOL	S10	METABOLISM
MTORC1_SIGNALING	0.03891040162	0.1496553909	PAAD	S10	METABOLISM
MTORC1_SIGNALING	1.84E-07	2.29E-06	TGCT	S3	METABOLISM
MTORC1_SIGNALING	0.0275043405	0.105785925	UCS	S3	METABOLISM
MTORC1_SIGNALING	0.0004852280951	0.00404356746	BRCA	S11	METABOLISM
MTORC1_SIGNALING	2.51E-03	1.69E-02	KIRP	S4	METABOLISM
MTORC1_SIGNALING	0.0032316799	0.05466042714	ACC	S1	METABOLISM
MTORC1_SIGNALING	0.005603958906	0.03014772253	MESO	S1	METABOLISM
MTORC1_SIGNALING	0.01014422136	0.05343133693	PCPG	S3	METABOLISM
MTORC1_SIGNALING	0.009201949989	0.07514925824	HNSC	S7	METABOLISM
MTORC1_SIGNALING	4.28E-07	1.18E-05	KICH	S12	METABOLISM
MTORC1_SIGNALING	1.10E-02	9.07E-02	BRCA	S9	METABOLISM
MTORC1_SIGNALING	3.04E-07	5.07E-06	READ	S5	METABOLISM
MTORC1_SIGNALING	0.004446186147	0.01389433171	LUAD	S6	METABOLISM
MTORC1_SIGNALING	4.15E-02	0.1219788155	GBM	S5	METABOLISM
MTORC1_SIGNALING	0.001572009547	0.01965011933	LUSC	S3	METABOLISM
MTORC1_SIGNALING	1.00E-02	7.15E-02	BLCA	S4	METABOLISM
MTORC1_SIGNALING	1.02E-02	1.02E-01	CESC	S3	METABOLISM
MTORC1_SIGNALING	1.48E-02	1.44E-01	LGG	S10	METABOLISM
MTORC1_SIGNALING	0.001735065372	0.02891775621	ESCA	S2	METABOLISM
MYC_TARGETS_V1	5.08E-05	8.30E-04	LIHC	S8	PROLIFERATION
MYC_TARGETS_V1	1.10E-09	2.74E-08	TGCT	S3	PROLIFERATION
MYC_TARGETS_V1	0.002515987607	0.02893385748	HNSC	S10	PROLIFERATION
MYC_TARGETS_V1	0.01408910243	0.08735661404	CHOL	S10	PROLIFERATION
MYC_TARGETS_V1	1.43E-03	0.008961087741	CESC	S5	PROLIFERATION
MYC_TARGETS_V1	4.45E-05	0.000998589648	LGG	S8	PROLIFERATION
MYC_TARGETS_V1	7.42E-06	7.42E-05	UCS	S8	PROLIFERATION
MYC_TARGETS_V1	8.50E-05	0.001388917608	KICH	S12	PROLIFERATION
MYC_TARGETS_V1	1.76E-08	8.78E-07	COAD	S8	PROLIFERATION
MYC_TARGETS_V1	1.34E-08	3.91E-07	DLBC	S6	PROLIFERATION
MYC_TARGETS_V1	8.54E-05	0.0007118528037	OV	S3	PROLIFERATION
MYC_TARGETS_V1	3.97E-06	6.62E-05	BLCA	S1	PROLIFERATION
MYC_TARGETS_V1	2.43E-03	2.03E-02	READ	S7	PROLIFERATION
MYC_TARGETS_V1	1.22E-04	0.001221638697	PAAD	S11	PROLIFERATION
MYC_TARGETS_V1	4.14E-04	0.00634830762	CESC	S7	PROLIFERATION
MYC_TARGETS_V1	3.13E-02	0.06799966505	LUAD	S6	PROLIFERATION
MYC_TARGETS_V1	0.000269402279	0.00269402279	THCA	S5	PROLIFERATION
MYC_TARGETS_V1	0.002978372073	0.01326729378	KIRP	S2	PROLIFERATION
MYC_TARGETS_V1	0.009676579806	0.07741263845	MESO	S4	PROLIFERATION
MYC_TARGETS_V1	3.10E-04	3.88E-03	LUSC	S5	PROLIFERATION
MYC_TARGETS_V1	4.42E-09	2.17E-07	LAML	S6	PROLIFERATION
MYC_TARGETS_V1	0.01870913267	0.1192217279	UCEC	S4	PROLIFERATION
MYC_TARGETS_V1	0.001860702326	0.02325877907	PRAD	S5	PROLIFERATION
MYC_TARGETS_V1	0.01557172056	0.1072692218	PRAD	S6	PROLIFERATION
MYC_TARGETS_V1	3.83E-03	2.10E-02	BRCA	S11	PROLIFERATION
MYC_TARGETS_V1	6.05E-05	0.001269509615	THYM	S3	PROLIFERATION
MYC_TARGETS_V1	3.30E-02	3.88E-01	ESCA	S2	PROLIFERATION
MYC_TARGETS_V1	0.0002485177498	0.006212943744	PCPG	S3	PROLIFERATION
MYC_TARGETS_V1	1.62E-05	4.05E-04	STAD	S9	PROLIFERATION
MYC_TARGETS_V1	0.0002731305559	0.006008872231	READ	S4	PROLIFERATION
MYC_TARGETS_V1	2.06E-02	0.1143536939	OV	S4	PROLIFERATION
MYC_TARGETS_V1	1.12E-05	1.40E-04	GBM	S2	PROLIFERATION
MYC_TARGETS_V1	3.73E-03	3.73E-02	KIRC	S10	PROLIFERATION
MYC_TARGETS_V1	1.22E-05	2.33E-04	LUAD	S10	PROLIFERATION
MYC_TARGETS_V1	0.0005155698567	0.006444623208	SARC	S1	PROLIFERATION
MYC_TARGETS_V2	2.22E-02	1.01E-01	CHOL	S10	PROLIFERATION
MYC_TARGETS_V2	0.01049518328	0.03279744775	CESC	S5	PROLIFERATION
MYC_TARGETS_V2	3.11E-03	1.69E-02	KIRP	S4	PROLIFERATION
MYC_TARGETS_V2	2.04E-02	0.07834614249	BRCA	S11	PROLIFERATION
MYC_TARGETS_V2	0.0005310286083	0.002891155756	DLBC	S6	PROLIFERATION
MYC_TARGETS_V2	0.0005323332661	0.002957407034	LUAD	S6	PROLIFERATION
MYC_TARGETS_V2	0.0002251533814	0.001407208634	TGCT	S3	PROLIFERATION
MYC_TARGETS_V2	0.006520361018	0.04657400727	READ	S5	PROLIFERATION
MYC_TARGETS_V2	0.001063586967	0.01302894035	LAML	S6	PROLIFERATION
MYC_TARGETS_V2	0.006807462199	0.0170186555	UCS	S8	PROLIFERATION
MYC_TARGETS_V2	3.57E-02	7.61E-02	KIRP	S6	PROLIFERATION
MYOGENESIS	1.87E-03	0.007806825295	GBM	S11	GROWTH AND SPECIALIZATION
MYOGENESIS	1.19E-02	0.04871740533	KIRP	S4	GROWTH AND SPECIALIZATION
MYOGENESIS	0.003311609425	0.04139511781	LGG	S2	GROWTH AND SPECIALIZATION
MYOGENESIS	2.14E-02	7.49E-02	LIHC	S5	GROWTH AND SPECIALIZATION
MYOGENESIS	7.94E-08	7.94E-07	TGCT	S1	GROWTH AND SPECIALIZATION
MYOGENESIS	1.56E-10	7.79E-09	UCS	S4	GROWTH AND SPECIALIZATION
MYOGENESIS	5.74E-03	5.51E-02	OV	S2	GROWTH AND SPECIALIZATION
MYOGENESIS	1.05E-05	0.0002623307707	READ	S2	GROWTH AND SPECIALIZATION
MYOGENESIS	5.26E-10	2.63E-08	PRAD	S7	GROWTH AND SPECIALIZATION
MYOGENESIS	2.21E-04	0.002161820445	DLBC	S5	GROWTH AND SPECIALIZATION
MYOGENESIS	0.002509078875	0.01805142686	BRCA	S8	GROWTH AND SPECIALIZATION
MYOGENESIS	1.28E-03	3.14E-02	KICH	S13	GROWTH AND SPECIALIZATION
MYOGENESIS	6.22E-14	3.11E-12	UCS	S5	GROWTH AND SPECIALIZATION
MYOGENESIS	8.27E-04	2.07E-02	SARC	S5	GROWTH AND SPECIALIZATION
MYOGENESIS	0.02928533988	0.1143975592	ACC	S2	GROWTH AND SPECIALIZATION
MYOGENESIS	2.83E-02	0.1064937515	MESO	S1	GROWTH AND SPECIALIZATION
NOTCH_SIGNALING	4.22E-02	0.1760395184	LUSC	S3	DEVELOPMENT AND DIFFERENTIATION
NOTCH_SIGNALING	0.03235581768	0.1178833392	CESC	S9	DEVELOPMENT AND DIFFERENTIATION
NOTCH_SIGNALING	0.01810948858	0.08873649403	HNSC	S4	DEVELOPMENT AND DIFFERENTIATION
NOTCH_SIGNALING	0.0143146183	0.05112363677	BRCA	S8	DEVELOPMENT AND DIFFERENTIATION
NOTCH_SIGNALING	6.56E-04	0.004099163765	UCS	S6	DEVELOPMENT AND DIFFERENTIATION
NOTCH_SIGNALING	4.78E-02	1.28E-01	TGCT	S1	DEVELOPMENT AND DIFFERENTIATION
NOTCH_SIGNALING	0.02038625827	0.06171033415	MESO	S8	DEVELOPMENT AND DIFFERENTIATION
NOTCH_SIGNALING	1.01E-02	0.08412556201	THCA	S2	DEVELOPMENT AND DIFFERENTIATION
NOTCH_SIGNALING	0.01487224621	0.05720094695	OV	S8	DEVELOPMENT AND DIFFERENTIATION
OXIDATIVE_PHOSPHORYLATION	3.05E-04	0.005089371085	BRCA	S4	METABOLISM
OXIDATIVE_PHOSPHORYLATION	2.40E-05	0.0004112206179	LAML	S6	METABOLISM
OXIDATIVE_PHOSPHORYLATION	4.27E-05	0.00106703954	UCEC	S4	METABOLISM
OXIDATIVE_PHOSPHORYLATION	2.05E-07	5.03E-06	KIRP	S6	METABOLISM
OXIDATIVE_PHOSPHORYLATION	9.47E-05	6.63E-04	KIRP	S2	METABOLISM
OXIDATIVE_PHOSPHORYLATION	2.21E-03	1.58E-02	PAAD	S11	METABOLISM
OXIDATIVE_PHOSPHORYLATION	0.0247393719	0.2466331225	UVM	S3	METABOLISM
OXIDATIVE_PHOSPHORYLATION	1.16E-07	4.85E-06	THYM	S3	METABOLISM
OXIDATIVE_PHOSPHORYLATION	1.24E-04	6.20E-03	READ	S7	METABOLISM
OXIDATIVE_PHOSPHORYLATION	5.88E-04	5.76E-03	DLBC	S7	METABOLISM
OXIDATIVE_PHOSPHORYLATION	3.47E-12	1.74E-10	GBM	S2	METABOLISM
OXIDATIVE_PHOSPHORYLATION	6.07E-03	2.74E-02	DLBC	S2	METABOLISM
OXIDATIVE_PHOSPHORYLATION	5.04E-04	1.21E-02	MESO	S4	METABOLISM
OXIDATIVE_PHOSPHORYLATION	2.00E-05	4.61E-04	HNSC	S10	METABOLISM
OXIDATIVE_PHOSPHORYLATION	9.79E-05	4.50E-03	CESC	S7	METABOLISM
OXIDATIVE_PHOSPHORYLATION	1.46E-10	7.32E-09	THCA	S7	METABOLISM
OXIDATIVE_PHOSPHORYLATION	1.57E-06	2.56E-05	DLBC	S6	METABOLISM
OXIDATIVE_PHOSPHORYLATION	4.60E-03	5.63E-02	KICH	S11	METABOLISM
OXIDATIVE_PHOSPHORYLATION	4.84E-08	8.07E-07	TGCT	S3	METABOLISM
OXIDATIVE_PHOSPHORYLATION	5.59E-14	2.79E-12	OV	S3	METABOLISM
OXIDATIVE_PHOSPHORYLATION	4.78E-10	2.39E-08	UCS	S8	METABOLISM
OXIDATIVE_PHOSPHORYLATION	0.00258691287	0.02155760725	BLCA	S3	METABOLISM
OXIDATIVE_PHOSPHORYLATION	8.39E-09	4.19E-07	KIRC	S5	METABOLISM
OXIDATIVE_PHOSPHORYLATION	6.95E-05	0.001662000155	SKCM	S1	METABOLISM
OXIDATIVE_PHOSPHORYLATION	2.07E-06	1.04E-04	LUSC	S5	METABOLISM
OXIDATIVE_PHOSPHORYLATION	2.53E-06	4.22E-05	COAD	S8	METABOLISM
OXIDATIVE_PHOSPHORYLATION	0.0005686961459	0.006789085625	CHOL	S9	METABOLISM
OXIDATIVE_PHOSPHORYLATION	5.56E-05	1.39E-03	PRAD	S5	METABOLISM
OXIDATIVE_PHOSPHORYLATION	3.53E-05	1.55E-03	READ	S4	METABOLISM
OXIDATIVE_PHOSPHORYLATION	0.0002486208869	0.004143681448	SARC	S1	METABOLISM
OXIDATIVE_PHOSPHORYLATION	7.63E-06	0.0001907886647	THCA	S5	METABOLISM
OXIDATIVE_PHOSPHORYLATION	0.0008841403531	0.00998778683	LGG	S8	METABOLISM
OXIDATIVE_PHOSPHORYLATION	3.16E-02	1.86E-01	UVM	S5	METABOLISM
OXIDATIVE_PHOSPHORYLATION	7.91E-04	1.29E-02	DLBC	S10	METABOLISM
OXIDATIVE_PHOSPHORYLATION	1.19E-06	5.96E-05	STAD	S9	METABOLISM
OXIDATIVE_PHOSPHORYLATION	8.13E-07	4.07E-05	PCPG	S3	METABOLISM
OXIDATIVE_PHOSPHORYLATION	1.40E-05	0.0002333976406	LUAD	S10	METABOLISM
P53_PATHWAY	1.02E-03	8.48E-03	PAAD	S12	CELL CYCLE AND APOPTOSIS
P53_PATHWAY	7.43E-04	0.007432025332	UCEC	S1	CELL CYCLE AND APOPTOSIS
P53_PATHWAY	3.92E-03	3.84E-02	LIHC	S8	CELL CYCLE AND APOPTOSIS
P53_PATHWAY	1.93E-04	3.21E-03	ESCA	S3	CELL CYCLE AND APOPTOSIS
P53_PATHWAY	3.88E-04	2.42E-03	UCS	S7	CELL CYCLE AND APOPTOSIS
P53_PATHWAY	1.90E-02	0.05922301867	LUAD	S3	CELL CYCLE AND APOPTOSIS
P53_PATHWAY	3.16E-02	0.1318152464	CHOL	S10	CELL CYCLE AND APOPTOSIS
P53_PATHWAY	4.21E-02	0.1401912012	BRCA	S8	CELL CYCLE AND APOPTOSIS
P53_PATHWAY	0.0002568168897	0.003210211121	PAAD	S1	CELL CYCLE AND APOPTOSIS
P53_PATHWAY	3.07E-02	0.1279239766	LGG	S8	CELL CYCLE AND APOPTOSIS
P53_PATHWAY	2.03E-02	0.09618198695	BLCA	S4	CELL CYCLE AND APOPTOSIS
PANCREAS_BETA_CELLS	1.61E-02	0.1007890479	OV	S9	METABOLISM
PANCREAS_BETA_CELLS	4.55E-02	2.48E-01	LIHC	S2	METABOLISM
PANCREAS_BETA_CELLS	1.19E-02	0.108791221	READ	S6	METABOLISM
PANCREAS_BETA_CELLS	1.09E-02	0.06836498843	SARC	S2	METABOLISM
PANCREAS_BETA_CELLS	3.04E-02	1.38E-01	COAD	S4	METABOLISM
PANCREAS_BETA_CELLS	0.01371412597	0.06233693621	PCPG	S1	METABOLISM
PANCREAS_BETA_CELLS	0.02036325759	0.08243254828	LUAD	S1	METABOLISM
PANCREAS_BETA_CELLS	9.62E-04	0.006873361084	BRCA	S12	METABOLISM
PANCREAS_BETA_CELLS	1.55E-02	6.49E-02	LIHC	S5	METABOLISM
PANCREAS_BETA_CELLS	0.0006689505504	0.03344752752	STAD	S10	METABOLISM
PANCREAS_BETA_CELLS	3.67E-04	0.002291361875	PAAD	S3	METABOLISM
PANCREAS_BETA_CELLS	4.91E-03	4.39E-02	PAAD	S7	METABOLISM
PANCREAS_BETA_CELLS	0.008699398302	0.05437123939	CHOL	S4	METABOLISM
PEROXISOME	0.007432780588	0.01769709664	UCS	S8	METABOLISM
PI3K_AKT_MTOR_SIGNALING	1.75E-02	8.74E-02	CHOL	S10	PROLIFERATION
PI3K_AKT_MTOR_SIGNALING	1.06E-02	6.52E-02	SKCM	S1	PROLIFERATION
PROTEIN_SECRETION	4.13E-02	2.07E-01	CHOL	S4	PROTEIN SECRETION
PROTEIN_SECRETION	3.63E-02	1.41E-01	COAD	S4	PROTEIN SECRETION
PROTEIN_SECRETION	4.46E-02	0.2118644068	KIRC	S2	PROTEIN SECRETION
PROTEIN_SECRETION	3.83E-02	1.28E-01	BRCA	S11	PROTEIN SECRETION
PROTEIN_SECRETION	0.01637786234	0.1605030509	KICH	S14	PROTEIN SECRETION
PROTEIN_SECRETION	0.01310779676	0.03449420199	UCS	S7	PROTEIN SECRETION
PROTEIN_SECRETION	1.80E-02	9.62E-02	BLCA	S4	PROTEIN SECRETION
PROTEIN_SECRETION	2.15E-03	6.59E-02	THCA	S2	PROTEIN SECRETION
REACTIVE_OXYGEN_SPECIES_PATHWAY	6.09E-04	1.52E-02	ESCA	S2	STRESS
REACTIVE_OXYGEN_SPECIES_PATHWAY	1.81E-02	4.52E-02	TGCT	S3	STRESS
REACTIVE_OXYGEN_SPECIES_PATHWAY	1.13E-02	3.10E-02	KIRP	S6	STRESS
REACTIVE_OXYGEN_SPECIES_PATHWAY	0.001362821365	0.02271368942	CESC	S3	STRESS
REACTIVE_OXYGEN_SPECIES_PATHWAY	0.02381573592	0.08870457439	KIRP	S4	STRESS
REACTIVE_OXYGEN_SPECIES_PATHWAY	9.04E-03	5.02E-02	LUAD	S1	STRESS
REACTIVE_OXYGEN_SPECIES_PATHWAY	3.46E-02	0.1694956721	DLBC	S7	STRESS
REACTIVE_OXYGEN_SPECIES_PATHWAY	2.48E-03	1.03E-02	OV	S3	STRESS
REACTIVE_OXYGEN_SPECIES_PATHWAY	5.40E-04	1.61E-02	LUSC	S3	STRESS
REACTIVE_OXYGEN_SPECIES_PATHWAY	4.79E-03	4.69E-02	HNSC	S7	STRESS
REACTIVE_OXYGEN_SPECIES_PATHWAY	3.40E-02	0.2689694224	PRAD	S5	STRESS
SPERMATOGENESIS	8.10E-03	0.04760315282	OV	S10	GROWTH AND SPECIALIZATION
SPERMATOGENESIS	4.80E-02	0.1845191496	LUSC	S3	GROWTH AND SPECIALIZATION
SPERMATOGENESIS	8.04E-03	2.24E-02	LUAD	S6	GROWTH AND SPECIALIZATION
SPERMATOGENESIS	2.73E-03	1.21E-02	PAAD	S3	GROWTH AND SPECIALIZATION
SPERMATOGENESIS	0.0284158573	0.07477857183	TGCT	S2	GROWTH AND SPECIALIZATION
SPERMATOGENESIS	0.03850362892	0.2139090496	CESC	S3	GROWTH AND SPECIALIZATION
SPERMATOGENESIS	0.03408490646	0.1893605914	KIRC	S2	GROWTH AND SPECIALIZATION
TGF_BETA_SIGNALING	2.80E-02	1.17E-01	OV	S6	DEVELOPMENT AND DIFFERENTIATION
TGF_BETA_SIGNALING	2.31E-04	2.55E-03	THYM	S1	DEVELOPMENT AND DIFFERENTIATION
TGF_BETA_SIGNALING	0.0002283122056	0.001630801469	CESC	S2	DEVELOPMENT AND DIFFERENTIATION
TGF_BETA_SIGNALING	0.00827772937	0.02434626285	TGCT	S1	DEVELOPMENT AND DIFFERENTIATION
TGF_BETA_SIGNALING	2.99E-03	0.01047261591	DLBC	S5	DEVELOPMENT AND DIFFERENTIATION
TGF_BETA_SIGNALING	0.0193688461	0.09508971674	SARC	S2	DEVELOPMENT AND DIFFERENTIATION
TGF_BETA_SIGNALING	0.02377162115	0.06171033415	MESO	S8	DEVELOPMENT AND DIFFERENTIATION
TGF_BETA_SIGNALING	0.01207280629	0.06036403143	CHOL	S12	DEVELOPMENT AND DIFFERENTIATION
TGF_BETA_SIGNALING	0.0008929972624	0.007441643853	THCA	S1	DEVELOPMENT AND DIFFERENTIATION
TGF_BETA_SIGNALING	3.75E-02	1.15E-01	HNSC	S2	DEVELOPMENT AND DIFFERENTIATION
TGF_BETA_SIGNALING	0.01760011519	0.05176504467	PAAD	S8	DEVELOPMENT AND DIFFERENTIATION
TGF_BETA_SIGNALING	0.01947891994	0.2220237395	LAML	S2	DEVELOPMENT AND DIFFERENTIATION
TGF_BETA_SIGNALING	7.93E-03	1.01E-01	KICH	S14	DEVELOPMENT AND DIFFERENTIATION
TGF_BETA_SIGNALING	1.54E-02	0.05373464587	KIRP	S3	DEVELOPMENT AND DIFFERENTIATION
TNFA_SIGNALING_VIA_NFKB	9.26E-03	0.1188029361	BLCA	S2	IMMUNE RESPONSE AND INFLAMMATION
TNFA_SIGNALING_VIA_NFKB	2.15E-04	8.38E-03	STAD	S1	IMMUNE RESPONSE AND INFLAMMATION
TNFA_SIGNALING_VIA_NFKB	1.11E-04	1.39E-03	UCEC	S1	IMMUNE RESPONSE AND INFLAMMATION
TNFA_SIGNALING_VIA_NFKB	1.04E-07	1.73E-06	GBM	S11	IMMUNE RESPONSE AND INFLAMMATION
TNFA_SIGNALING_VIA_NFKB	7.96E-14	3.90E-12	KIRP	S3	IMMUNE RESPONSE AND INFLAMMATION
TNFA_SIGNALING_VIA_NFKB	2.05E-12	5.12E-11	CESC	S2	IMMUNE RESPONSE AND INFLAMMATION
TNFA_SIGNALING_VIA_NFKB	1.01E-02	5.16E-02	COAD	S9	IMMUNE RESPONSE AND INFLAMMATION
TNFA_SIGNALING_VIA_NFKB	6.16E-12	3.08E-10	LUAD	S4	IMMUNE RESPONSE AND INFLAMMATION
TNFA_SIGNALING_VIA_NFKB	1.87E-11	4.68E-10	THCA	S1	IMMUNE RESPONSE AND INFLAMMATION
TNFA_SIGNALING_VIA_NFKB	1.07E-02	0.04384007154	HNSC	S2	IMMUNE RESPONSE AND INFLAMMATION
TNFA_SIGNALING_VIA_NFKB	1.04E-06	5.18E-05	BLCA	S4	IMMUNE RESPONSE AND INFLAMMATION
TNFA_SIGNALING_VIA_NFKB	0.02240892128	0.1244940071	READ	S6	IMMUNE RESPONSE AND INFLAMMATION
TNFA_SIGNALING_VIA_NFKB	6.13E-06	0.0001255221425	PAAD	S8	IMMUNE RESPONSE AND INFLAMMATION
TNFA_SIGNALING_VIA_NFKB	6.98E-17	3.49E-15	KIRC	S1	IMMUNE RESPONSE AND INFLAMMATION
TNFA_SIGNALING_VIA_NFKB	2.11E-10	1.06E-08	UCS	S7	IMMUNE RESPONSE AND INFLAMMATION
TNFA_SIGNALING_VIA_NFKB	2.87E-04	3.59E-03	PAAD	S12	IMMUNE RESPONSE AND INFLAMMATION
TNFA_SIGNALING_VIA_NFKB	1.14E-09	2.84E-08	CHOL	S12	IMMUNE RESPONSE AND INFLAMMATION
TNFA_SIGNALING_VIA_NFKB	0.0002471336568	0.003697913403	STAD	S6	IMMUNE RESPONSE AND INFLAMMATION
TNFA_SIGNALING_VIA_NFKB	6.83E-14	3.41E-12	READ	S8	IMMUNE RESPONSE AND INFLAMMATION
TNFA_SIGNALING_VIA_NFKB	0.004790445686	0.05466042714	ACC	S1	IMMUNE RESPONSE AND INFLAMMATION
TNFA_SIGNALING_VIA_NFKB	0.0002384885435	0.003895312878	LIHC	S5	IMMUNE RESPONSE AND INFLAMMATION
TNFA_SIGNALING_VIA_NFKB	0.01650773754	0.091709653	SARC	S2	IMMUNE RESPONSE AND INFLAMMATION
TNFA_SIGNALING_VIA_NFKB	1.21E-02	0.05158112944	SKCM	S5	IMMUNE RESPONSE AND INFLAMMATION
TNFA_SIGNALING_VIA_NFKB	0.0005848957075	0.003184432185	DLBC	S5	IMMUNE RESPONSE AND INFLAMMATION
TNFA_SIGNALING_VIA_NFKB	6.78E-03	4.37E-02	LUSC	S2	IMMUNE RESPONSE AND INFLAMMATION
TNFA_SIGNALING_VIA_NFKB	0.0001533095807	0.005731939749	KICH	S14	IMMUNE RESPONSE AND INFLAMMATION
TNFA_SIGNALING_VIA_NFKB	1.46E-03	7.14E-02	KICH	S7	IMMUNE RESPONSE AND INFLAMMATION
TNFA_SIGNALING_VIA_NFKB	2.53E-07	1.26E-05	COAD	S3	IMMUNE RESPONSE AND INFLAMMATION
TNFA_SIGNALING_VIA_NFKB	0.00411195817	0.01284986928	TGCT	S1	IMMUNE RESPONSE AND INFLAMMATION
TNFA_SIGNALING_VIA_NFKB	3.12E-06	0.0001560367966	LUAD	S3	IMMUNE RESPONSE AND INFLAMMATION
TNFA_SIGNALING_VIA_NFKB	3.59E-06	0.0001796948566	PAAD	S1	IMMUNE RESPONSE AND INFLAMMATION
TNFA_SIGNALING_VIA_NFKB	1.03E-06	5.13E-05	ESCA	S3	IMMUNE RESPONSE AND INFLAMMATION
TNFA_SIGNALING_VIA_NFKB	0.04975194749	0.2216223116	HNSC	S3	IMMUNE RESPONSE AND INFLAMMATION
TNFA_SIGNALING_VIA_NFKB	1.11E-11	5.55E-10	OV	S6	IMMUNE RESPONSE AND INFLAMMATION
UNFOLDED_PROTEIN_RESPONSE	0.03598920326	0.44086774	KICH	S7	STRESS
UNFOLDED_PROTEIN_RESPONSE	4.97E-02	2.72E-01	HNSC	S10	STRESS
UNFOLDED_PROTEIN_RESPONSE	3.24E-02	2.36E-01	LUAD	S5	STRESS
UNFOLDED_PROTEIN_RESPONSE	3.69E-02	0.1806014461	LAML	S5	STRESS
UNFOLDED_PROTEIN_RESPONSE	0.0009668879784	0.004834439892	TGCT	S3	STRESS
UNFOLDED_PROTEIN_RESPONSE	0.007760114032	0.04753069845	KICH	S12	STRESS
UV_RESPONSE_DN	0.006152596434	0.03014772253	MESO	S1	STRESS
UV_RESPONSE_DN	6.48E-03	0.1587879584	KICH	S6	STRESS
UV_RESPONSE_DN	0.0004319129144	0.004319129144	STAD	S6	STRESS
UV_RESPONSE_DN	0.001989656424	0.0244889213	CHOL	S12	STRESS
UV_RESPONSE_DN	0.001948976665	0.008120736103	CESC	S2	STRESS
UV_RESPONSE_DN	0.00290493757	0.01779274261	SKCM	S5	STRESS
UV_RESPONSE_DN	4.91E-04	4.91E-03	LUAD	S4	STRESS
UV_RESPONSE_DN	0.02086017131	0.06712610485	KIRC	S12	STRESS
UV_RESPONSE_DN	0.002384303166	0.01947180919	MESO	S8	STRESS
UV_RESPONSE_DN	1.53E-03	7.67E-03	PAAD	S8	STRESS
UV_RESPONSE_DN	0.0002702237277	0.003377796596	BRCA	S6	STRESS
UV_RESPONSE_DN	0.004263465215	0.05329331519	PRAD	S4	STRESS
UV_RESPONSE_DN	0.00231809032	0.007726967732	TGCT	S1	STRESS
UV_RESPONSE_DN	2.07E-07	4.56E-06	THYM	S1	STRESS
UV_RESPONSE_DN	8.94E-03	1.12E-01	LGG	S10	STRESS
UV_RESPONSE_DN	0.007349570164	0.04919115432	LAML	S7	STRESS
UV_RESPONSE_DN	0.0003770170249	0.003770170249	THCA	S1	STRESS
UV_RESPONSE_DN	4.19E-03	2.33E-02	ESCA	S7	STRESS
UV_RESPONSE_DN	2.57E-05	4.28E-04	READ	S8	STRESS
UV_RESPONSE_DN	0.02452470839	0.09508971674	SARC	S2	STRESS
UV_RESPONSE_DN	0.001955044685	0.01064413218	KIRP	S3	STRESS
UV_RESPONSE_DN	2.14E-03	0.01166141407	HNSC	S2	STRESS
UV_RESPONSE_DN	0.0002785336228	0.002274691253	DLBC	S5	STRESS
UV_RESPONSE_UP	0.003002704271	0.01876690169	LUAD	S4	STRESS
UV_RESPONSE_UP	0.009504234887	0.1188029361	BLCA	S2	STRESS
UV_RESPONSE_UP	0.001318231965	0.01098526638	OV	S6	STRESS
UV_RESPONSE_UP	0.0003128478266	0.003770170249	THCA	S1	STRESS
UV_RESPONSE_UP	0.009376743129	0.1172092891	COAD	S3	STRESS
UV_RESPONSE_UP	1.58E-03	0.01291670555	DLBC	S7	STRESS
UV_RESPONSE_UP	1.97E-02	0.09866357871	PAAD	S7	STRESS
WNT_BETA_CATENIN_SIGNALING	1.15E-02	2.38E-01	UVM	S2	DEVELOPMENT AND DIFFERENTIATION
WNT_BETA_CATENIN_SIGNALING	0.002511410688	0.06152956186	LAML	S2	DEVELOPMENT AND DIFFERENTIATION
WNT_BETA_CATENIN_SIGNALING	0.03926058502	0.1154723089	BLCA	S4	DEVELOPMENT AND DIFFERENTIATION
WNT_BETA_CATENIN_SIGNALING	0.001324054802	0.06039127444	UVM	S8	DEVELOPMENT AND DIFFERENTIATION
WNT_BETA_CATENIN_SIGNALING	0.03070489469	0.1705827483	STAD	S2	DEVELOPMENT AND DIFFERENTIATION
WNT_BETA_CATENIN_SIGNALING	0.0365862491	0.1306651753	KIRC	S1	DEVELOPMENT AND DIFFERENTIATION
WNT_BETA_CATENIN_SIGNALING	0.04647435897	0.1936431624	GBM	S3	DEVELOPMENT AND DIFFERENTIATION
WNT_BETA_CATENIN_SIGNALING	0.004259517915	0.01774799131	CESC	S5	DEVELOPMENT AND DIFFERENTIATION
WNT_BETA_CATENIN_SIGNALING	0.03856921703	0.1134388736	UCEC	S1	DEVELOPMENT AND DIFFERENTIATION
WNT_BETA_CATENIN_SIGNALING	0.0217071778	0.4680907173	ACC	S5	DEVELOPMENT AND DIFFERENTIATION
WNT_BETA_CATENIN_SIGNALING	0.005111266288	0.0319454143	COAD	S6	DEVELOPMENT AND DIFFERENTIATION
WNT_BETA_CATENIN_SIGNALING	2.15E-03	1.19E-02	READ	S8	DEVELOPMENT AND DIFFERENTIATION
WNT_BETA_CATENIN_SIGNALING	0.006322845733	0.02581828674	KIRP	S5	DEVELOPMENT AND DIFFERENTIATION
WNT_BETA_CATENIN_SIGNALING	0.03077957088	0.170997616	STAD	S4	DEVELOPMENT AND DIFFERENTIATION
WNT_BETA_CATENIN_SIGNALING	4.90E-02	1.75E-01	CHOL	S10	DEVELOPMENT AND DIFFERENTIATION
WNT_BETA_CATENIN_SIGNALING	3.76E-03	2.33E-02	ESCA	S7	DEVELOPMENT AND DIFFERENTIATION
WNT_BETA_CATENIN_SIGNALING	3.81E-02	0.1058331965	UCS	S6	DEVELOPMENT AND DIFFERENTIATION
XENOBIOTIC_METABOLISM	6.67E-03	0.01852615059	TGCT	S3	METABOLISM
XENOBIOTIC_METABOLISM	0.009542475955	0.06816054254	LUSC	S3	METABOLISM
XENOBIOTIC_METABOLISM	0.0002264238349	0.002773691977	DLBC	S7	METABOLISM
XENOBIOTIC_METABOLISM	1.43E-02	4.67E-02	THCA	S7	METABOLISM
XENOBIOTIC_METABOLISM	0.04279600571	0.2846542417	CHOL	S8	METABOLISM
XENOBIOTIC_METABOLISM	0.0004987434252	0.006789085625	CHOL	S9	METABOLISM
XENOBIOTIC_METABOLISM	1.27E-06	6.34E-05	LUAD	S1	METABOLISM
XENOBIOTIC_METABOLISM	4.00E-05	0.001998047697	ESCA	S2	METABOLISM
XENOBIOTIC_METABOLISM	0.03543215784	0.3036086051	BLCA	S2	METABOLISM
XENOBIOTIC_METABOLISM	1.95E-06	9.73E-05	CESC	S3	METABOLISM
XENOBIOTIC_METABOLISM	6.12E-05	0.002000648866	KIRC	S8	METABOLISM
XENOBIOTIC_METABOLISM	2.71E-06	0.000132702146	HNSC	S7	METABOLISM
XENOBIOTIC_METABOLISM	5.44E-07	8.88E-06	KIRP	S6	METABOLISM
XENOBIOTIC_METABOLISM	0.0001017551115	0.001662000155	SKCM	S1	METABOLISM
XENOBIOTIC_METABOLISM	7.25E-04	0.01208814963	PCPG	S3	METABOLISM
XENOBIOTIC_METABOLISM	0.01037333115	0.1016586453	LIHC	S2	METABOLISM
XENOBIOTIC_METABOLISM	8.75E-05	0.00214475852	LIHC	S5	METABOLISM
XENOBIOTIC_METABOLISM	0.01373717393	0.08585733709	BLCA	S4	METABOLISM
NA	NA	NA	THCA	S4	NA
NA	NA	NA	KIRC	S7	NA
NA	NA	NA	UVM	S7	NA
NA	NA	NA	LGG	S11	NA
NA	NA	NA	UCEC	S6	NA
NA	NA	NA	LIHC	S6	NA
NA	NA	NA	OV	S7	NA
NA	NA	NA	UCEC	S2	NA
NA	NA	NA	MESO	S9	NA
NA	NA	NA	LUAD	S11	NA
NA	NA	NA	LIHC	S9	NA
NA	NA	NA	UCS	S9	NA
NA	NA	NA	MESO	S5	NA
NA	NA	NA	SKCM	S4	NA
NA	NA	NA	CESC	S8	NA
