S1,S3,S2,ITTH
TCGA.2G.AAHP.01,0.0451202503552372,0.20324834722926,0.751631402415503,0.617361005305196
TCGA.4K.AAAL.01,0.175015486322843,0.192594253144739,0.632390260532418,0.830191397711436
TCGA.2G.AALP.01,0.15240083027115,0.787663068875012,0.0599361008538372,0.585643094487502
TCGA.2G.AAGI.05,0.0518005408699947,0.0268797721497882,0.921319686980217,0.296788927204567
TCGA.ZM.AA0N.01,2.73688457773824e-05,0.167689580404252,0.83228305074997,0.411895674008998
TCGA.2G.AAGI.01,0.583131226884885,0.226599363165641,0.190269409949474,0.879862285484943
TCGA.2G.AALT.01,0.913366760483611,0.0866332395075771,8.8116933960538e-12,0.268227816483817
TCGA.2G.AAKO.01,0.0703008128517833,4.75165966192503e-05,0.929651670551597,0.232050394190409
TCGA.2G.AAFG.01,0,0.15359612269875,0.84640387730125,0.390398456316095
TCGA.2G.AAG6.01,0.934369314177447,5.2844174058918e-08,0.0656306329783791,0.220449147189191
TCGA.YU.A90P.01,2.08469349221499e-08,0.70593235578077,0.294067623372295,0.551381126633551
TCGA.4K.AA1I.01,0.0593881578281858,0.115096634319473,0.825515207852341,0.523223290093356
TCGA.2G.AAHL.01,1.32594565178955e-06,0.24122222457002,0.758776449484328,0.502910427331406
TCGA.2G.AAGK.01,0.104888000656618,0.71627414516846,0.178837854174922,0.713038090519098
TCGA.XY.A8S2.01,0.0171318907314256,0.773099414534122,0.209768694734452,0.542715326688288
TCGA.XE.AAOF.01,0.0730867154875731,0.0633814733911438,0.863531811121283,0.448517827551395
TCGA.2X.A9D5.01,0.0382898937289852,4.37907260354104e-07,0.961709668363754,0.147893448415577
TCGA.YU.A90Y.01,0.2060962265801,0.551547710840623,0.242356062579278,0.907689945126476
TCGA.2G.AAGY.05,0.0154921653581532,0.00129324281511847,0.983214591826728,0.0817458131872488
TCGA.X3.A8G4.01,0.37793357702972,0.542900396304105,0.0791660266661743,0.819346675569723
TCGA.2G.AAG5.01,0.999991921111006,5.39292426262256e-06,2.68596473186675e-06,9.82616364601494e-05
TCGA.2G.AAFV.01,0.436188446544526,0.226542594018006,0.337268959437467,0.969260756394154
TCGA.2G.AAGP.01,0.603399411974319,0.211838988047029,0.184761599978652,0.860710151458071
TCGA.2G.AAFL.01,0.236776317794189,0.642657718377372,0.120565963828439,0.801302007670421
TCGA.2G.AAF6.01,1.59224727268757e-12,0.0976581073079512,0.902341892690457,0.291191559893798
TCGA.XE.AAOC.01,0.549893404337914,0.0922247084759673,0.357881887186119,0.834157477727381
TCGA.2G.AAGA.01,0.0107953886000277,0.854203362091499,0.135001249308474,0.413098406363185
TCGA.2G.AALZ.01,0.999999320148468,1.65197386504717e-08,6.63331793662074e-07,9.47778905000974e-06
TCGA.2G.AAHG.01,0.0361119208118081,0.0895495223342952,0.874338556853897,0.412725249126789
TCGA.XE.AAOJ.01,0.62620579088989,0.156277337728505,0.217516871381606,0.832868344697704
TCGA.2G.AAM4.01,0.0779705641828799,0.757577102103183,0.164452333713937,0.642738711692857
TCGA.2G.AAH3.01,0.12143543412347,0.0230500335704476,0.855514532306082,0.433671389465862
TCGA.YU.A912.01,0.0200054325730093,0.0780399379248031,0.901954629502188,0.337128481044482
TCGA.2G.AAGO.01,2.31997851030379e-07,0.68483588990198,0.315163878100169,0.56723735399362
TCGA.2G.AALG.01,0.807404067458747,0.192595932541245,7.65560633013902e-15,0.445985613333475
TCGA.2G.AAKG.01,0.155433844325715,0.807066554327611,0.0374996013466746,0.532914760833618
TCGA.2G.AAHA.01,0.0701650634387444,6.20777772985842e-06,0.929828728783526,0.231333559494131
TCGA.ZM.AA0F.01,0.153407278148912,0.0820519946585483,0.764540727192539,0.635358987146999
TCGA.2G.AAFM.01,0.00143546590765103,0.998561534651256,2.99944109337959e-06,0.00989659037068582
TCGA.YU.AA61.01,0.538634786256477,0.236462206190781,0.224903007552743,0.919166932433948
TCGA.WZ.A7V5.01,0.0466461105066883,0.0262771884214102,0.927076701071902,0.281081388234761
TCGA.VF.A8AB.01,0.147411225817039,0.0171964305148134,0.835392343668147,0.457251015640366
TCGA.XE.AAO3.01,3.19793850933625e-07,0.15916359725043,0.840836082955719,0.398944539591711
TCGA.2G.AALQ.01,0.620573752935502,0.206547936709672,0.172878310354826,0.842230632318634
TCGA.ZM.AA0D.01,0.0661085561117031,0.030339591936085,0.903551851952212,0.343403152278621
TCGA.2G.AAKL.01,3.11178006566287e-08,0.775208985339691,0.224790983542508,0.485071738478035
TCGA.2G.AALF.01,0.416032467672617,0.583967532013781,3.13602437593042e-10,0.618033370032545
TCGA.2G.AAGN.01,4.13581760013063e-07,0.796342581078677,0.203657005339563,0.460068496797163
TCGA.VF.A8A9.01,0.0288238955938432,0.138351962316972,0.832824142089185,0.480815760443371
TCGA.2G.AALN.01,0.393970173846461,0.568684334403712,0.0373454917498269,0.737960658699751
TCGA.2G.AAGM.01,0.455964058329631,0.212341913951443,0.331694027718926,0.958629192663639
TCGA.2G.AAL7.01,5.94855849734422e-06,0.88976936617857,0.110224685262932,0.31590914335203
TCGA.2G.AAFJ.01,0.737205580935448,0.0116275802503166,0.251166838814236,0.567607626090433
TCGA.XE.AAOB.01,0.4398011227004,0.560198875935864,1.36373596026953e-09,0.624316507121965
TCGA.2G.AAGE.01,0.105572102482476,0.632068705132606,0.262359192384918,0.799533709553872
TCGA.2G.AAG0.01,0.0252816387456179,0.7728658201784,0.201852541075982,0.559901330848482
TCGA.2G.AAGY.01,0.630183362198972,0.00777933969936978,0.362037298101658,0.634068237239646
TCGA.ZM.AA0B.01,0.000487209185833768,0.142681803166141,0.856830987648026,0.376775275926178
TCGA.2G.AAGJ.01,0.0390065738343158,0.714720295056384,0.2462731311093,0.647811005190572
TCGA.XE.A8H4.01,0.0330361112324512,0.0891471416160563,0.877816747151492,0.402838491883641
TCGA.SN.A6IS.01,0.0653815173683335,0.0751243195014205,0.859494163130246,0.457790100682928
TCGA.W4.A7U3.01,0.630130757443246,0.140726016537211,0.229143226019543,0.823392197757308
TCGA.2G.AAGX.01,0.802667208339588,0.0302061079447008,0.167126683715711,0.528977498749366
TCGA.ZM.AA06.01,0.052155973298304,0.161619008830163,0.786225017871533,0.580453276485691
TCGA.SB.A6J6.01,0.0122878989648008,0.0655106284928955,0.922201472542304,0.279715383099206
TCGA.2G.AAHP.05,0.0795684691880932,0.00548987618346197,0.914941654628445,0.283363321857887
TCGA.YU.A90S.01,0.999999714031665,0,2.85968335272061e-07,4.18233372687821e-06
TCGA.2G.AAHC.01,0.0469817326492294,2.06812982539339e-08,0.953018246669472,0.172518319133749
TCGA.2G.AAG3.01,0.480649915050098,0.0256123450156687,0.493737739934233,0.723138404908002
TCGA.XE.AAO6.01,5.64074747092117e-06,0.1687500302815,0.831244328971029,0.413222620597248
TCGA.2G.AAGF.01,0.241595848496317,0.758403833415092,3.18088591246391e-07,0.503287150574467
TCGA.XE.A8H1.01,0.0984234302389212,0.719974553019853,0.181602016741226,0.705011359105912
TCGA.XY.A89B.01,0.0607996348061857,1.52043504339861e-05,0.93918516084338,0.208758840227287
TCGA.XE.AAO4.01,0.0527322691735288,0.0936205973591945,0.853647133467277,0.466029625942526
TCGA.S6.A8JW.01,0.0513614550155244,1.55069744890508e-08,0.948638529477501,0.184327914903719
TCGA.XE.A9SE.01,0.0895428264439657,0.121204945816101,0.789252227739933,0.599517700508235
TCGA.2G.AAFG.05,0.0535952048935488,0.174364908142522,0.772039886963929,0.601780519217651
TCGA.2G.AAKO.05,0.15887239827618,1.66349244132919e-05,0.841110966799407,0.398677614800549
TCGA.2G.AAFY.01,0.14902223984909,0.674527049929401,0.176450710221508,0.778591093131887
TCGA.W4.A7U2.01,1.07140901460081e-05,0.0669280128213433,0.933061273088511,0.223692900560692
TCGA.2G.AAGV.01,1,3.30530494810419e-16,0,1.09265838964099e-14
TCGA.2G.AAH8.01,8.87477843870904e-06,0.125513255847506,0.874477869374055,0.343959948921919
TCGA.2G.AALS.01,0.370209959131017,0.579082749790421,0.0507072910785623,0.760435611999238
TCGA.2G.AAF4.01,0.0318770107137835,0.0333958023087733,0.934727186977443,0.260748810818703
TCGA.SN.A84W.01,0.735196871695405,0.000643085052232796,0.264160043252362,0.530246295613553
TCGA.VF.A8AD.01,0.00133902247680177,0.78091109747416,0.217749880049039,0.485988587805391
TCGA.2G.AAEX.01,0.0327161425784499,0.169834645313819,0.797449212107731,0.54021132665696
TCGA.2G.AAL5.01,0.529889375369851,0.185592195246822,0.284518429383327,0.916363674358086
TCGA.2G.AAF1.01,0.0712715204391924,4.88556619081294e-05,0.9286796238989,0.23433730345958
TCGA.2G.AAG7.01,0.116606717815918,0.648916061858102,0.23447722032598,0.793083996829397
TCGA.2G.AAGG.01,0.569612082615805,0.215631118733564,0.214756798650632,0.893623014335669
TCGA.2G.AAEW.01,0.0829076453903958,1.54960441036318e-09,0.91709235306,0.260159180635203
TCGA.2G.AAKD.01,0.0175469385660055,0.891325207462384,0.0911278539716104,0.356613025017721
TCGA.2G.AAH4.01,0.564772430640921,0.202298034961348,0.232929534397731,0.896886525814313
TCGA.2G.AAH2.01,0.741802202742422,0.0926068414837067,0.165590955773872,0.673281584253
TCGA.2G.AAG8.01,0.054741772271452,0.803042523985933,0.142215703742615,0.557572775412079
TCGA.2G.AAGT.01,0.393237635691473,0.370781448497928,0.235980915810598,0.979099161443192
TCGA.WZ.A7V4.01,0.0896495928552039,5.48453834616636e-08,0.910350352299413,0.274644047001547
TCGA.2G.AAFN.01,0.0052996371741495,0.974249782913222,0.0204505799126283,0.120819727231735
TCGA.XE.AANI.01,0.799908256031417,0.00295248669899706,0.197139257269586,0.469599917092813
TCGA.VF.A8AA.01,0.0621276568348392,0.0621680875884197,0.875704255576741,0.420123382189572
TCGA.4K.AA1H.01,0.436560396355441,3.11301649038317e-10,0.563439603333258,0.623583307153593
TCGA.XY.A8S3.01,0.125643083769118,0.700316180477476,0.174040735753406,0.741295172240991
TCGA.XE.AAOL.01,2.38539756549092e-06,0.149755875538304,0.85024173906413,0.384410660526071
TCGA.SN.A84Y.01,0.00486776733622536,0.795077625626777,0.200054607036998,0.482577838763587
TCGA.2X.A9D6.01,0.123492859414571,0.000165025232264,0.876342115353165,0.34171064306733
TCGA.2G.AALW.01,0.731697022260966,0.0869509568691668,0.181352020869867,0.683197321045302
TCGA.VF.A8A8.01,3.78027022804305e-07,0.99999962197175,1.22721666484549e-12,5.43270722351224e-06
TCGA.ZM.AA05.01,0,0.102508850541398,0.897491149458602,0.300889379311989
TCGA.2G.AAGZ.01,0.223765937704089,0.665929788957501,0.11030427333841,0.772726792340619
TCGA.2G.AAM3.01,0.937162486545348,0.0605876489260482,0.00224986452860399,0.222467130150002
TCGA.2G.AALX.01,0.851396773280362,1.98567102372478e-08,0.148603206862928,0.382554347290345
TCGA.2G.AAFH.01,0.0587928084862632,0.0991847842903617,0.842022407223375,0.492058205075626
TCGA.ZM.AA0H.01,0.000131207656116553,0.0932103523402685,0.906658440003615,0.283261293688628
TCGA.2G.AAFZ.01,0.483176869141381,0.249474310139682,0.267348820718938,0.956212109863639
TCGA.YU.A90Q.01,0.0604129047912228,0,0.939587095208777,0.207627512237582
TCGA.YU.A90W.01,0.0241486072942401,0.0237750772124945,0.952076315493265,0.205324831000777
TCGA.4K.AA1G.01,0.0205031994445917,0.0303134780984525,0.949183322456956,0.214073185662021
TCGA.2G.AAM2.01,0.0622098620378779,0.803581320397592,0.13420881756453,0.56256051055721
TCGA.VF.A8AE.01,0.0109837170317632,0.219490729557628,0.769525553410609,0.531578018439876
TCGA.2G.AAHN.01,0.0946665058969344,0.0616269830629833,0.843706511040082,0.489970790020601
TCGA.2G.AAGS.01,0.280690650916413,0.514730811809049,0.204578537274538,0.931249795558979
TCGA.XY.A9T9.01,0.0169969779285566,0.0373795689436415,0.945623453127802,0.222991647216477
TCGA.2G.AALO.01,0.78861894163917,0.0382495694652919,0.173131488895539,0.560460226737577
TCGA.S6.A8JX.01,0.000103286346893542,0.052061621953576,0.947835091699531,0.187133456940182
TCGA.2G.AAKH.01,0.0514758441814888,0.592952574750331,0.35557158106818,0.755756060016059
TCGA.2G.AAGC.01,0.199027920181324,0.543693087928058,0.257278991890617,0.911953863492166
TCGA.S6.A8JY.01,3.64480388519489e-07,0.129533935150417,0.870465700369194,0.350902221108083
TCGA.W4.A7U4.01,2.97951334853865e-07,0.77126458310699,0.228735118941675,0.489479456890536
TCGA.WZ.A7V3.01,0.002482795184164,0.0898660879707204,0.907651116845116,0.290699671745753
TCGA.2G.AAFI.01,0.134229897580458,0.674185260008092,0.19158484241145,0.775467308334898
TCGA.SO.A8JP.01,0.0373416200704472,1.83587146041363e-08,0.962658361570838,0.145093933708823
TCGA.VF.A8AC.01,0.124527512077797,0.0733769587015003,0.802095529220703,0.571607230155472
TCGA.2G.AAH0.01,0.017977661448356,0.142285112906517,0.839737225645127,0.451810144421185
TCGA.XE.AANJ.01,1.22813714085298e-05,0.168021643649656,0.831966074978935,0.412233016610265
TCGA.2G.AAF8.01,0.0600222316067413,0.197670136453406,0.742307631939853,0.646725323386808
TCGA.2G.AALY.01,0.359188657730824,0.572987443873974,0.067823898395202,0.791335672535701
TCGA.ZM.AA0E.01,9.10210969900935e-06,0.061774681506458,0.938216216383843,0.211118268494589
TCGA.YU.AA4L.01,0.363779153204023,0.36280202796945,0.273418818826527,0.99239445382345
TCGA.SB.A76C.01,2.91406673418753e-07,0.0204129427049632,0.979586765888363,0.0907022092668208
TCGA.YU.A94D.01,0.507312564224948,0.115064599253721,0.377622836521331,0.874583147505706
TCGA.XE.AANV.01,0.0678581539875272,3.07082058828364e-07,0.932141538930414,0.225801202081074
TCGA.2G.AAKM.01,0.153278415085943,0.704349499722293,0.142372085191764,0.73898856003871
TCGA.WZ.A8D5.01,0.0126438156455317,0.13367648069605,0.853679703658418,0.418085536255633
TCGA.2G.AAGW.01,5.79769212263297e-09,0.81880847278881,0.181191521413498,0.430721161308937
TCGA.2G.AAKG.05,1.36570887833109e-08,0.628075294787795,0.371924691555116,0.600732719769756
TCGA.2G.AAG9.01,0.016292483199387,0.0977193055360736,0.885988211264539,0.365541892230122
TCGA.XE.AANR.01,0.143847408558816,0.0952766303869372,0.760875961054247,0.647042592696084
TCGA.YU.A94I.01,0.443648639178514,0.223512140945139,0.332839219876347,0.966313683382389
TCGA.2G.AAFO.01,0.243253642649235,0.685449710877327,0.0712966464734379,0.720039405964774
TCGA.2G.AALR.01,0.52798819007971,0.235470549208053,0.236541260712237,0.927308146057389
TCGA.SN.A84X.01,0.472521527777508,0.27397830524487,0.253500166977623,0.961994422518675
TCGA.XE.A8H5.01,1.02430105538883e-06,0.0816131443171678,0.918385831381777,0.257330748841196
TCGA.XE.AAOD.01,0.151741629814853,0.149796358804964,0.698462011380183,0.747457269971928
TCGA.2G.AAHT.01,0.0481155911905747,4.05797701993664e-09,0.951884404751448,0.175611513245576
