S4,S6,S7,S5,S2,S3,S1,ITTH
TCGA.DJ.A4V5.01,0.0944346210616066,0.323888992645657,0.0373129337105272,0.0572983903677645,0.295702995014095,0.0761365272667172,0.115225539933633,0.863284043745084
TCGA.L6.A4EQ.01,0.0705947162210277,0.681495113422477,0.0251820845971678,0.113915504387028,0.0937258743498162,1.36806704255423e-05,0.0150730263520581,0.551875084686216
TCGA.FE.A3PB.01,0.184859023921239,0.209287321004874,8.76636101993532e-06,0.217014270764689,0.38813681913011,0.000429796826492573,0.00026400199157569,0.690628378704718
TCGA.ET.A3DS.01,0.0108285470270666,0.0868875585498224,0.857201778280034,0.000233486610493773,0.000116743066485098,4.82423877895134e-05,0.0446836440783083,0.275313687953681
TCGA.E8.A432.01,0.275081064562956,0.441711541537009,0.088904408233324,0.0100110191289551,6.87584918044105e-09,0.182812829710826,0.00147912995108062,0.666790441472323
TCGA.ET.A39M.01,0.124909111215691,0.470775096956376,0.0185700236537505,0.300172706668841,1.77416074424544e-05,0.0509805915709586,0.0345747283269403,0.677324442304958
TCGA.EL.A3T8.01,0.0809673449936195,0.547546384882962,0.0423928346161853,0.057444380435677,0.1091643196224,0.00519151748963028,0.157293217959526,0.715071560281178
TCGA.ET.A25K.01,6.73994317367687e-07,0.437580495238925,7.25860244688247e-07,0.0523300150922803,0.0858800693127744,0.0060440597314305,0.418163960770027,0.576771924127912
TCGA.DJ.A13O.01,0.0410139805879567,0.0877364675754187,0.291149380138966,0.176198183521613,0.32493407203246,0.00587464969832917,0.0730932664452563,0.820342756107585
TCGA.DJ.A2PO.01,0.0751883447469295,0.661899849663868,0.110225088551383,0.0158495109478709,0.136796250508361,3.72645451019327e-05,3.69103648578061e-06,0.539083525004941
TCGA.DJ.A13V.01,0.00519505418204742,0.740696183750521,0.00781744190428008,0.0845869107391332,0.124039072204766,1.30961701333293e-05,0.0376522410491184,0.451727991015438
TCGA.EM.A2CT.01,0.123370082655515,0.122746033027227,0.546911207046519,0.0110984418406549,0.195415552861094,0.00039962657528366,5.90559937073734e-05,0.626121939091579
TCGA.DJ.A3VJ.01,0.0106892305703144,0.193435690878751,3.45550925307373e-07,0.108020158580969,0.382041448948155,0.051652354255962,0.254160771214923,0.758258349601829
TCGA.EL.A4K4.01,1.00156414660867e-07,0.1587782853503,0.0282644868749934,0.0493845284948179,0.685579607314927,6.80900576157843e-07,0.0779923109079703,0.513549881208051
TCGA.EL.A3ZP.01,0.273718121131628,0.181193367317768,6.37348589968175e-07,0.118753563112473,0.260270718640428,0.0746059944321802,0.0914575980169335,0.863311339805336
TCGA.DO.A1K0.01,0.0548861676971797,0.476745972994091,0.0755728237404802,0.00130804554305337,0.339907659876147,0.00125773759875061,0.0503215925502979,0.638233428385723
TCGA.EM.A22N.01,3.58002876441313e-06,0.0208304955720461,0.963574297176867,2.35396633693882e-05,0.0128630979484203,2.25923996696816e-05,0.00268239721086338,0.0970312569762933
TCGA.IM.A3U3.01,0.11958337968689,0.426102393573414,0.0395982933796176,0.0740144241146256,0.31800733613372,0.0210295454372879,0.00166462767444526,0.716486074212058
TCGA.IM.A3U2.01,1.83994498178291e-06,0.257928953133371,0.0121197580953842,0.166617807815421,0.534211484139282,0.029118730280855,1.42659070481522e-06,0.585603997955919
TCGA.EL.A3ZM.01,0.000157421627467931,4.12510739832809e-05,8.29275421882913e-05,0.341642423702202,0.619467620193707,0.0383161391629597,0.000292216697491472,0.407786422005806
TCGA.ET.A3DW.01,0.0740649922397141,0.327972318413584,0.0209389138654033,0.0544441747248925,0.515632537935459,0.00616867936644401,0.000778383454502976,0.604509408269948
TCGA.EM.A22M.01,0.117633032560195,0.45719724439109,0.014184741453799,0.163197097370355,0.0763343384133015,0.171450431087226,3.11472403248186e-06,0.752630298984647
TCGA.EM.A22I.01,0.0261618007713901,0.241216557875021,4.85177431331046e-08,0.0436678464906234,0.563887588258961,0.0204132741993134,0.104652883886948,0.623758844054576
TCGA.H2.A3RI.01,0.07924788607967,0.50507845273574,0.11627831133079,0.0696855436214703,0.227966302149934,0.00151868007309926,0.000224824009296377,0.683758436037728
TCGA.EM.A2P0.01,0.0434657922055803,0.446288803393301,0.0946117925983183,0.0117461595193832,0.278432866596769,0.000386644526795907,0.125067941159852,0.714675742386697
TCGA.E3.A3E3.01,0.023473129190007,0.433060932859855,0.142760267869149,0.0579100652007083,0.342060510646202,0.000573736619752657,0.000161357614326429,0.650596978523896
TCGA.DJ.A2Q5.01,2.44016241118436e-07,0.869934309108598,4.25446782714945e-07,0.0774478783561635,0.0322813580875719,0.0052472841827131,0.0150885008019297,0.267743724378901
TCGA.ET.A39S.01,0.00344717266071526,0.383731017970097,0.179916675826389,0.0805394442686308,0.0887004148365392,0.00875371303019329,0.254911561407435,0.772568541754422
TCGA.FY.A3R9.01,0.162714508352937,0.0605325940039163,0.649537739167356,0.0188327133479984,0.0499645555541699,0.000147737882521552,0.0582701516911003,0.584280908326394
TCGA.DJ.A1QN.01,0.066368401634896,0.81422339016859,5.89497621303281e-07,0.051879281397611,0.0200248698995585,0.0475030853835388,3.82018184738081e-07,0.372029223849016
TCGA.EM.A22J.01,0.326997419009484,0.178028863140888,0.477976931725622,0.000263799721105704,0.00928175307417903,0.00732670763393034,0.000124525694791421,0.56957963415862
TCGA.EL.A3GO.01,0.117173188556747,3.85342564877731e-05,0.531228477369332,0.000189143571820044,0.00017252304464729,0.000200766269043317,0.350997366931923,0.493327052854308
TCGA.FK.A3SG.01,0.0366557632374401,0.245475497105464,1.68432348359093e-06,0.152779269869867,0.151418805738166,0.0742556451528984,0.339413334572681,0.821568646019576
TCGA.EL.A4K9.01,0.0936921509771512,0.593153986935219,0.0979595528996578,0.09093024633847,0.0331704783569407,0.0205101038830609,0.0705834806095005,0.697390220441212
TCGA.EM.A3FJ.01,0.0238187901861837,0.748018526546944,0.0129497561023654,0.131566750039025,0.0434127839764343,0.00236986030739018,0.0378635328416573,0.464457895486212
TCGA.KS.A4I1.01,0.0899528900975419,0.534115666588038,0.000117727850007575,0.289786403273343,0.0674935978218537,3.42119173547368e-05,0.0184995024518604,0.600090607587422
TCGA.IM.A41Y.01,0.0796074947180875,0.264232912835021,0.089769754456389,0.147405864205495,0.416880218578827,9.69237733618178e-06,0.00209406282884514,0.734629357589525
TCGA.EM.A3ST.01,0.476796523692618,0.188161522878993,0.114259819408365,0.192052788350496,0.0269472587817993,0.00160370267705611,0.000178384210673295,0.689369977542281
TCGA.ET.A39K.01,0.000290295841646579,0.351338394992589,1.4630838707137e-07,0.303785447069409,0.166511529503512,0.0248259136741839,0.153248272610272,0.724346306756607
TCGA.FY.A3ON.01,0.104518451038136,0.265930632013485,0.0265957568134725,0.0386591172210391,0.41499604585098,0.027746627267121,0.121553369795766,0.786830144466127
TCGA.DJ.A13X.01,2.12461971002559e-05,0.706424758279582,0.0939943445759264,0.0215531736785342,0.011103737294401,1.19963494818843e-07,0.166902620010962,0.462242191974975
TCGA.EM.A3O8.01,0.417921301957578,0.230095230111706,0.350516278484479,8.32091255668417e-05,7.05235796852393e-06,1.59157575639684e-05,0.00136101220513752,0.555101164689122
TCGA.ET.A40T.01,0.198552838835387,0.527457580774639,0.00606149108026073,0.0659291343410244,0.111960557727278,0.0235647071610872,0.0664736900803247,0.710365216077996
TCGA.DJ.A3VF.01,0.043937904926664,0.240699036397752,0.0224813900661247,0.0158421265394041,0.599634035497407,0.00281253596894231,0.0745929706037062,0.589909872390504
TCGA.ET.A39N.01,0.129722136568813,0.0733355065326382,0.530679020012724,0.186237246154721,0.0544451928814531,0.000108421522019394,0.0254724763276316,0.698254255537748
TCGA.KS.A41I.01,0.479008403055483,7.75588562577363e-06,0.216242190260092,0.263270060294796,0.00755301335812163,0.000380703641045134,0.0335378735048362,0.610984271499311
TCGA.DJ.A13U.01,0.077197505829432,0.343392822809178,0.234400634412342,0.0128207005763344,0.329812836766687,0.00117669074005008,0.00119880886597682,0.689920740617043
TCGA.BJ.A0ZC.01,2.4583359774723e-05,0.119546559987749,0.836869430309515,8.88185839863632e-05,0.00491507446309517,0.00801980713446931,0.0305357261614101,0.295702751971585
TCGA.ET.A3DT.01,3.70372361446261e-05,0.830800012989208,2.69392644588305e-05,0.000199386478558252,0.127635220371221,0.00985322750122489,0.0314481761591843,0.294681300379706
TCGA.ET.A3BW.01,0.0715971040082142,0.84819990334777,0.0411289585521735,0.0107145442426845,0.00105397413720441,6.15382095468146e-06,0.0272993618909986,0.315469355764559
TCGA.ET.A25I.01,0.224638877840643,0.121580311404456,0.565960556236497,0.0633658827930035,0.019507289974723,7.21676726977356e-05,0.00487491407797991,0.612594670135207
TCGA.L6.A4ET.01,0.0520961050402117,0.715541135043128,0.00140077934985177,0.146059640444143,0.0473674486857765,2.17054376712895e-05,0.0375131859992171,0.488957880550683
TCGA.EM.A3AI.01,0.106654670150827,0.109614238648421,0.688299216876375,0.0769502340371752,0.000113824841436799,8.6607286001934e-05,0.0182812081597639,0.51929158665709
TCGA.FY.A76V.01,0.289348360084579,0.411818358760726,0.156783732590223,0.000277589708923288,3.28093918383483e-06,0.0134938959386022,0.128274781977764,0.687863271184407
TCGA.EM.A3FM.01,3.88205304886113e-06,0.0759914920229545,1.08633455563661e-05,0.232551679158437,0.632383430007609,0.0590356536490832,2.29997633103181e-05,0.509947485965998
TCGA.EM.A4FV.01,0.180102264580053,0.478960114042342,0.198827916260001,0.0360958351287095,0.0575564857193426,0.000564073681301651,0.0478933105882493,0.727917588345301
TCGA.DJ.A2PX.01,0.139291323909019,0.592071750157697,0.145937907442934,0.0588916873905764,0.0120144910286031,3.69610637071735e-05,0.0517558790074638,0.636876586597746
TCGA.FY.A4B4.01,0.0574810809593359,0.233860212008883,1.20400012920006e-07,0.0487693446570473,0.515624289361927,0.0478682580722289,0.0963966945405654,0.700869778288657
TCGA.J8.A3YH.01,0.0975772431687898,0.764367805091489,8.76263639211343e-08,0.0980913255795829,2.64212414779723e-07,0.0112231102923778,0.028740164028982,0.417606216557555
TCGA.DJ.A3V2.01,0.0377479248736337,0.700596254501035,0.0723789342718694,0.135250302856416,0.0305712558505766,0.000165998536918028,0.0232893291095516,0.52893156248652
TCGA.FK.A3SE.01,2.3462299291541e-07,0.0443079466985754,0.0854271687657079,0.041629252952116,0.527625087510641,0.00817380252498163,0.292836506924985,0.625348052869632
TCGA.ET.A39L.01,0.121205127030742,0.387873659902486,0.305206445105686,0.0105672711861121,0.000141419465431825,0.000348885858266616,0.174657191451276,0.689757826295173
TCGA.DE.A3KN.01,0.318123826691725,0.329272920089211,0.0115316248085395,0.0355082341872392,0.122419982746016,0.0845209371357014,0.0986224743415679,0.819422347718522
TCGA.BJ.A45D.01,0.392793265707699,6.91540072640755e-06,0.256454947398834,0.228695424305394,7.02522001012315e-06,0.0712949725869372,0.0507474493803998,0.715948292173156
TCGA.ET.A2N5.01,0.34837745009489,0.132280251530939,0.407085098409483,0.0338270210608132,2.75378831802791e-05,0.0084085219732248,0.0699941190474701,0.689629783495083
TCGA.BJ.A45K.01,0.251151424471419,0.0829618684608975,0.486057460481178,0.0241764276079429,2.44978998961478e-05,3.50581058987085e-05,0.155593262972768,0.659994950091645
TCGA.EM.A1YB.01,3.45142223725243e-05,0.0042897775120512,0.823011565645035,0.0287431331048245,0.143866914685191,2.990663562231e-06,5.11041669631588e-05,0.290636316060038
TCGA.EM.A4FF.01,0.122758380469881,0.379464181494233,0.0542747694860967,0.0690820326387478,0.333673489862172,5.77454151040025e-05,0.0406894006337652,0.752875576863229
TCGA.DJ.A3V0.01,0.126630037279089,0.286249696687953,0.0807717436176788,0.173984661423073,0.28701165522762,0.0005788907002582,0.0447733150643271,0.837081544596384
TCGA.DJ.A2Q7.01,0.0170151121206007,0.733067368557473,0.115799810833932,0.0844187701630246,0.00742280876495933,2.54975147676337e-05,0.0422506320452427,0.47567879032704
TCGA.EM.A22Q.01,0.105996100342356,1.37438032417283e-05,0.372908867116301,0.520989758393306,3.33097064192064e-05,1.19360521447187e-05,4.62845862311985e-05,0.486420560042657
TCGA.DJ.A2PW.01,1.94384017298762e-06,0.396140755701974,1.00312621310453e-06,0.082126808363139,0.364795393394828,0.0478872595574951,0.109046836016178,0.682031493383935
TCGA.EM.A3FK.01,1.96487152311357e-06,0.2408888496381,2.98353753252858e-06,0.00668574924728833,0.599475966418762,0.0222130177409866,0.130731468545808,0.531235287211103
TCGA.FY.A3NM.01,0.000210227570703987,0.104473562505918,0.854987536803721,7.069539850413e-05,5.62903517688982e-06,0.00388025344986406,0.0363720952361127,0.264420432250762
TCGA.EM.A3SU.01,0.0124497811743648,0.179603391545476,0.0523585410244459,0.368481031322663,0.383501689138266,0.00300605996924121,0.000599505825542582,0.655096978735588
TCGA.ET.A25J.01,0.0981792249211631,0.426897922582393,0.171485621199012,0.0342849655385588,0.267707071174079,0.000573059953100814,0.000872134631693311,0.705320490948822
TCGA.FE.A3PC.01,0.272417540199303,0.266469812859992,8.68756281944886e-05,0.222925828250845,0.211586477614417,0.000139920015638726,0.0263735454316102,0.754303400275338
TCGA.EL.A4KI.01,0.331129455599972,0.0323766999049477,0.25571655153474,0.313975984038894,5.71956490465601e-05,0.0523620931655294,0.0143820201068702,0.722279279630213
TCGA.EL.A3D6.01,0.0259310317414853,0.226070197326876,0.0154102138171546,0.0770505815008787,0.597525715215998,0.0417315943747987,0.0162806660228092,0.616658033945112
TCGA.CE.A3ME.01,0.044627531438635,0.324711709299214,0.160649230493623,0.0466413985560069,0.4121955727928,0.00136919850131117,0.00980535891840935,0.699114672782431
TCGA.H2.A422.01,0.102607735496323,0.259328640670215,0.0986360739661448,0.00521834870496999,0.501102606339884,0.00140245834312851,0.0317041364793344,0.670325448265737
TCGA.FY.A4B0.01,0.178479923870542,1.01812324547982e-06,0.730585012366507,3.97331919480119e-07,2.63724622012336e-07,0.0228242321866769,0.0681091523964872,0.414300433557165
TCGA.EM.A3FR.01,0.220072551389504,4.99805965759855e-05,0.489718367485212,0.0575650821640145,0.0295342113386682,0.000273347390698072,0.202786459635327,0.65647239508149
TCGA.EM.A4FR.01,0.823413255213087,6.30000182570978e-05,4.33777503315755e-06,0.155278579244372,1.19099907515327e-06,0.0212350527687869,4.58398138840538e-06,0.273257017427618
TCGA.EL.A4JX.01,0.0265998392695378,3.68540754586823e-07,2.30075165840403e-09,0.0692294417766237,0.860058473058058,0.0315021992855766,0.0126096757686974,0.295529278317371
TCGA.EL.A3H1.01,0.177049594750339,0.0228748745136602,0.537801057548661,0.0178373988150446,4.42576006559197e-05,0.00028941871542156,0.244103398056218,0.588605928492696
TCGA.DJ.A4UP.01,0.313580683629738,0.14754537344374,0.0858842033072635,0.0562932875607024,0.0218188739209998,0.0584097585469802,0.316467819590577,0.838815032233989
TCGA.DJ.A3UM.01,0.0161018212555822,0.567974157140345,0.0332245063828848,0.0587666248640459,0.275635618792339,0.000106167626921631,0.0481911039378814,0.601137528047547
TCGA.E3.A3E5.01,0.15335357499859,0.598184068209563,0.0507069361263488,0.109407125108006,0.0562397726788085,0.0130719120722991,0.0190366108063843,0.658904634239554
TCGA.KS.A4IC.01,0.0662326729448727,0.508918705834638,0.0676230271792942,0.116655750546706,0.231810563679105,0.000235213771994672,0.00852406604338888,0.68749486308623
TCGA.DJ.A4UR.01,0.668173391418739,1.22730670521688e-05,0.143710234534614,0.120956848667687,1.10140313123862e-05,0.0281080796457254,0.0390281586348696,0.529802838504819
TCGA.EM.A2CP.01,0.0324548839233934,0.0463491378693996,0.811250628108464,0.000104255535567272,2.94040226354563e-05,7.01937413013059e-05,0.109741496799239,0.343147358360519
TCGA.E8.A44K.01,0.149405139033574,0.175664020588359,0.0475443171331728,0.110419117273964,0.51658678235249,0.000292149814658425,8.84738037828093e-05,0.679419742735425
TCGA.DJ.A2PQ.01,0.046652705233568,0.727518664489568,0.0561351701142496,0.0606558497527878,0.0829259092373286,2.78629135592991e-08,0.0261116733095841,0.517877380201796
TCGA.ET.A2MY.01,0.0747166418808976,0.334276549340485,0.118392532343802,0.068738191136162,0.403473022783609,3.98145386900499e-05,0.000363247976354433,0.702123251630922
TCGA.FY.A3I4.01,0.0496852224980049,0.0599899774569932,0.118190039105631,0.100643724823132,0.319479996254491,0.0192377983536825,0.332773241508066,0.826415203160108
TCGA.EM.A2P2.01,0.326233364198475,0.332865362564761,0.173867440157223,0.0379696331116371,0.0209015174167194,0.0216706842853925,0.0864919982657925,0.789115285522821
TCGA.DJ.A2PU.01,3.34728758584594e-07,0.849463699808563,0.0497279240157474,0.0416818982523012,1.1412537678659e-06,0.000785549894109597,0.0583394520467525,0.30406944657721
TCGA.FY.A2QD.01,0.0448273544978837,0.164746396676,0.635447028445128,0.000233850075986164,0.0798485182295739,0.000204327786029295,0.074692524289399,0.577471834538082
TCGA.EM.A22P.01,0.118116498260437,0.662675760088542,0.0647912442937296,0.0550509543060489,1.32476292959801e-05,7.39078827374916e-05,0.0992783875392086,0.561214060988315
TCGA.EM.A1CT.01,0.0694511661235584,0.434332912304851,0.129066458543401,0.0118244157839499,0.340320587582061,0.000932972817593386,0.0140714868445857,0.66678103488649
TCGA.ET.A39J.01,0.00128679279519161,0.420107019945105,0.040445047030394,0.0547541952258253,0.193886169061073,0.0181608323412421,0.271359943601168,0.722796954374096
TCGA.EL.A3GW.01,0.21867672650725,0.293297654361007,0.352695176977989,0.00270014389054192,0.084629447437012,0.0045964674857362,0.0434043833404646,0.74289304258729
TCGA.EL.A3ZK.01,0.129308592443381,0.0257160487088466,0.073598893541529,0.0470451959238554,0.570577735124753,1.16689736785784e-06,0.153752367360267,0.669369211163884
TCGA.ET.A3BN.01,0.0215608574019054,0.0371631086820292,0.000698517398567983,0.000140019835964314,0.516280631013018,0.000112064237365047,0.42404480143115,0.471518060212072
TCGA.FY.A3R7.01,0.0576626171878716,0.431484744995388,0.268073108735663,0.0343021727279424,0.0603982902683839,1.98120677953394e-05,0.148059254016956,0.744304640210548
TCGA.DJ.A1QD.01,0.0027826046712574,0.225295784051425,0.0698575532302032,0.00608698699486585,0.525658218945516,0.000158418064093762,0.170160434042639,0.621766683607933
TCGA.EM.A2OW.01,1.87033597866136e-06,8.42603519672455e-05,0.921998961451627,6.78140092163561e-06,0.0524251498273612,4.44344336496639e-06,0.0254785331887796,0.166451720196234
TCGA.KS.A4I3.01,0.0573889402508854,0.344673066500477,0.172129010613992,0.0646865310102643,0.333104955251234,0.00222454537251747,0.0257929510006296,0.763263670681572
TCGA.DJ.A3V3.01,0.177210458065641,0.460962487840386,0.103193653098858,0.128943598428197,0.0466556348767953,0.014507110951368,0.0685270567387549,0.796658241847214
TCGA.DJ.A3VK.01,0.474736104548348,0.315937360258052,0.150201629697,0.0465922204595627,6.50685854461628e-12,0.0108288780997649,0.00170380693076571,0.619343482708975
TCGA.ET.A2N3.01,0.295921911188038,7.65048410685626e-05,0.427857314669159,0.151985739360544,0.000139923458855289,0.000415910410009672,0.123602696072326,0.654461579813195
TCGA.EL.A3CU.01,0.00557924709181883,0.59605035865162,0.0393351460176706,0.00204477122082945,0.354721079866649,0.00125470672389567,0.00101469042751637,0.442116042606161
TCGA.EM.A2P3.01,0.0197598780257547,0.579007573477179,0.0775758851594435,0.0678234773613513,0.242676820815131,0.00127716404620249,0.0118792011149382,0.606176035597973
TCGA.BJ.A28X.01,0.0799994610376481,0.414969478638773,0.0846346794609895,0.0116798194241087,0.405420388628228,0.00244599798194035,0.000850174828312468,0.624263706728798
TCGA.DE.A0XZ.01,0.221777934450418,0.685912733423579,1.45452011614133e-05,0.0194860489448231,0.0447190120817143,0.0212519131785213,0.00683781271978308,0.475047976892196
TCGA.ET.A3DP.01,1.25659604451115e-05,0.557136737536153,1.23492757993781e-05,0.0490080223596094,0.0990245569980513,0.0138969761740945,0.280908791695847,0.575081657237222
TCGA.EM.A2CL.01,0.161609634447039,0.189263379949628,0.529678358583551,0.00063679075174161,0.000432223487053297,0.00111663855629185,0.117262974224695,0.623439589442709
TCGA.EL.A3ZQ.01,8.70048467325383e-05,0.303226247896702,4.19396215398733e-06,0.647778873911531,0.000121063715800906,0.00314978408642509,0.0456328315806539,0.413214233802108
TCGA.EM.A22K.01,0.448915883285419,0.231115750781138,0.226135294287436,0.00032867181132529,0.000206969711874698,0.0170597682740798,0.0762376618487275,0.670298595729054
TCGA.DE.A4M9.01,0.144246858585324,0.065049232950448,0.500485466083555,0.0267825267310656,0.0477606140643323,0.000647895562900325,0.215027406022374,0.709665149693089
TCGA.EL.A4KD.01,0.361616218680641,0.20439332623446,0.152423391683601,0.0485686436220117,0.031292601664509,0.0373715902318478,0.164334227882929,0.849978710090288
TCGA.EL.A3T1.01,0.03749847818412,0.224282834497989,1.62343491737253e-06,0.0324953626505251,0.641989270434443,0.0118035523583634,0.0519288784396424,0.544878206495839
TCGA.MK.A84Z.01,0.473382243943217,0.0542006741906843,0.319118294362054,0.0700805591162188,1.49084975095531e-05,0.00711753499281224,0.0760857848975035,0.665060019975396
TCGA.EM.A4FH.01,0.0729332522386686,0.117178462059791,0.718865253005224,0.058575601283063,2.54464149739223e-06,1.23603955423616e-06,0.032443650732202,0.491777632578088
TCGA.MK.A4N7.01,3.79944618543602e-06,0.81472328084936,3.96905456274603e-06,0.0401146381062878,0.0781403996344032,0.0134729482362622,0.0535409646729387,0.364871648485804
TCGA.EM.A4G1.01,0.214580875660989,0.105336305139359,0.350722019292845,0.0791317445407429,0.244732896247018,0.00185983624651808,0.00363632287252832,0.777079487207538
TCGA.BJ.A0YZ.01,0.0333367128389634,0.125685139642271,0.667058935440811,0.0781395980255179,0.060013370823552,5.40016384480787e-08,0.0357661892272463,0.581364004115693
TCGA.DJ.A3UR.01,0.0314468720745842,0.735501373267677,0.121437522307646,0.0962709000864293,0.000390714450578095,0.000731851407590686,0.0142207664054943,0.454765600686269
TCGA.J8.A42S.01,0.0215844932911193,0.567819776725109,0.027061928457989,0.12515191782355,0.097400895087999,0.00493412592401293,0.156046862690221,0.670559527072778
TCGA.ET.A2N0.01,0.000193823416027627,9.09505442981205e-05,0.05894130354221,0.573397689726448,0.215484187729586,0.00071173150688447,0.151180313534546,0.570328998250959
TCGA.FY.A3NN.01,0.0355680635526248,0.560973169087704,0.153966679881726,0.0371215231990824,0.21211628547992,0.000209253764207014,4.50250347362708e-05,0.608674757533109
TCGA.GE.A2C6.01,0.180442400878133,0.616024749488189,3.24752719357667e-10,0.0198880335339154,0.067219027199114,0.043004089179848,0.0734216993960481,0.613527695548142
TCGA.DJ.A1QI.01,1.0547233716106e-05,0.701530309001236,9.77999123292877e-06,0.0225300295617996,0.184510861861571,0.0309697277892843,0.0604387445611599,0.474542397817726
TCGA.FY.A40M.01,0.27771072326994,0.184713499816677,0.173588318513146,0.130037051422591,0.181603565822309,0.000251582866707047,0.0520952582886297,0.875072746077566
TCGA.DJ.A2Q0.01,1.11344567199753e-05,0.0193540019315205,0.859444292986787,0.0220686132146813,0.0985637085741934,0.000101763753703854,0.000456485082393937,0.269097727474641
TCGA.EM.A2OY.01,0.00290568681271253,0.0181900657597944,0.881070436807466,0.0341955039246141,0.0632154386813687,0.000112669331928801,0.000310198682115176,0.254343898733864
TCGA.BJ.A0Z9.01,5.80317767322258e-09,0.0113494660948968,0.0373788256515451,0.0331628931123333,0.865883749385399,0.0154092891731041,0.0368157707795436,0.306897334388511
TCGA.EM.A1CV.01,0.0789881451622058,0.887957298173608,0.0234178402454381,0.00040939894013999,1.73274011064865e-06,2.77370512167329e-06,0.0092228110333758,0.226327492238811
TCGA.BJ.A28T.01,0.0118970731723965,0.275137716604414,0.624150702414646,0.00215559152662379,0.0214166770361311,0.00231882779125906,0.0629234114545293,0.506518221812265
TCGA.ET.A40Q.01,0.0354109342361102,0.366775712808284,0.000256826412484878,0.15243301988736,0.404075621503395,0.039550343786731,0.00149754136563403,0.657111385875787
TCGA.EM.A22L.01,0.351414464738606,0.176089591288828,0.460592445491272,0.000269237525997675,0.000124960795415433,0.000150347486859509,0.0113589526730207,0.558054432337636
TCGA.EM.A4FN.01,0.0962539831430193,0.353217743195008,1.24463208179853e-06,0.254907104114622,0.287222975587082,0.00834939166661267,4.7557661574546e-05,0.688659284967106
TCGA.EL.A3MZ.01,0.0509714002842616,0.291502870516737,0.0129617436670642,0.122648587063275,0.502575750369562,0.0163995426367431,0.00294010546235695,0.644982015609567
TCGA.FY.A3W9.01,0.37350576498085,0.168147830042464,0.382948471120317,0.020316955839863,0.0193431498395352,0.000156884056266063,0.0355809441207053,0.673593503075647
TCGA.DJ.A3VL.01,0.46468225728948,9.96945937169371e-06,0.315702399024439,0.203142778278044,0,0,0.0164625959486649,0.571261424770478
TCGA.EL.A3ZL.01,0.283475835667144,0.461719647875668,1.16262655947641e-05,0.164194702723788,1.16567229370443e-05,0.000416430062705811,0.0901701006821626,0.632755187481804
TCGA.DE.A4MD.06,0.153266154290694,0.00591538512885291,0.108245065205221,0.283300640930161,0.310078162963123,0.0627994968335169,0.0763950946484314,0.847501695505566
TCGA.EL.A3MX.01,0.247680222232986,0.393454826129715,5.21561646387538e-05,0.280981265979161,0.076587245337077,5.39262588919133e-05,0.00119035789753016,0.655328628204334
TCGA.DJ.A2PT.01,1.3381504228019e-05,7.49199968819135e-06,0.0178517922214521,0.226355379724594,0.626437459936046,0.0173227019810189,0.112011792632973,0.522554530333861
TCGA.ET.A39P.01,0.067682188906305,0.408285830727639,0.120803487948761,0.0703297096220876,0.331983263392016,0.000257794157666522,0.000657725245524091,0.700465027454538
TCGA.EL.A3MW.01,0.0667906213194483,0.680262603749034,0.0912678953957253,0.088868186566805,0.033205044307258,0.00027258902639584,0.0393330596353341,0.575059946627493
TCGA.KS.A4ID.01,0.253682656111497,0.0351143889710291,0.289716936854802,0.128247443330124,0.282715231874858,0.000237090756320361,0.0102862521013701,0.767815156087625
TCGA.FE.A233.01,0.0221869751947959,0.304153550153244,0.102041764661697,0.00957156768561253,0.530738372561546,0.000466367018739186,0.0308414027243652,0.601767715167768
TCGA.E8.A413.01,0.109525608524574,0.307965584361631,0.147665785827831,0.0470184516873096,0.305602538817575,0.00265455862043614,0.0795674721606426,0.827666547447267
TCGA.EL.A3ZN.01,0.504415235446072,0.106802664793894,0.0167177526060687,0.102507883582169,0.072260274788921,0.0336449839549897,0.163651204827885,0.763744374369767
TCGA.FK.A3SB.01,0.0288946623247469,0.78241167238829,0.00792907356232391,0.0292685846085668,6.39552309085678e-07,0.0352979218606909,0.116197445703072,0.413303813863403
TCGA.EL.A3CN.01,0.0157608447096677,0.205548737601066,0.0146152566526064,0.0282774714982692,0.680502279623253,0.00913732869941101,0.0461580812157268,0.513900856910269
TCGA.EM.A2CO.01,0.0440101278591729,0.0607564247982782,0.794404725323454,0.0230404040353254,0.0775979788916552,0.000144461175105575,4.58779170085293e-05,0.399524438508735
TCGA.DJ.A4UT.01,0.245196285227313,0.185661865596391,0.0720515560390093,0.0599323195454444,0.323622760512602,0.0253391532365781,0.0881960598426612,0.867404341390361
TCGA.EM.A3AO.01,0.290325497554417,0.269319991544047,1.56152000167305e-07,0.170574431057099,0.12254741888981,0.0836265686478623,0.0636059361547642,0.850015420656464
TCGA.BJ.A191.01,0.151366449729739,0.280577788685692,0.276292980309997,0.0429817649058789,0.211656167921346,0.000581572659056999,0.0365432757882903,0.815532775957989
TCGA.EM.A4FO.01,0.172219213555632,0.392345174843075,0.261326113208545,0.11433659309686,3.9290699899261e-05,0.00751537355255669,0.0522182410434323,0.750282344160953
TCGA.ET.A3DQ.01,0.397177200899186,0.0855541217956678,0.133963360132094,0.00126713036268423,5.57489729159663e-05,0.100304109561568,0.281678328275885,0.741511572938735
TCGA.EL.A3H5.01,0.0424422825137544,0.436927180671162,0.0797449095331243,0.186915151750996,0.189428556536789,0.00256123037068441,0.0619806886234897,0.777951737756591
TCGA.DE.A4MB.01,0.130578669554992,0.152082670199292,0.0576756952700813,0.055642074707392,0.471874775117025,0.0787916119772338,0.0533545031739837,0.816332370393316
TCGA.EL.A3TB.01,0.173259517220779,0.408657142320799,0.119398860302669,0.104057993377269,0.110596139709963,0.028137474691748,0.0558928723767744,0.855042857014985
TCGA.DJ.A1QM.01,1.54397476766481e-07,0.217093371240461,0.576283727415888,1.02316092613486e-08,0.0741882776617478,0.00805382330385158,0.124380635748966,0.585991104798599
TCGA.EL.A3T2.01,0.216111123669956,0.175330255905154,0.338311738829814,0.00150565502863902,0.00192998769355265,0.00114743713022496,0.265663801742659,0.711623999658888
TCGA.DJ.A3V9.01,0.0573669580222341,0.563786230344672,0.000647916326451979,0.0599354365542767,0.156300888647736,0.00335172486757587,0.158610845237053,0.648411164347515
TCGA.J8.A4HY.01,0.0865550868655491,0.308473530902028,0.292652543136538,0.114709642029497,0.196895183398474,0.000429140239298999,0.000284873428614569,0.775068148930748
TCGA.ET.A3DV.01,0.116718596820659,0.0890450273932989,0.600981775380682,0.0625928197484179,0.0688663760572336,0.000308058041365537,0.0614873465583434,0.670007087521351
TCGA.BJ.A4O9.01,0.0824467406154355,0.476234149314403,0.190155301632729,0.0585930091834481,0.189779116810477,0.00185685111526267,0.000934831328244627,0.706361248205209
TCGA.BJ.A18Z.01,0.0761164512257344,0.455800086847687,0.0108476826279847,0.0724825377773117,0.372684956374471,0.0115504147187232,0.000517870428087945,0.625285566852934
TCGA.E3.A3DY.01,4.52238163571471e-07,0.743120292813782,0.058307103538303,0.0441787257126971,0.15437913639403,6.37709636639237e-07,1.36515933883116e-05,0.417675525250055
TCGA.EL.A3T7.01,0,0.294888517154555,0,0.0623251521090189,0.316597786658144,0.0310522772708446,0.295136266807437,0.701566161367697
TCGA.FY.A3R8.01,0.119125480371386,0.354870049667962,0.0277874259778148,0.0481857145332896,0.432900330889705,0.015528118070655,0.00160288048918775,0.670242702394578
TCGA.EM.A3AP.01,0.205710487398282,0.257666576717312,0.443952610055809,8.27561403982069e-05,2.56115155056271e-05,0.0112941617566741,0.0812677964160186,0.663381209302086
TCGA.EM.A3FQ.01,0.0516030649007566,0.125192591520641,0.157138908191247,0.0961212729064822,0.34413770682298,0.158679467583542,0.0671269880743509,0.909373594062674
TCGA.IM.A3EB.01,0.0215670386991032,0.174235022684046,0.0851133989342758,0.060061591405023,0.621896787477912,0.0105096693309262,0.0266164914687148,0.619552068882337
TCGA.KS.A4I5.01,9.23960591782426e-06,0.189628617312801,2.46215374105246e-09,0.195494158483995,0.117350808852526,0.0258700396446959,0.47164713363791,0.686016151014191
TCGA.CE.A3MD.01,0.484035250298948,0.2350826621597,0.0497189268086918,0.0767693646865553,0.0787828825417007,0.0514968465858666,0.0241140669185374,0.760891937251299
TCGA.ET.A3BU.01,0.0486148321003282,0.390345898696072,0.0207310319989339,0.0319809524024872,0.329623770891944,0.025957880058224,0.15274563385201,0.746317700335901
TCGA.ET.A3BP.01,0.147601675347167,0.53072830844171,0.150369660902468,0.0908149429561173,0.0782222447347482,3.63851376651662e-09,0.00226316397927605,0.685789730107634
TCGA.EM.A3OA.01,0.147504833838638,0.0554978118681476,0.603500808855828,0.0589446535711417,0.133964140084156,0.000352706286481561,0.000235045495606375,0.610763192134892
TCGA.E3.A3DZ.01,0.299297370268251,0.222401547116536,0.419100890238583,0.000965012190501427,9.926028537005e-05,0.0012373822793213,0.0568985376214373,0.636639908675101
TCGA.MK.A4N9.01,0.0780903741041644,0.648236618790439,0.000140915048972825,0.0816502928352644,0.0676695229641109,0.000113788309631503,0.124098487947417,0.579764724182101
TCGA.ET.A40S.01,0.332172159051737,0.128010757675393,7.65481027118751e-06,0.078962477653348,0.254067816170499,0.169420203103401,0.0373589315353512,0.823004214656368
TCGA.ET.A3DR.01,1.53018467032713e-05,0.153493009176493,0.189161279841207,0.0171757427754904,0.274767322626318,0.000296633421624098,0.365090710312165,0.718353691051354
TCGA.EL.A3CR.01,0.149586334037049,0.367443314443876,0,0.271564089478005,0.0917374260230905,0.047061788129751,0.0726070478882281,0.801414246915305
TCGA.DJ.A3VE.01,0.0241166368105227,0.445097348188629,9.29747417460364e-08,0.0518041505248934,0.35345771182018,0.00857527831577403,0.116948781365259,0.648978047127946
TCGA.BJ.A28S.01,0.49942653547213,0.236579702927685,0.243607907099893,0.00704112053555701,0.0128838447197371,0.000168282772632436,0.0002926064723662,0.578958037563364
TCGA.DE.A4M8.01,0.247050056365338,0.42417460249392,0.152074713333256,0.0134859860630713,1.32038029278718e-05,0.104943001083102,0.0582584368583845,0.748249514126407
TCGA.EL.A3H4.01,3.80350438352198e-07,0.240876850314438,0.0165200166020321,6.70970060220915e-05,0.600390224409876,3.12230886145636e-05,0.142114208228578,0.511445313724744
TCGA.BJ.A0Z2.01,0.409506038935146,0.192399313508147,0.354185425028284,0.0062662536100896,0.0375812894498255,1.41508751615876e-05,4.75285933464277e-05,0.619797218773845
TCGA.FY.A3TY.01,0.0813155132652519,0.266931738213522,0.305368568591959,0.0445569383440628,0.138386357625362,0.00105462462936328,0.16238625933048,0.83948471222847
TCGA.FY.A3I5.01,2.22133575446449e-05,1.43366052161881e-05,0.696306259857539,0.0361153744906674,1.160151930817e-05,4.5893613870475e-05,0.267484320555854,0.372934844613783
TCGA.EL.A3GU.01,0.0785292376177877,0.219117324639243,0.0388829370799639,0.0769719923016335,0.449081457000576,8.98904528548548e-07,0.137416152456267,0.764863094526941
TCGA.DJ.A2Q1.01,5.54055180153899e-05,4.32857672008666e-05,4.08227780222202e-05,0.320956278438835,0.379257601591891,0.218143552435668,0.0815030534703674,0.652820463419019
TCGA.EM.A3AR.01,0.023474997236791,0.24912278393009,0.456939659844137,0.0250101456679285,0.0515768857217894,0.000181555904247454,0.193693971695016,0.69728310535458
TCGA.EM.A2CK.01,0.266388312773724,0.263536251675306,0.41540687814919,0.0218778315393741,0.00507715444241281,0.000192033777662696,0.0275215376423305,0.657647497616385
TCGA.DJ.A2PP.01,0.12313687843792,0.204091205089094,0.556563206121418,0.000248634049419579,0.113217784389235,0.000103916257494628,0.00263837565541901,0.603160924272129
TCGA.J8.A3YF.01,0.105230176201211,0.237002210395566,1.90300661787942e-07,0.114705259298797,0.444588025233035,0.0393962179076556,0.0590779206630735,0.761315950195679
TCGA.EM.A3AN.01,0.108016777272294,0.559680101798077,0.0891017279849836,0.0649196333621641,0.126666180781167,0.0303103890145834,0.0213051897867312,0.723510504554318
TCGA.J8.A3O1.01,0.0886316910869195,0.248185593874569,0.116919675809935,0.0162647085662857,0.529961630640656,1.0467449304255e-05,2.62325723303316e-05,0.624628966404268
TCGA.EL.A3GV.01,0.014365273917065,0.624009127437091,0.0584213642579838,0.00921388357786671,0.195084636025964,9.97854946152889e-12,0.0989057147740502,0.571451195881332
TCGA.ET.A2MZ.01,0.00259212427695816,0.713496484645622,0.114241017660281,0.0408172414484802,0,0.0138249684089971,0.115028163559662,0.484422682477216
TCGA.EL.A3ZR.01,0.658883547550589,0.0381281480019857,0.202627002841736,0.0359176215820539,0.0275416417059676,0.0368428602809399,5.91780367279506e-05,0.546546415361029
TCGA.DJ.A13M.01,0.27527714275829,0.0281754729826421,0.426622574539257,0.159253594475555,7.53926155875241e-05,0.00611462795129673,0.104481194677372,0.708952422977983
TCGA.BJ.A3PT.01,0.24754083007917,0.119879439905886,0.395254643431507,0.146556821146627,1.7463960390628e-05,4.04114602688185e-05,0.0907103900161503,0.753655111445266
TCGA.BJ.A45H.01,0.0421126388723952,0.575179152174164,0.130400422173437,0.0940125562038622,0.0395881196489489,0.0165799494977302,0.102127161429463,0.703137170396908
TCGA.BJ.A0ZB.01,0.0752752812733822,0.484273299599884,0.0925922716249682,0.053123347954032,0.294005116942406,0.000140986916806631,0.000589695688521007,0.661722634011278
TCGA.BJ.A3F0.01,1.33062419012326e-05,1.94860799578819e-06,0.903262995248969,0.0741315031930666,4.80938088991948e-06,0.022561212622755,2.42247044223275e-05,0.19056168970635
TCGA.FY.A3R6.01,0.217752728350128,0.248621377732445,0.167891631011389,0.0384627999900542,0.192360513812299,0.0518872628181154,0.0830236862855701,0.914791326303908
TCGA.EM.A3SY.01,2.70079245711971e-05,2.35929800302861e-05,0.765382178455628,0.0663601061115595,0.168082547148311,9.63073678468438e-06,0.000114936643115928,0.352581117793897
TCGA.FY.A40K.01,0.152739802511549,0.761516825259467,1.03159421999381e-05,0.0358816972229148,2.80271124593744e-05,6.95888067077715e-05,0.0497537431447022,0.392742333284644
TCGA.DJ.A4V0.01,0.225222196636166,0.242222580266214,0.425456617185068,4.42881607409868e-05,1.99069907999111e-05,2.78350803010653e-05,0.10700657568071,0.659263262543301
TCGA.E8.A434.01,0.121339002546578,0.233506559072335,0.304753742619825,0.055507468623002,0.24012098679079,0.00101507204334413,0.0437571683041265,0.824630129922097
TCGA.EL.A3ZG.01,0.0803545076954942,0.427501988593066,0.195766392907316,0.130907993453327,0.115802013914613,0.00042779436746529,0.0492393090687183,0.797855895805644
TCGA.EM.A2CQ.01,0.0603183011928018,0.102825975581714,0.593283497716459,0.000856033230436473,0.202542614832668,0.000753251327140701,0.0394203261187797,0.604022188535894
TCGA.FK.A3S3.01,0.174600237831183,0.50118056834919,0.0532352323185806,0.106296815914728,3.3727802703288e-06,0.0514777245481208,0.113206048257927,0.742439468827544
TCGA.E8.A414.01,0.053833844075508,0.275973178702684,0.128136757038961,2.21588849986286e-06,0.366351951837449,0.0062292496392589,0.169472802817639,0.758636785188165
TCGA.BJ.A2N8.01,0.191245732971157,0.260177100978164,0.385212907736555,0.110372986639391,0.0469137021887808,0.0049814274874282,0.00109614199852457,0.74761861998754
TCGA.DJ.A3UY.01,0.0550348959366968,0.237007715176902,0.262427353351864,0.0145985095952278,0.349083335585244,0.00191184204638526,0.0799363483076808,0.768224599767836
TCGA.E8.A418.01,0.07708626355633,0.332839646518461,0.0328256334631643,0.12455889328337,0.418687436321416,0.012718060872075,0.00128406598518288,0.700905729024031
TCGA.DE.A0Y2.01,0.0187183684892359,0.0967255300685235,0.00580171659833683,6.66571090945125e-05,0.694373732804568,2.47202892322005e-05,0.184289274641009,0.460521465683507
TCGA.J8.A4HW.06,0.0883076119063578,0.349225284177517,0.0750683665510395,0.0397820285693561,0.325087638458356,0.0124260282570002,0.110103042080373,0.805330999440992
TCGA.BJ.A0Z3.01,0.000740199431513766,0.69616068556098,0.10403616117674,0.0839438108060728,0.0775549305836704,0.00232720193460236,0.0352370105064204,0.529918655893348
TCGA.FY.A40L.01,0.131104793688708,0.242832029334818,0.0703524377029205,0.0500383629316771,0.500110761436701,2.06357289738368e-06,0.00555955133227723,0.679426296089385
TCGA.EL.A3CO.01,3.04303759017601e-05,0.000105376522327307,0.401154135475422,0.0259446303318177,0.000123770747794096,0.000526398156476585,0.57211525839026,0.404442678646832
TCGA.EM.A4FU.01,0.557601587875016,5.96972438331856e-07,0.279124536799804,0.0368136088002791,0.0348426504421347,0.0305230163242803,0.0610940027860476,0.615495796068379
TCGA.EM.A2CJ.01,0.131743110873631,0.0881191602847637,0.618493470636643,0.0423073245911623,0.0364400122229307,0.000202601937663188,0.0826943194532062,0.637538854922036
TCGA.EL.A4K6.01,0.915239472219777,4.85520578827945e-06,3.91486930981034e-06,0.0846333183868348,1.17942214653992e-06,3.22772783770427e-06,0.000114032168305944,0.14967726707244
TCGA.CE.A482.01,0.329522615044336,0.360103630768205,1.1892941277e-05,0.00529081294634756,0.163016900129366,0.129902140974823,0.012152007195645,0.707066697506342
TCGA.EL.A3H7.01,0.0184749992860292,0.189484625765953,6.65224511656238e-08,0.0930434588231056,0.65558498129465,0.00686814205019011,0.0365437262576217,0.535397449559699
TCGA.BJ.A0ZJ.01,0.104348461662001,0.465336023069542,0.287125214396868,0.0871170077876978,5.05126379580023e-06,0.000235173621018485,0.0558330681990761,0.681342309851044
TCGA.EL.A4JZ.01,0.244443136895638,0.488836626449746,2.97424340593593e-08,0.0916457740903963,0.0134013328176505,0.114059441532184,0.0476136584719517,0.700773064541662
TCGA.EM.A3SX.01,0.165394337138337,0.602919769474969,0.118811921681892,0.0342637352020237,1.59000313615093e-06,1.72746296931041e-06,0.0786069190366724,0.601943690126727
TCGA.BJ.A45I.01,0.0524267270346288,0.252255742881513,0.0122753003614596,0.115331868005379,0.557126248026209,0.010167477094899,0.000416636595911195,0.606875600368039
TCGA.FE.A234.01,0.0411763240918266,0.410399354046918,0.010971522627448,0.0237180634668998,0.489714998736378,0.0239621016696295,5.76353609002921e-05,0.552289024148621
TCGA.DJ.A4UQ.01,0.191209816370517,0.344940188193902,0.123684177389317,0.0445646616283398,0.186128509412977,0.005827417707236,0.103645229297712,0.852292190234389
TCGA.DJ.A13S.01,0.350964881122226,0.208926741498156,0.359288880081754,0.000263137570017932,0.0665403335902343,0.0140000261377353,1.59999998763861e-05,0.670546231115566
TCGA.EM.A2P1.01,0.0513170247737492,0.25939826444715,0.0841197345745154,0.0125022202430113,0.588881607240092,5.31998032571549e-05,0.00372794891822492,0.56459456859932
TCGA.EL.A3D5.01,0.115040183465041,0.242659488015452,0.571487214684742,0.0213682015987923,1.98730864552819e-07,0.00246965112644923,0.0469750623786586,0.592432485357957
TCGA.E8.A3X7.01,0.0364768981447253,0.349418614530416,0.070587525796207,0.222024099335813,0.321252006582272,4.44270098469638e-06,0.000236412909582203,0.707260831101277
TCGA.BJ.A28R.01,0.070181173015397,0.362968506853134,0.0589802500431897,0.0504916515543222,0.436803082988369,0.000187619110531231,0.0203877164350569,0.675660725209333
TCGA.BJ.A0ZE.01,0.344651434790236,0.000577117944903429,0.477178571316438,0.0969253114932032,0.0664996719469087,0.0139770114366562,0.000190881071654615,0.612700302817092
TCGA.ET.A4KN.01,6.99402541405617e-05,3.8698018021564e-05,4.61107010244252e-05,0.997729906884171,0.00111850685112805,0.000947040832032782,4.97964594815556e-05,0.00949590083873517
TCGA.EM.A3O7.01,0.0391752456409422,0.769489666001683,0.0580667726194235,0.0825082471097547,0.0427843623718081,0.000236066769651396,0.00773963948673755,0.449195057204536
TCGA.E3.A3E2.01,0.012917469513164,0.798930196178224,0.0128998313459096,0.151557240321481,8.79296975190771e-05,7.59148351373669e-05,0.0235314181085645,0.342962492548884
TCGA.H2.A421.01,0.11326288299071,0.39853294057769,0.0235752335959942,0.141658959682251,0.292168762263529,0.00092073088983872,0.0298804899999882,0.74481895944826
TCGA.DE.A0Y3.01,0.0266324802784043,0.262455734214579,0.0549455715430141,0.00262390736788037,0.616432010712757,0.000401828923136305,0.0365084669602286,0.536962218725897
TCGA.EM.A1YA.01,1.73286807962338e-05,0.0187019584914919,0.818451564517372,0.0228086164690355,0.0903515420134266,0.00023251271362683,0.0494364771142511,0.3559367989199
TCGA.ET.A2N4.01,0.210987825924697,0.599630048684624,0.0991753829661227,0.0675589246845561,1.36372463541264e-06,0.0226444896890233,1.96432634144396e-06,0.581741859522852
TCGA.IM.A41Z.01,0.252523218404101,0.0842748138824084,0.446637485419844,0.0524163561545861,0.163145446508026,0.000584726064419057,0.000417953566615288,0.706072999302372
TCGA.CE.A27D.01,0.215953416835424,0.247908115937083,0.321660219215696,0.0781358418589164,0.0505599722735031,0.0493980673366211,0.0363843665427564,0.853498727685488
TCGA.EM.A3O6.01,7.59344077379583e-07,1.9126347122983e-06,0.908556989446699,0.0745579753275747,3.82397970188146e-06,0.0168766575240583,1.88174317664212e-06,0.179705225838207
TCGA.EM.A3FQ.06,0.500913886381809,0.139912635972243,7.14150330583064e-05,0.30469492681644,0.00612397411261373,0.0482804449480224,2.71673581267527e-06,0.597058992641309
TCGA.DJ.A3UO.01,0.102854192357703,0.607440721436122,2.19056991226857e-06,0.0888625922934906,0.0930927863528161,0.093508977535967,0.0142385394539896,0.644955345265246
TCGA.ET.A40P.01,0.2791571532984,5.02996551681307e-05,0.15555167167962,0.21131414486419,0.000148254720007836,3.33045230181399e-05,0.353745171259597,0.690611250944059
TCGA.ET.A25R.01,0.0588179219605823,0.42034131833021,0.0225605252495741,0.0444860703217487,0.447143322340404,0.00586715335862126,0.000783688438859865,0.591295173338695
TCGA.DJ.A3VI.01,0.0805532358099701,0.298552207250851,0.0637363502206859,0.0737976672457659,0.458808420404393,0.000156228135274278,0.0243958909330606,0.70971183084514
TCGA.DJ.A3UQ.01,0.0157528769920573,0.445383475699162,0.0528236331371246,0.0421494746330466,0.436259818410227,0.000319532874378167,0.00731118825400398,0.572918533640683
TCGA.DJ.A3VD.01,0.022109488012036,0.231187225101986,0.084820790697092,0.0223267449232648,0.54032765590998,0.00170894866838345,0.097519146687258,0.661650468697225
TCGA.DJ.A13L.01,0.0261424437243723,0.369152585592599,0.0113530345229719,0.144703680300056,0.432028288450632,0.0166196940227151,2.7338665314982e-07,0.629213519723322
TCGA.BJ.A3PU.01,0.00298379373035399,0.137085820966652,0.0251404059284495,0.294255314996472,0.526302178449808,0.0136033888764522,0.000629097051812381,0.587510555926238
TCGA.FY.A3WA.01,0.0469031526550553,7.35039085918659e-05,0.477601936615524,9.79553495087215e-05,5.1685258462014e-05,0.000137096537481307,0.475134669675377,0.438536994995072
TCGA.DE.A4MC.01,0.0782552070066024,0.283414733029609,1.68121011679493e-06,0.0488003998065187,0.563270226368259,0.0262530938277929,4.65875110121073e-06,0.577134368140049
TCGA.J8.A3O2.06,1.3981368430165e-05,0.717504970080658,5.43283793274071e-05,0.113568406544509,0.128542207094493,8.26588006487551e-05,0.0402334477319335,0.452070367896669
TCGA.BJ.A2P4.01,0.440096632838452,5.04618167172876e-05,0.304767373728116,0.215999847325892,0.000311307700764237,0.0115101534226623,0.0272642231673963,0.620258163018552
TCGA.DJ.A2PS.01,0.0549684297076744,0.651498973111909,0.109438939687531,0.021945659355214,0.0958260278224318,0.00488433873250258,0.0614376315827368,0.609829807644476
TCGA.ET.A25L.01,0.065559458378917,0.426606889675293,0.00730917211147076,0.0863031634165332,0.378678901271548,0.0233886013708958,0.0121538137753427,0.667349330919603
TCGA.E3.A3E1.01,0.0306065013762372,0.370384703978479,0.156328997993814,0.0700019752663234,0.368729803437363,3.67810066153361e-05,0.00391123694116775,0.689027189086172
TCGA.L6.A4EU.01,0.0569897170560733,0.00109408857018403,0.0115955601931616,0.197771030549477,0.613301346226033,0.119228499924931,1.97574801398441e-05,0.563514776003967
TCGA.E8.A417.01,0.135997074055105,0.35012763287769,0.0930722816191045,0.0587981208051771,0.360007707309566,0.000794078983857766,0.00120310434949968,0.723531868055854
TCGA.ET.A2MX.01,0.0607091294360259,0.00610844941376838,0.151243352216228,0.142009209216588,0.599542792240021,0.000736510649118941,0.0396505568282499,0.618784237260386
TCGA.DE.A4MA.01,9.53260507645692e-05,0.117362283242095,6.8343014622298e-05,0.469790285308193,0.412131979980459,0.000220449895967737,0.00033133250789821,0.502452259706633
TCGA.EL.A3ZT.01,0.172595256901916,0.10130451865874,5.27759910973628e-07,0.0757193960982865,0.450806406668585,4.321992404508e-07,0.199573461713321,0.72530722531239
TCGA.BJ.A4O8.01,0.131391088640584,0.466769908414139,1.69688959461393e-06,0.058082995372071,0.308801495002228,0.0129406550111599,0.0220121606702246,0.663313345888262
TCGA.J8.A3O0.01,0.228463796466823,0.220693564663963,0.307180033621553,0.0432717186198824,0.101486831159296,6.81528973466844e-08,0.0989039873155855,0.837771465259423
TCGA.DJ.A2PV.01,1.13650059737253e-06,0.695609593067506,0.0935989795054322,2.31244756134539e-05,6.64322948828122e-06,3.16638835786033e-06,0.210757356833005,0.412524363596746
TCGA.EL.A3H8.01,2.57445067996475e-05,0.610674662670375,0.00545127692351877,0.0132923005410589,0.324606224382801,7.3260255239222e-05,0.0458765307202079,0.459734108471456
TCGA.EM.A3FP.01,0.248115878483749,0.0238289293588892,0.578678206357708,0.0999943330150689,3.9810106470519e-05,0.0274721570299987,0.0218706856481162,0.598400896353289
TCGA.ET.A3BO.01,0.0768553867124186,0.553719346295167,0.00846364402986244,0.0322050408055083,0.316691224888861,0.00339204666339085,0.00867331060479174,0.565359163725586
TCGA.ET.A25G.01,1.20624355222699e-05,1.88095624578308e-06,0.0491643456750497,0.0301978639964378,0.865897852679494,0.0130467174688802,0.0416792767883702,0.291741847707493
TCGA.DJ.A3UK.01,0.115913376384996,0.721068691376299,0.0654747453040257,0.0297817132810942,2.69765818967391e-05,0.000134745431397954,0.0675997516402906,0.489403459070141
TCGA.E8.A437.01,0.267549995006454,0.260294430021351,0.10226744068569,0.176064092755225,0.184866849564359,0.00169612831532092,0.00726106365159917,0.822620553706413
TCGA.ET.A3BT.01,0.0276899401964453,0.523420518574965,0.0834424528622844,0.06275641143927,0.275552773271691,0.00819103335169751,0.018946870303647,0.662323606652019
TCGA.ET.A3BQ.01,0.000128875907258433,0.618982683955931,0.030595680934881,0.0561230050745057,0.0418101970853358,0.00924931164125344,0.243110245400834,0.558227548130461
TCGA.FY.A3YR.01,0.0380653830304592,0.34243405014358,0.0505916768660293,0.0812337979408894,0.487410952275211,0.000132515745340878,0.000131623998489451,0.616125327778454
TCGA.KS.A4I9.01,0.078586095869263,0.400072413459531,0.0451644255246933,0.0804767138595289,0.395681298747329,1.84384168210958e-05,6.14122833722409e-07,0.655806983042585
TCGA.DE.A7U5.01,0.02527536046072,4.12719445674677e-06,5.29410735965116e-06,0.0326598809373562,0.777522468373224,0.00311663336715137,0.161416235559732,0.366335297192775
TCGA.EL.A3ZS.01,0.119268258485365,0.284985947069326,0.0865512994248385,0.0670864588139686,0.219129325095127,7.19600053501578e-06,0.222971515110839,0.859115558003535
TCGA.EM.A1CU.01,0.00761836409272719,0.42253517973815,2.07520864277201e-05,0.0517864075053343,0.368165430381938,0.0275062457086771,0.122367620486746,0.657012053790067
TCGA.EL.A3T3.01,0.060056675612779,0.141885225449783,9.10244287124486e-06,0.109820647953658,0.418638495179322,0.00761410021173841,0.261975753149848,0.740654258668179
TCGA.DJ.A1QF.01,0.00264107673379731,0.731658504608584,0.100336086242313,0.000666889898202896,0.129663216530939,0.000390781100362046,0.0346434448858022,0.444157283150685
TCGA.DJ.A13R.01,0.125693495065774,9.58886408326251e-05,0.518147256845968,0.348855547901482,0.00672847000065343,0.000352350000835827,0.000126991544454264,0.517606197732019
TCGA.EL.A4K0.01,0.0219337232248356,0.752110764161497,3.01983123155406e-05,3.45355970921522e-06,0.110295923644655,0.059191462371219,0.0564344747257685,0.447664307720538
TCGA.DJ.A4UW.01,0.108412221772024,0.46385890982069,0.112795197556879,0.114974370976584,2.13869128332056e-06,1.18058908550745e-06,0.199955980593454,0.72661927752598
TCGA.DJ.A3UU.01,0.0339141236009846,0.748443663292016,0.0420112717820091,0.0359918865897192,0.0511089922790918,0.000253132928977212,0.0882769295272019,0.48964726131855
TCGA.QD.A8IV.01,0.305077862580685,0.083676278830553,0.430036097990747,0.0112893353951605,0.000153075294022365,0.000831053476592829,0.16893629643224,0.663410930445811
TCGA.EM.A22O.01,0.0191014051822811,0.305844724310555,0.23069897284701,0.103878842191121,0.33823617161795,0.000875841689809603,0.00136404216127443,0.716033594547311
TCGA.BJ.A45F.01,0.461659926438959,0.0808437234689564,0.36672290403517,0.0370890579217207,0.0516231682958972,0.00201176311670399,4.94567225925819e-05,0.625011549919088
TCGA.EM.A2OZ.01,0.0426966777875466,0.38413200676686,0.206456570221108,0.0359395798376646,0.327806294495378,0.00145431478233743,0.0015145561091051,0.684705035960112
TCGA.ET.A3BV.01,1.12936792322495e-06,4.24608443137211e-07,1.06210033820041e-06,0.0302327186528151,0.791569411063678,1.74509755338553e-06,0.178193509109249,0.307425071329484
TCGA.EL.A3N3.01,0.0435367191385449,0.141321833228546,0.0495933949663544,0.03250068153874,0.70234653996022,1.91938033439776e-06,0.0306989117872604,0.528513026564906
TCGA.EM.A4FQ.01,0.143857425753176,0.246046880261366,0.0088039863496705,0.16793364024896,0.416997430517214,0.0160888167399285,0.000271820129685381,0.718761404328774
TCGA.DJ.A4UL.01,0.0441937158918573,0.617894364623569,0.0401107939948918,0.233438973796679,0.0563526892173892,1.24635602624168e-07,0.0080093378400107,0.567694739932544
TCGA.CE.A484.01,0.646347644867128,0.0791350695177939,0.0852966313393509,0.129751826331109,0.000126390686068238,0.000820072869892851,0.058522364388657,0.581125780212973
TCGA.DJ.A13W.01,0.380007659644167,0.000194014101522274,0.259222008449227,0.239526898926258,0.00042576901849153,0.00052200583175085,0.120101644028584,0.680097548193673
TCGA.EL.A4JW.01,0.0152594926884526,0.0453964882471319,0.175538627375985,0.0338929037619148,0.475075503194896,0.000360697268194026,0.254476287463425,0.68299535567736
TCGA.BJ.A2N7.01,0.27198847014191,0.264146126802985,0.348336569387489,0.0457933986183922,0.0479547565101665,0.000122201555885349,0.021658476983172,0.742120445679656
TCGA.4C.A93U.01,0.0185459946434883,0.12815605648463,5.3469759058251e-06,0.053312567713425,0.539773050927238,0.08668309191481,0.173523891340503,0.689822303505618
TCGA.ET.A39R.01,0.21454710318067,0.479508744453727,0.0847182614328729,0.0563986011982464,0.100738013856985,0.0434719472088495,0.0206173286686496,0.771625762263984
TCGA.DJ.A1QL.01,0.234224612605138,0.105812648692601,0.551965332071804,0.0354754290744197,1.42428575450916e-06,1.44594373973054e-06,0.0725191073265435,0.624090025522197
TCGA.FK.A3SD.01,5.4393687567365e-05,9.80306897719525e-06,0.806271860465961,0.0971263525578781,2.12744912058189e-05,1.00716637297486e-05,0.0965062440646811,0.322075194215091
TCGA.EL.A3CT.01,0.0276883146322861,0.133377688777346,0.0597017853536406,0.000172822703446219,0.678147407631923,0.0497208473494636,0.0511911335518952,0.566590653013879
TCGA.EM.A3O3.01,5.07329772645514e-06,3.46306202081632e-06,0.0681372536325305,0.0657710061785172,0.0926602828828136,0.773247794460454,0.000175126485937182,0.402341419714541
TCGA.EM.A3OB.01,0.552551626789746,0.111918326852971,0.227785499148359,0.0343642258421704,0.0643161711432464,0.00838656882898905,0.000677581394518271,0.640937536705565
TCGA.EL.A3D1.01,0.0829120863158041,0.0660519472816064,3.88923159101544e-07,0.341886242249079,0.173323800568104,0.143307245586378,0.19251828907587,0.849084397458838
TCGA.KS.A4I7.01,0.162830790546801,0.571438622554222,2.16303963615778e-06,0.0865970389222114,0.0575149754893991,0.0692469862866071,0.0523694231611238,0.683900463091079
TCGA.EM.A3FN.01,0.0587604154218507,5.67548521335775e-06,0.741644607961185,0.181148928241756,4.57445770088209e-05,3.48272544355884e-05,0.018359801058551,0.396714035633684
TCGA.CE.A13K.01,0.338722684053724,0.407101097491147,8.22130501849298e-09,2.30481294345615e-09,0.0375438167512004,0.146117639590615,0.0705147515871945,0.680306065823579
TCGA.EL.A4K1.01,0.0847730759882503,0.336830786564221,0.0244390622019835,0.219157423663104,0.330185096756195,0.00420296932059622,0.000411585505649897,0.714934426752354
TCGA.FE.A3PD.01,0.341098303981174,0.352093679769902,1.54841782635334e-06,0.0684679088010327,0.0890494465062333,0.102231882297974,0.0470572302258567,0.77617344850628
TCGA.DJ.A3VM.01,0.462284202220225,0.175018032093953,0.240615685382624,2.24475076260053e-05,0.117474293741892,0.00458066188891139,4.67716476816138e-06,0.658321447377769
TCGA.ET.A4KQ.01,0.408529379179521,0.253251023898964,0.284691094449177,1.58026718729046e-05,8.17442300363001e-06,0.0190240163012731,0.034480509076189,0.649025428582065
TCGA.EM.A3FO.01,0.108381477468,4.40129925368711e-05,0.000285832691982937,0.141348935656913,0.525158800730332,0.0571662181153045,0.167614722344931,0.679046782057636
TCGA.DJ.A1QO.01,0.00296718883587924,0.0507380735018852,0.125436402627226,0.0576157198198074,0.702789759435141,0.00846175584410639,0.0519910999359556,0.532055219627114
TCGA.KS.A41F.01,0.00413723092932561,0.194309970464807,0.0536721849371005,0.733183733689357,0.00834913184621694,0.000134712409158909,0.0062130357240343,0.410245667175869
TCGA.DO.A2HM.01,0.0716763405435843,2.41634592647737e-07,0.0713698519118466,0.0102631621799483,0.78831553954643,0.0487140001954059,0.00966086398819191,0.413097798912402
TCGA.EL.A3ZH.01,0.270279476361039,0.0265210197914024,0.460980707458484,5.91990888867001e-05,0.105577878433416,0.00032835453707502,0.136253364329698,0.677843691046519
TCGA.KS.A4IB.01,0.334470025884316,0.302814757456407,0.0229588948239694,0.0165762904336559,0.281822259300571,0.0403109560227662,0.00104681607831476,0.707238817841866
TCGA.FE.A235.01,8.02709559688642e-07,0.364096887931867,9.15031235289543e-07,0.241772561921689,0.00804066006047558,0.0342334568891806,0.351854715455993,0.633622414979446
TCGA.IM.A3ED.01,8.26660897791577e-06,0.556047924003154,3.41625539903439e-06,5.40341931613267e-05,0.312240535140825,0.00995825107116904,0.121687572727314,0.510131097382111
TCGA.DE.A69K.01,0.105771394905549,0.483165040227792,2.28711392910579e-06,0.0374069691627943,0.217531375438659,0.107908950559972,0.0482139825913056,0.735019291360408
TCGA.EL.A3GY.01,1.22272921100526e-05,0.357330893883339,0.0131329418431319,0.0412387563424225,0.396218263274695,1.45275737327746e-06,0.192065464606928,0.637222052234067
TCGA.ET.A3BS.01,0.0354148456939721,0.769005448693246,0.0424294779859935,0.0633321389212411,0.0553159351371009,0.000859163902080355,0.0336429896663663,0.467352333303002
TCGA.EM.A4FK.01,0.14110864570899,0.120583975648663,0.600515648467828,0.000800059996485491,0.135845639288635,0.000774693190447357,0.000371337698951657,0.577116576946551
TCGA.EM.A3SZ.01,0.0786840987779899,0.236103795075212,0.0171186357061762,0.0822489675616138,0.570381685067459,0.0145282391683337,0.000934578643214298,0.618825957612197
TCGA.DE.A69J.01,7.37609769544471e-08,0.433805558157738,1.13759111925363e-07,0.0601053166666873,0.487675000953257,0.0167056814048881,0.0017082552973407,0.493724104046094
TCGA.FE.A236.01,0.0114710609447766,0.391143626665652,0.200572772870289,0.0251440764935169,0.356341164480707,0.000563478998027515,0.0147638195470307,0.651317705421586
TCGA.EL.A3T6.01,0.036762020515333,0.0361679549404793,0.0432454658033696,0.07592537428175,0.699957819624762,0.00256116539343359,0.105380199440872,0.55252777949096
TCGA.DJ.A13T.01,0.0418911658466755,0.718866452459449,0.0392493927549704,0.00582672979827844,0.0738434336135151,0.00459816399542089,0.11572466153169,0.510808696710658
TCGA.EM.A4FM.01,0.0408765111916129,0.406190767768174,0.000154797233020677,0.195223413081568,0.353585558390391,0.00379554661620098,0.000173405719032642,0.620364601231295
TCGA.KS.A41J.01,0.0441396248736829,0.332888039952529,0.0564533684300167,0.254266141592919,0.28509348934754,0.00105568301318985,0.0261036527901222,0.757753424674156
TCGA.DJ.A2Q2.01,0.0163521509006148,0.0420750151347155,0.708295951304773,5.24139194502397e-05,0.145885244592823,0.000194485575362528,0.0871447385722609,0.483322979140345
TCGA.BJ.A3EZ.01,0.0858988427498817,0.257924008614597,0.0986637287442946,0.0492541070491932,0.504607533762144,0.0028813096099115,0.000770469469977234,0.670469618090848
TCGA.EL.A3MY.01,7.54345956267566e-06,4.1973194330228e-05,9.93778451438106e-06,0.0621362516118102,0.81053633434929,0.00659305403548172,0.120674905565011,0.32469246837619
TCGA.BJ.A290.01,0.0921727822656049,0.767644579289289,0.0251725635823038,0.11409841596976,6.62887181395907e-06,4.94689888399628e-06,0.000900083122344313,0.395468011348431
TCGA.EL.A3N2.01,0.121079567404474,0.380953778210564,0.022738727792578,0.0195897479334862,0.446386426973436,0.00925175056946644,1.1159949987347e-09,0.611400902146694
TCGA.DJ.A2PY.01,0.0247153610891895,0.50454061676826,0.0566161564981813,0.00862707100877667,0.401500377202288,0.000782319330053747,0.00321809810325039,0.529644984981487
TCGA.FY.A3RA.01,0.0270053698070407,0.361208927241828,0.124956791011921,0.0429661807949388,0.399909189153723,0.000429452347653541,0.0435240896428955,0.702367646923629
TCGA.EL.A4KG.01,1.39466292516998e-05,0.151760942537804,1.76351326844398e-05,0.154063462932296,0.613767828903659,0.0376208119159728,0.0427553719483321,0.581953287730622
TCGA.BJ.A2NA.01,0.0247895140173454,0.354927718343122,0.0760018475260225,0.0593935816660264,0.456957821592193,9.7335198401102e-09,0.0279295071217702,0.658133815079218
TCGA.EM.A3AJ.01,0.059398425995676,0.0266965537688957,0.644972912397392,0.0522920217746054,0.0328238333401287,0.000127588923939797,0.183688663799362,0.578727164721286
TCGA.EM.A2OX.01,0.0590346030000156,0.683563834782388,2.49615240733468e-07,0.0930707552606377,0.0598627103539231,0.0981722686527955,0.00629557833499908,0.553165498268432
TCGA.EL.A3CP.01,0.0013889257910237,0.747348193669414,0.0111740741077001,0.0224868912622814,0.140652247139767,0.000413732071080205,0.0765359359587335,0.430718840268122
TCGA.EL.A3D4.01,0.202856286649879,0.268511881086534,0.225788442721463,0.123051291595858,8.70866982973986e-05,0.0578642467012805,0.121840764546688,0.869860627465461
TCGA.ET.A3BX.01,4.57612409468351e-07,0.0690459195353663,0.016611280766746,0.00505387683161011,0.816159479420219,0.021037406393955,0.0720915794396941,0.36793969368634
TCGA.DJ.A4V4.01,0.108549739918472,0.356340616510491,0.132975596865931,0.125838246253073,0.264714236538431,0.000365071625519366,0.0112164922880832,0.792918159889314
TCGA.BJ.A0ZG.01,0.0432673455345971,0.124218274466801,0.708676618793453,0.019075182495165,0.000116999824801216,0.000543771655284047,0.104101807229899,0.49086887629668
TCGA.FK.A3SH.01,0.0769332708160436,0.427433625802113,2.08599377452267e-05,0.271489031204254,0.152207930162934,0.0202600625443861,0.0516552195325238,0.736628329232086
TCGA.EL.A3CZ.01,0.192901306089216,0.244881999184143,0.423405523160732,0.000295409096310442,0.00177015159894476,0.000156022864454696,0.136589588006198,0.674628955202913
TCGA.DJ.A2QA.01,1.76230314481926e-05,0.278365855896292,0.196546909731829,0.429035216603298,2.93739118014587e-05,0.0119219981050245,0.084083022720307,0.668212287108155
TCGA.BJ.A45E.01,0.000901285750786407,0.000696766320335079,0.730491206324227,0.246884017249809,0.0146120816353982,0.00358604886870693,0.00282859385073706,0.351853978308633
TCGA.FE.A237.01,0.0425276472336257,0.525527870014696,0.0782683778295505,0.0545211762632543,0.244414033447373,2.39233351811038e-05,0.0547169718763192,0.685532894839317
TCGA.IM.A420.01,0.0880004069916491,0.156647487528711,0.069452868760406,0.0975717833334199,0.573308523904545,8.85808597832869e-05,0.0149303486214857,0.667613813303947
TCGA.CE.A483.01,0.0816706728305802,0.49014368847674,0.104129320305068,0.0367632734392101,0.272124072410295,0.000696584745980288,0.0144723877921259,0.684313344281478
TCGA.DJ.A3UN.01,0.131975671058566,0.694286002141471,0.066143456551054,0.0659667812526286,1.37550916111813e-07,0.0169505419153262,0.0246774095300382,0.534475955988631
TCGA.ET.A25P.01,0.311735610649566,0.307018478640448,0.304984768482187,0.00176353292176597,0.0119046188169711,0.0436680820989169,0.0189249083901454,0.7008588605289
TCGA.H2.A26U.01,3.28283348904085e-06,0.412931061952611,1.14765653305239e-05,0.0637763914193093,0.477695015836695,0.0382223601475578,0.00736041124500688,0.542044825492646
TCGA.DJ.A4V2.01,0.0593185886893188,0.163944816516632,0.00785362999623583,0.0419512341760115,0.585201075276108,0.0032227500282238,0.138507905317469,0.637729497297485
TCGA.ET.A3DU.01,9.82891470413586e-08,0.206702374759496,0.00227930895350789,0.19259192193643,0.54157511946702,0.00776227680245192,0.0490888997919479,0.603712459666387
TCGA.DJ.A3VG.01,0.452153214059981,0.0968081549652061,0.322204415464403,0.0790655092111304,0.0220273066353283,1.87230387482996e-06,0.0277395273600763,0.685538975933633
TCGA.FE.A23A.01,0.094532211149092,0.208760585015714,3.06876976116401e-06,0.159998000911042,0.512369488093969,3.45828254557598e-05,0.0243020632349655,0.656036827650087
TCGA.DO.A1JZ.01,0.0657361523199214,0.501594120397417,0.0561923416612712,0.0474733422584708,0.210815587741611,0.0156984006179345,0.102490055003373,0.749446406434142
TCGA.FK.A4UB.01,0.313452680000612,0.376011489533382,9.32737259307554e-06,0.201892318477466,0.0493005811330967,0.00255975137727311,0.0567738521055764,0.70974335313793
TCGA.DE.A2OL.01,0.174386308224426,0.235797640743754,0.492522346883712,0.00227615888543136,0.0185539427856036,0.00016707083227863,0.0762965316447947,0.657610663325931
TCGA.EL.A4JV.01,0.452395915151547,0.087306957549696,0.324030792565839,0.023790363996329,1.5193775355722e-05,0.00196852017923263,0.110492256782,0.658634876573951
TCGA.E8.A419.01,0.0936344891336275,0.109342129985624,0.000114594032062248,0.11351383854979,0.66085260030673,0.00699568348480581,0.0155466645073606,0.557570773205143
TCGA.E3.A3E0.01,0.139086310588953,0.410207043299573,0.129685502054434,0.0714660310003252,0.0577274608810471,0.00926892274458949,0.182558729431077,0.828338720064827
TCGA.H2.A2K9.01,0.367737514707398,0.235445687973531,0.285612084236041,0.00103694525292297,0.000206181883807177,0.0295700131729306,0.0803915727733694,0.710182244421956
TCGA.FE.A230.01,9.54570230142553e-05,0.389520412770834,0.0312680687117822,0.000186790455412049,0.533078159099588,0.000532766009189446,0.0453183459301792,0.492148329668565
TCGA.EM.A3SU.06,0.0622520990057863,0.253456462818319,0.0121563673982321,0.117589463410639,0.450502404817816,0.0334424683245435,0.0706007342246637,0.763679443143681
TCGA.BJ.A0Z0.01,0.146550359288577,0.318167317580561,0.510899118276775,0.000492121489606463,0.000496053018939598,0.000166246002909767,0.0232287843426309,0.557717040393828
TCGA.EL.A3ZO.01,1.58620695832931e-06,9.07816305864427e-07,8.28231628922302e-07,0.240449284704003,0.546360218354951,0.213186615813381,5.58872771722868e-07,0.515190007678075
TCGA.DJ.A2PR.01,0.0368003841149308,0.583489288843809,2.55895836444353e-05,9.02065834228506e-06,0.240357368205392,0.0444678228037305,0.0948505257901508,0.586227548542049
TCGA.DJ.A3V5.01,0.0383797693126738,0.44125202593395,0.086999248595234,0.0391642970469849,0.379400679549665,0.00121292712873773,0.0135910524327546,0.647372184777628
TCGA.EL.A3GR.01,0,0.0222359291314982,0,8.21135338327294e-06,0.507717182188657,0.00281826972273115,0.467220407603731,0.411609231480221
TCGA.EM.A2P1.06,0.0682181255219955,0.266769395009961,0.0514312331366689,0.0193975383544828,0.592929688627737,0.000969723393013821,0.000284295956140587,0.556927869954026
TCGA.EL.A4KH.01,0.0509947919770772,0.525921730255727,0.0002722517146476,0.344276726195926,2.79139279484259e-05,0.00196376132925628,0.0765428245994171,0.548998499710276
TCGA.L6.A4EP.01,0.0985091957455996,0.313581522769835,8.00810027005101e-05,0.255068503348117,0.229646633802086,0.0264597688764031,0.0766542944552589,0.807872732080608
TCGA.ET.A39T.01,0.0270204848050338,0.350990616511896,0.225247617051789,0.0554305667229849,0.340345004422356,0.00088326706825926,8.24434176802986e-05,0.686030296262583
TCGA.DJ.A3UP.01,0.38693824527979,0.355734915421007,0.231268617761995,0.00213562091684117,0.00378252152233853,2.68440653067612e-05,0.0201132350327207,0.609878868048887
TCGA.J8.A3YE.01,0.0730469255307207,0.340399226664138,0.197251476356935,0.0763872632616123,0.311935826114893,0.000860188744713146,0.00011909332698829,0.742666161376983
TCGA.DJ.A3UT.01,0.301590106697821,0.0298675049454581,0.455333285748445,0.0979711741434697,6.17526445734606e-05,0.000413574726379101,0.114762601093854,0.670361201914938
TCGA.BJ.A2N9.01,8.21999652106688e-06,5.74734299384463e-06,0.755299601452162,0.244353281005542,0.000291770280067165,1.19052483818777e-05,2.94746743327204e-05,0.287412476461159
TCGA.BJ.A0ZH.01,0.124648630408564,0.266312837258642,0.0705212174427108,0.138034269707972,0.400481050503362,1.63577799437667e-06,3.58900755165404e-07,0.739377063996028
TCGA.BJ.A0ZA.01,0.217287626611096,0.16679637249948,0.485020357387677,0.000120214808437435,0.0297841586439582,9.41564790676464e-05,0.100897113570284,0.678040285391186
TCGA.EM.A1CS.01,0.0322556083849519,0.864549255266867,0.0740209708872016,1.38349226353152e-06,0.00160268012719955,1.27840889218622e-06,0.0275688234326241,0.276816279963997
TCGA.FY.A40N.01,0.275400584497811,0.428252689697231,0.154152353828814,0.0263055496161,0.0944881139791625,0.00110046088414977,0.0203002474967313,0.725512031540391
TCGA.DJ.A2QC.01,0.056770022405549,0.479491831441794,0.099463014578425,0.266036869806605,0.000215706593580946,0.00494216406667586,0.0930803911073697,0.691802212483488
TCGA.EL.A3TA.01,0.08432145414374,0.411355218844879,0.203140046165563,0.168306234158956,2.45817478114029e-05,5.33413888394734e-05,0.132799123550211,0.753648715023227
TCGA.E8.A242.01,6.71666523902393e-05,0.0531035269521494,4.5883318016136e-05,0.101678181943885,0.760340213992167,0.036950525729241,0.0478145014121507,0.444517486060909
TCGA.EM.A1YE.01,0.0908299847227756,3.11299684391729e-07,0.806499535107389,0.0898136937889325,2.47822699539284e-06,1.63520019750268e-07,0.012853833334203,0.34111442576853
TCGA.H2.A3RH.01,0.343382142010818,0.292948450521747,0.160938979608149,0.046843919431052,0.11085642432485,0.0303146932301174,0.0147153908732674,0.809898750006614
TCGA.ET.A39O.01,4.18861983351552e-06,0.205789902740432,0.00597194172518923,0.0609166550769877,0.709502019967337,0.0177974435819423,1.7848288278036e-05,0.432608095211809
TCGA.FE.A22Z.01,0.0122772371411387,0.400031711647283,1.13854150341296e-06,0.0987621950605942,0.444073312034551,0.0207032839744977,0.0241511216004318,0.606334353906854
TCGA.DJ.A2QB.01,0.212161006971762,0.161223674286103,0.553295662176887,5.84924215864815e-05,0.0732335582275226,8.33292460389653e-06,1.92729915351135e-05,0.587362960335253
TCGA.EL.A3T9.01,0.105293043785845,0.00773148020951752,0.106433972379332,0.0629646834228031,0.501610831789031,0.1745107717133,0.0414552167001725,0.755350825218863
TCGA.DJ.A1QQ.01,0.0221110134697782,0.416842910261992,4.91013042317173e-06,2.45782598878339e-06,0.427439696286704,0.0057352843404331,0.12786372768468,0.567866321544337
TCGA.DE.A4MD.01,0.0764787231373231,0.199002991062266,0.126634534809623,0.0904972364015119,0.506789129374883,0.00026146232160903,0.000335922892784325,0.691846216853359
TCGA.ET.A39I.01,0.263394525279611,0.304981834196649,0.399309251945512,5.92568791133771e-06,0.00112641204373755,0.00043966351090182,0.030742387335677,0.615804730450901
TCGA.BJ.A18Y.01,0.380124390384723,0.215620430063308,0.355816430316129,0.00417708839894213,2.09163604380634e-07,0.0167848959245487,0.0274765557487455,0.645673510911849
TCGA.DJ.A2Q3.01,0.0334404938807908,0.293049433361396,0.117834191950347,0.017520813818974,0.511430491678062,0.00034750079173259,0.0263770745186972,0.636083500809259
TCGA.EL.A3GP.01,0.248094659574897,0.192389699637422,0.413437816395291,0.0460764136835239,0.00991319665071421,0.0525475174786723,0.0375406965794794,0.767592337228157
TCGA.DJ.A2PZ.01,0.0477510552314064,0.363904606041043,0.144321830369807,0.0739694434756259,0.369104596925642,0.000473484044257545,0.000474983912218339,0.69902038529563
TCGA.EL.A3CX.01,2.22715692557654e-06,0.32617542813471,0.263682133768784,0.206629078112118,0.152052671538367,3.42253804855029e-07,0.0514581190352899,0.761513108621466
TCGA.EM.A3AK.01,0.0823517313016988,0.660635202304727,0.0661107896884305,0.0385271288315474,0.0725197424861506,0.0452598620339517,0.0345955433534939,0.632754965134627
TCGA.FE.A232.01,3.6895631269309e-08,0.404181247954419,0.16336803398195,0.11943015445665,0.290954806881119,5.51512209855849e-08,0.0220656646790096,0.698532563672034
TCGA.EL.A3CL.01,0.0392630520835085,0.481841704780737,0.00913027221833207,0.0479891002059961,0.221953377074307,0.0208003164308509,0.179022177206269,0.714398556211575
TCGA.BJ.A45G.01,0.258336455410796,0.170091491718217,0.404093273245246,0.0403795094089882,0.0474626880293916,0.000673236198889071,0.0789633459884717,0.769178342948277
TCGA.EL.A4K2.01,0.193109019373084,0.046609272622212,0.542538948732501,0.0528769882008255,1.00658268830209e-06,9.80420692971603e-05,0.164766722419393,0.640166880287957
TCGA.DJ.A3V4.01,0.0490123330954478,0.368722219156587,0.22063540766026,0.0470768408806731,0.293954522329416,0.00121652319389517,0.0193821536837212,0.73871739141148
TCGA.E8.A438.01,0.680565974221219,0.0277125030594388,3.51245802744705e-05,0.160579506469015,8.55643340506088e-07,0.129533170029293,0.00157286599741866,0.478047561327453
TCGA.EM.A2CM.01,0.359377844141262,0.037557075847637,0.299938956483646,0.0659257344723512,0.132498524487234,0.000926589735322337,0.103775274832547,0.791848512673704
TCGA.FE.A3PA.01,0.48068954024374,0.225486303427366,4.23555643471192e-05,0.190912849717741,3.73462698024841e-05,0.0961872903239133,0.00664431445309039,0.649291223324272
TCGA.EM.A3FL.01,0.0128578653012465,0.0385126535029809,0.779431877578357,0.0461908629366587,0.11644415543599,0.000647768781794127,0.00591481646297244,0.412745283365094
TCGA.BJ.A3PR.01,0.0823310557420602,0.0952609149868956,0.240781625774401,0.149314215604067,0.427887566482636,0.00145002208086775,0.00297459932907293,0.743281259959868
TCGA.FY.A4B3.01,0.0688290612501589,0.023871323446203,1.95470638814996e-05,0.0175144823520682,0.578618352927851,0.0637799899534656,0.247367243006372,0.607460946599592
TCGA.EL.A3GS.01,0.000459229978613159,0.220109863925818,0.104476247253313,0.000191232070975062,0.583135350569969,0.000298313188321886,0.0913297630129898,0.570338223708078
TCGA.BJ.A28V.01,0.15179791869747,0.19299904706147,0.592548462363066,0.000498721271486337,1.00919225453669e-05,0.000204513114272112,0.061941245569691,0.561023046410381
TCGA.DJ.A13P.01,0.026410948526926,0.832006627676827,0.0729525765824622,0.0529015661810401,1.44246166187784e-05,1.03346841877021e-05,0.0157035217319386,0.339679414482152
TCGA.ET.A3DO.01,0.0232859744676724,0.174814205553737,0.000469318664862072,0.0724453084508184,0.685644219242912,0.00538679012777132,0.0379541834922272,0.512488447897467
TCGA.EL.A3GQ.01,0.0438203931904504,0.746391278534076,0.0843243044711928,0.0012973421128367,0.000314935246508661,0.000498459523264837,0.123353286921671,0.430140688653986
TCGA.FE.A231.01,0.0592525340356153,0.362014438049927,0.10296305494137,0.0433718340818167,0.414322947662288,0.0175658330919031,0.000509358137079457,0.691385293672755
TCGA.J8.A4HW.01,0.0246997196634979,0.248670108979745,0.152240745647924,0.0253599065018664,0.362507083473395,6.11222763469193e-06,0.186516323505937,0.769992495492837
TCGA.DJ.A3V8.01,0.0610360266243416,0.210475621378929,0.0772436553805143,0.107279034451556,0.443737843003354,0.00105731205617932,0.0991705071051257,0.787769454093651
TCGA.EM.A3AL.01,0.157787268328051,0.129830051253191,0.632989668863782,0.0194495785449883,5.42264487740694e-05,0.00010586024039964,0.0597833463208134,0.561391322733099
TCGA.MK.A4N6.01,1.12246805216684e-06,0.261311175506702,9.54224389137456e-07,0.0172009549082362,0.671644753604754,0.00445416195561316,0.0453868773322527,0.438052153062575
TCGA.EL.A3CV.01,3.99861786146656e-05,0.186257165628284,0.0845195548422214,0.000147212593679533,0.558525049884805,0.000271301000590128,0.170239729871805,0.5922796571614
TCGA.DJ.A1QE.01,2.88397082771407e-06,0.235075361862702,0.0166221352430595,0.0124295913326312,0.681329157368874,1.64402263526801e-06,0.0545392261992698,0.453838439696644
TCGA.J8.A3YD.01,0.0941112971433325,0.209605694193522,0.437114154679472,0.0248579524516117,0.218083338267574,1.63714283364482e-05,0.0162111918361511,0.720805128915324
TCGA.DJ.A3UW.01,0.02538987452784,0.337877128225931,0.0737826438274422,0.139562230058292,0.370288603699496,0.0253366038110971,0.0277629158499022,0.764446997211497
TCGA.EL.A4K7.01,0.094719196688299,0.329408421547496,0.0104272436583828,0.310511151820689,0.238447901396084,0.0164394945744753,4.65903145733521e-05,0.724395081590935
TCGA.EM.A2CN.01,0.437167088931053,0.091153660738281,0.234341123501532,0.0787054345025856,0.101800774871411,0.00118711152906005,0.0556448059260776,0.781889820077445
TCGA.DJ.A2Q6.01,0.0450266147487723,0.717107069085764,0.0229173497092934,0.0124483807815983,0.12241701331539,7.06170583836091e-07,0.0800828661885979,0.50285363002013
TCGA.EM.A1CW.01,0.0410499608040707,0.000824350433630245,0.738074521045134,0.0495742132828526,0.143168176866633,0.00039099763404002,0.0269177799336385,0.456689531509225
TCGA.EL.A3H3.01,0.228309816399958,0.0747306198051464,2.058414626648e-06,0.106150733443445,0.30984001919093,0.271379424692893,0.00958732805300151,0.786632563292841
TCGA.J8.A3O2.01,3.06648049933781e-05,0.484574693440759,0.11773088161077,0.0834637349897321,0.175419037200984,0.000175502987961488,0.138605484964801,0.714972379791472
TCGA.EL.A3CM.01,0.0442731767762267,0.418361948722059,0.129705251212323,0.0389670905333876,0.321927482740313,4.63425932702342e-05,0.0467187074224197,0.72070337888666
TCGA.FY.A3BL.01,0.0517694088625292,0.445395546614788,0.119060868295356,0.0601397739053862,0.318359560623878,0.0019950159830249,0.00327982571503768,0.684257220069209
TCGA.DJ.A3VB.01,0.0154836256354582,0.0335548424488004,1.12317753491285e-05,0.226877934546684,0.641324000085796,0.0335672284324014,0.0491811370755107,0.545798330698946
TCGA.J8.A3YG.01,0.135287865563832,0.185915095264439,0.0465465565210063,0.0439240353794558,0.524985171671137,0.0180447135479568,0.0452965620521728,0.726846745101937
TCGA.BJ.A291.01,0,1.57229673990962e-06,0.669948231221608,0.0896804962671946,0,0.240369700214458,0,0.425149256757532
TCGA.EM.A2OV.01,6.63046729917055e-06,0.0290972220142589,0.801103803673152,5.19639995637682e-05,0.161731261525147,4.16650150010524e-05,0.00796745330557775,0.315911608589803
TCGA.DJ.A2Q4.01,0,0.214460906667497,2.5992993496977e-08,0.0377618614834705,0.619213966443111,0.0231765757610765,0.105386663651852,0.552487415772092
TCGA.CE.A485.01,0.290745580143066,0.373756435226951,0.0399309791316291,0.0028814633215273,0.152659368930265,0.0506155218597074,0.0894106513868532,0.784349945009855
TCGA.J8.A3YH.06,0.105453529913893,0.737226790788527,3.91523263071925e-07,0.135749653893333,1.7276540352077e-06,0.00577335761964686,0.0157945486073019,0.425690708505285
TCGA.DJ.A2PN.01,0.0421852551979708,0.220783131438258,0.135595054786864,0.0191939206877081,0.459218110951883,1.34105625039639e-05,0.123011116374812,0.734441144963954
TCGA.IM.A4EB.01,0.131982650872346,0.0234058042688371,0.00278284918985117,0.150481975282143,0.573723332152868,5.92354269474622e-05,0.117564152807006,0.63083796062028
TCGA.EM.A3O9.01,1.1745345253875e-05,6.51562712444207e-06,0.815579885264671,0.1735547183345,0.0107812532632832,3.93305360383831e-05,2.65516291290377e-05,0.267190633593137
TCGA.ET.A25O.01,0.0451456673020037,0.651823726782955,0.0850417017228827,0.0245103117850359,0.19224834067547,0.000526220770223245,0.000704030961429522,0.537236030289142
TCGA.KS.A41L.01,0.233306921213307,2.96916754681546e-05,0.558837580440597,0.193440436334546,6.79937548571521e-05,0.000201407437422476,0.0141159691438022,0.537197524850481
TCGA.J8.A3NZ.01,0.0156136175471353,0.448531293219244,0.0567347329505436,0.0578159856958798,0.414089097515307,0.000426198416060478,0.00678907465583043,0.593274354648816
TCGA.DJ.A1QG.01,0.345210619856949,0.237027919076696,0.326912056130363,3.51546250041963e-05,0.0907284985443449,6.3452163605646e-07,8.51172450065033e-05,0.664367764472354
