S2,S4,S8,S6,S1,ITTH
TCGA.A5.A2K7.01,0.723442333489127,0.0593408831566977,0.00150174157082242,0.206130597644287,0.0095844441390663,0.485664934346297
TCGA.EO.A3AS.01,0.67996628390268,2.92592348099399e-06,9.79412576777247e-06,0.291857608496148,0.0281633875519231,0.448837883533635
TCGA.EY.A549.01,0.354389669845447,5.20714861666961e-06,7.50853719564903e-06,0.636369165960871,0.00922844850786972,0.434092178997253
TCGA.EO.A3B0.01,0.73666124533302,0.0202222606174477,0.00715705750008428,0.235791115920924,0.000168320628524605,0.423451743872274
TCGA.KJ.A3U4.01,0.851150603926747,0.0167170432539078,0.0179462683149814,0.110491720278446,0.00369436422591704,0.336643617670593
TCGA.EY.A2OQ.01,0.930921443174471,0.060468606590117,2.43883486565171e-05,0.000233754814890296,0.00835180707186471,0.17302161070828
TCGA.PG.A7D5.01,0.840435062406875,0.159559549940101,2.60594503531548e-06,1.54932277826934e-06,1.23238520956541e-06,0.272774885936499
TCGA.EO.A3KW.01,0.70981103157444,0.102692873025404,0.00228228830308001,0.184308158731438,0.00090564836563745,0.502624290301347
TCGA.PG.A915.01,0.914395723898838,0.0849684167857895,0.000633709649086218,2.29160462347433e-07,1.92050582355002e-06,0.183923772123332
TCGA.D1.A3JQ.01,0.784057087772546,0.0783719077664715,0.000576879333531039,0.136729772580603,0.00026435254684814,0.415571073441634
TCGA.AX.A2HH.01,0.78631082580229,0.0145767776168227,0.00781606841614048,0.0489216664982231,0.142374661666523,0.443471573480161
TCGA.AJ.A5DV.01,0.384148546191868,0.000494932230326854,0.0102761979795237,0.5977015907299,0.00737873286838135,0.473565422221648
TCGA.5S.A9Q8.01,0.384057991141317,0.0854561942442372,0.0197753078402551,0.363248931115272,0.147461575658919,0.811111732470549
TCGA.DI.A2QY.01,0.765157688361933,0.166930747501176,0.0103240980027178,0.0573137663307911,0.000273699803382116,0.445484934272923
TCGA.DI.A1BU.01,0.58165471112066,0.0441361305168769,0.0110258738402232,0.359814435183062,0.00336884933917777,0.552727705666967
TCGA.B5.A5OE.01,0.802211644127622,0.152242369853698,0.0197463463957882,0.023327708225661,0.0024719313972313,0.399744171227211
TCGA.AX.A3G3.01,0.838708378184378,0.138822065056062,0.0224290762329832,2.34075675864156e-05,1.70729589900079e-05,0.315168545449917
TCGA.PG.A916.01,0.159944831955358,0.0117479026553942,0.000138500060490114,0.828022503580289,0.000146261748468384,0.313250960566861
TCGA.AJ.A3NC.01,0.593098911087136,2.38781359123237e-06,0.00711498305581152,0.359168422129049,0.0406152959144119,0.523748613420268
TCGA.DF.A2KY.01,0.858640428530491,0.0883521519675235,0.00789836937201088,0.0451054783717959,3.57175817891596e-06,0.325140365379025
TCGA.AX.A3FV.01,0.878076328598896,0.0353013247828428,0.0139544249103157,0.0726568088260044,1.11128819412545e-05,0.299767428382509
TCGA.QS.A5YR.01,0.115963429956175,0.118606516781454,0.0174811036483497,0.743507615201146,0.00444133441287541,0.508164274028942
TCGA.DF.A2KZ.01,0.253240974966459,0.084594136824782,0.00628964529495273,0.511228313716981,0.144646929196825,0.752620607781358
TCGA.A5.A2K2.01,0.786559368993189,0.0509078643559745,0.00642313393594452,0.155629214154889,0.000480418560002857,0.413834280079673
TCGA.AX.A3FZ.01,0.989245250105042,6.36496768061951e-06,3.3360134061086e-05,4.19719383575185e-06,0.0107108275993808,0.0371299702953296
TCGA.B5.A0JR.01,0.487502996676099,0.0167636354740068,0.00666466701626579,0.488644208651141,0.000424492182487262,0.500429448768855
TCGA.AJ.A3TW.01,0.864828193740586,0.0855324039671291,0.0103547082234252,0.0389489522454157,0.000335741823443852,0.318325576264075
TCGA.PG.A914.01,0.890372413734046,0.097853536180159,6.91350445032587e-07,6.41538696255506e-06,0.0117669433483871,0.238086885565634
TCGA.AX.A3GI.01,0.937580605059187,0.0432107502069577,0.0074406916847372,0.0117505742638214,1.73787852971306e-05,0.177115736671196
TCGA.D1.A2G0.01,0.824127038880165,0.0863447025747021,0.015846754939814,0.0724258142363443,0.00125568936897498,0.394613572753367
TCGA.EY.A2OO.01,0.786455825659491,0.0451456806781423,0.00624471205327466,0.135340278154083,0.0268135034550088,0.452446361317959
TCGA.AX.A3G9.01,0.664532440550916,0.0396769109624764,0.003579070945371,0.262140109444705,0.0300714680965323,0.544364551021153
TCGA.BK.A4ZD.01,0.652167167011077,0.00010434359205136,1.24619491954939e-05,0.342876846068684,0.00483918137899203,0.417957487754186
TCGA.B5.A3FC.01,0.505480183186704,0.0527491874038686,0.00346376663240636,0.437048617917922,0.0012582448590995,0.552886928052345
TCGA.AP.A3K1.01,0.491902426353523,0.122144856075789,1.6131035908936e-05,0.370559043218824,0.0153775433159548,0.644979461901916
TCGA.EY.A3QX.01,0.553485803551572,0.0389068301289379,0.406036267908067,0.00157087923474988,2.19176673011839e-07,0.515597797885731
TCGA.AX.A05W.01,9.52213951318657e-06,0.115885533344464,0.0389333610427096,0.809464716914412,0.0357068665589007,0.414014954774049
TCGA.AJ.A3BI.01,0.0492594364631638,0.385028417269951,0.00107304143433617,0.564286674770822,0.000352430061727141,0.527394351247753
TCGA.EY.A2ON.01,0.763629841086136,0.102728402089142,0.0236634355193757,0.108308548963769,0.00166977234157753,0.484467549000054
TCGA.AX.A3FS.01,0.98659770041225,0.00830232266427562,0.00499819773481506,2.76017737231818e-06,9.90190112869011e-05,0.050031432674177
TCGA.SL.A6JA.01,0.199528226434006,0.10463685458839,0.00035888374136587,0.637704302403458,0.0577717328327802,0.628947312268899
TCGA.B5.A0K9.01,0.489834862625775,0.00266711505339981,0.00575287879568672,0.475459950197271,0.0262851933278679,0.524534962977719
TCGA.AX.A2H4.01,0.910363261170895,0.046396341104456,0.00402030733195248,0.0380734719867346,0.00114661840596189,0.237554774973631
TCGA.AJ.A3EJ.01,0.902626481427421,0.0761847838662873,0.0179294340354435,1.32515240364631e-06,0.00325797551844479,0.235728752005913
TCGA.EY.A1GP.01,0.895610689165366,0.0310000424447516,0.0155392618041114,7.69387981789526e-13,0.0578500065850014,0.270905646241409
TCGA.EO.A3KX.01,0.668001500068924,0.0197110688311398,0.000496004544165695,0.301198585674147,0.0105928408816229,0.472395898922944
TCGA.AJ.A3BH.01,0.951102611070974,1.69671964508776e-05,0.00441036654629357,0.0112855232345827,0.0331845319516993,0.146269567064861
TCGA.D1.A3JP.01,0.346694230449935,0.0131867111399644,0.238789921306675,0.38315505445852,0.0181740826449052,0.749782649035198
TCGA.AJ.A3NF.01,0.987089293084091,0.00753669895416267,0.00490658351369459,0.00014169679778359,0.000325727650268402,0.0494746943630737
TCGA.FI.A3PV.01,0.664722559730911,0.107459938548799,0.00393074937404506,0.223685241551217,0.00020151079502798,0.540329147051029
TCGA.EY.A54A.01,0.807865356285572,0.00765951622183992,0.0141594750896859,0.169524950040504,0.000790702362398226,0.358185184144503
TCGA.EO.A22U.01,0.638068133317438,0.024243327154166,0.00114748814532395,0.311696537466932,0.0248445139161406,0.52179146793871
TCGA.D1.A3DH.01,0.919894963656547,0.0801025583404159,8.89609430700796e-07,6.43285344663597e-07,9.45108261567429e-07,0.17338769544182
TCGA.SJ.A6ZI.01,0.641391265828829,0.000121856546305623,0.00207601918042719,0.341494400596469,0.0149164578479686,0.45258790704959
TCGA.DF.A2KR.01,0.44106477341033,0.0704947032968133,0.00338624196777504,0.441155855612987,0.0438984257120945,0.662039815458203
TCGA.AJ.A3NH.01,0.89298903595619,0.0950873526998649,0.00853367810203776,1.14993569139803e-05,0.0033784338849938,0.239098042292408
TCGA.EY.A1GL.01,0.303888932171577,0.0579246874117872,0.00524278851988331,0.0119836794080695,0.620959912488683,0.561309635077608
TCGA.AX.A3G4.01,0.654410858036507,0.115610430189674,0.00473326082778095,0.223163730256044,0.00208172068999393,0.559089377286739
TCGA.SL.A6J9.01,0.708743301354751,0.248640819700098,0.0425712055091954,4.36071440371822e-05,1.06629191830111e-06,0.450387010745723
TCGA.BG.A3EW.01,0.680989539603403,2.63043837655956e-07,0.00892818010908929,0.29478476643749,0.0152972508061793,0.452207618134761
TCGA.A5.A2K3.01,0.702575116249626,0.0243623751914054,6.02457260634976e-05,0.271640332346804,0.00136193048610182,0.436242616129304
TCGA.B5.A5OD.01,0.754252091636002,0.215850941410348,0.00547701104753431,0.0242064020017578,0.000213553904357465,0.412601424892483
TCGA.B5.A5OC.01,0.624432186538372,0.000241220375929402,0.00894135965892992,0.347865976869391,0.0185192565573781,0.484291094831343
TCGA.EY.A1GX.01,0.394065975892063,0.0311630583407948,1.20204712057875e-06,0.574759005048786,1.07586712361962e-05,0.493030573685595
TCGA.E6.A8L9.01,0.856568506519401,0.113662858445278,0.0297615341932771,5.89635213551148e-06,1.20448990805435e-06,0.301013319632907
TCGA.BG.A0MK.01,1.32274382377997e-10,0.0266034859074251,0.0260886591540121,0.947307853416031,1.39025775778516e-09,0.150914800795533
TCGA.AX.A3GB.01,0.216135949165773,0.0804270214217113,4.40406339762515e-08,0.676537075384927,0.0268999099869553,0.556359463360555
TCGA.E6.A2P8.01,0.916217631681963,5.74060927655832e-05,0.00238448500547642,0.054762791823953,0.0265776853958416,0.217850943931133
TCGA.QF.A5YT.01,0.445925015021318,0.151905048394647,0.00282647505593707,0.298224294785283,0.101119166742815,0.780097385490076
TCGA.5B.A90C.01,0.956734889015943,0.0160954104269358,0.00868503083055092,0.0184297866041471,5.48831224231907e-05,0.139266290369332
TCGA.AJ.A3OK.01,0.000383390028587641,0.0183183034685631,0.000185353717646831,0.980973805682317,0.000139147102885669,0.0608652998037702
TCGA.AX.A3G1.01,0.513586177125902,0.0069764971574198,0.00344675773649142,0.47589488451212,9.5683468066833e-05,0.466418036229554
TCGA.SJ.A6ZJ.01,0.291387267168707,0.152079213108505,0.000124618479006883,0.556033241131749,0.000375660112032459,0.606524393576961
TCGA.K6.A3WQ.01,0.861374471015966,0.128449836221098,0.0101617215824602,8.69818742334363e-07,1.31013617340924e-05,0.272728261000616
TCGA.EY.A3L3.01,0.925474038501087,0.0326223891984203,0.00356208423464689,0.0381395600954652,0.000201927970380405,0.204865038963242
TCGA.AJ.A3BK.01,0.245651141172239,0.106884430371933,0.00454436281975105,0.632634149636243,0.0102859159998337,0.587223543093142
TCGA.KP.A3W0.01,0.880148470234369,0.0649640993941022,7.60125906570797e-05,0.047032868608487,0.00777854917238462,0.293420643672254
TCGA.AX.A2IN.01,0.972666177823906,0.026056420759662,0.000670303850081143,0.000570862762293729,3.62348040573374e-05,0.0817240131172004
TCGA.AJ.A3QS.01,0.92059975156994,0.0196247608946757,0.0216134980263002,0.0365455797636399,0.00161640974544399,0.228344911913651
TCGA.EY.A210.01,0.864765008204674,0.103615802422088,0.00727718694779266,0.024109585281338,0.000232417144108175,0.303294704361754
TCGA.DI.A1C3.01,0.315454150566666,0.145203336649654,5.76357162961178e-06,0.539332970976412,3.77823563869468e-06,0.607201302921512
TCGA.AJ.A3EL.01,0.821776694155311,0.0126906953605086,0.0117656986006546,0.152684805123163,0.00108210676036236,0.350019534494854
TCGA.A5.A3LP.01,0.630002560051382,0.0476621834860538,0.0196542234391775,0.245740608487894,0.0569404245354921,0.634659874761918
TCGA.EO.A22Y.01,0.51728844222371,0.0356510361491466,2.9581291551808e-05,0.446959344942378,7.15953932138234e-05,0.509964050917317
TCGA.AX.A3FT.01,0.852513356161263,0.00444688289122924,1.32521800327809e-10,0.126450357110715,0.0165894037042717,0.304206840834288
TCGA.A5.A2K5.01,0.353860933156921,0.19864970731636,0.00926075127825677,0.429111738975462,0.00911686927300093,0.707017032088185
TCGA.DF.A2KN.01,0.606765370447754,4.00997937383744e-07,0.000702455625773627,0.386086691402845,0.00644508152569008,0.440030807734807
TCGA.AJ.A2QM.01,0.884015652371175,0.0318766079460835,0.00492271665186228,0.0785551011469205,0.00062992188395903,0.27926946561548
TCGA.AX.A3FX.01,0.441211872294809,0.0954114486843935,0.00535689003867853,0.456193199259863,0.00182658972225594,0.610620614498725
TCGA.AJ.A3I9.01,0.512006610533235,0.0488905959058999,0.000900134764487715,0.437733386092825,0.000469272703552238,0.535495702984186
TCGA.AJ.A3EM.01,0.833240171846646,0.0522953076753241,0.00158027562061651,0.112879659785706,4.58507170752172e-06,0.349696707636399
TCGA.KP.A3W4.01,0.874921349690121,0.034461647571004,0.0848442297362973,2.54548188347713e-08,0.00577274754775902,0.293291183456856
TCGA.PG.A5BC.01,0.902361043709758,0.0603258203012489,2.91852743105855e-05,0.03726203622596,2.19144887221741e-05,0.23935527806794
TCGA.B5.A3FD.01,0.507314770996602,0.107133397814993,0.00428481702495485,0.380823163834396,0.000443850329054481,0.60767934941268
TCGA.E6.A2P9.01,0.415194649416628,2.26440245770479e-06,5.7948660747139e-09,0.584800910599061,2.16978698780854e-06,0.421733206254342
TCGA.B5.A3FB.01,0.674901800221385,0.0366358462857935,0.00123929523501153,0.279264827010724,0.00795823124708637,0.490542834171772
TCGA.QS.A8F1.01,7.48751295698658e-05,0.999163719392006,5.45995841683972e-06,1.1052290575195e-05,0.000744893229432246,0.00441424030925802
TCGA.FI.A2EY.01,0.65431840789123,0.288308497150966,0.0573514907551224,1.39191401640723e-06,2.02122886653192e-05,0.497249655806371
TCGA.BK.A139.02,0.656283648100942,0.00318415975655159,0.000157792482019236,0.297587980155388,0.0427864195050992,0.491863498526201
TCGA.EO.A3KU.01,0.936131479328392,0.0142397770707343,0.00977803478687113,0.0398495745389281,1.13427507441036e-06,0.183923249480242
TCGA.B5.A11R.01,0.491835603784325,0.00788500716034549,0.00775540650201673,0.492523982531981,2.1332022590364e-11,0.480723790388964
TCGA.B5.A1MS.01,0.948879897852176,0.0497994669056396,1.50529898477722e-06,0.00131609918892097,3.0307542786157e-06,0.129215984962864
TCGA.A5.A3LO.01,0.701798884801184,0,0.0188443846039465,0.242849216274955,0.0365075143199148,0.48955642687433
TCGA.KP.A3W1.01,0.9050042000657,0.0173432580582356,0.0084593697095694,0.0665647188075039,0.00262845335899094,0.246672447628326
TCGA.AJ.A3OJ.01,0.583879216840398,0.0370187350977094,0.00035024178937638,0.357085676393718,0.0216661298787986,0.552813994474026
TCGA.A5.A2K4.01,0.999980526922214,4.72868106411418e-06,6.44663756678954e-06,1.91481600402154e-06,6.38294315115579e-06,0.000159103682363797
TCGA.AJ.A2QO.01,0.11209560684112,0.0398057307734484,0.0407610312798049,0.777877679668403,0.0294599514372234,0.499118670761879
TCGA.EY.A4KR.01,0.982715599388456,0.0159024310800922,0.00134767502050114,1.90688225833882e-05,1.52256883668977e-05,0.0573330839278922
TCGA.BG.A3PP.01,0.748219668637463,0.0866343612099322,0.000360327989942269,0.164781594920069,4.04724259256656e-06,0.452935030051541
TCGA.AX.A1C7.01,0.435801387632513,0.54229300025207,0.0195076603173745,3.52202241700114e-05,0.00236273157387176,0.48791567754231
TCGA.A5.A7WK.01,0.834105882771018,0.0950016632783972,0.00881660071413115,0.0576501676853213,0.0044256855511323,0.375982905122863
TCGA.AX.A3FW.01,0.363302815061987,0.051111467358216,0.00312569292422657,0.582029069098507,0.000430955557063024,0.532003643014342
TCGA.AJ.A8CV.01,0.272705442496997,0.0142752107908607,0.0231390336305633,0.689840361026186,3.99520553931337e-05,0.471399364983383
TCGA.AP.A5FX.01,0.474379052914726,0.0230116145965752,0.00011787587666005,0.502269794068401,0.00022166254363759,0.490460112837387
TCGA.JU.AAVI.01,0.727985398811757,0.179244556218493,0.023638452888379,1.46361897968367e-06,0.0691301284623913,0.50482286793771
TCGA.EO.A3AZ.01,0.000294911606840206,0.916740299671509,0.000305001326422765,0.000720527280364046,0.081939260114864,0.183148840045523
TCGA.DF.A2KU.01,0.528880507930341,0.144472614020687,0.0095269426937006,0.315852001218038,0.00126793413723277,0.641966527767097
TCGA.BS.A0V7.01,0.393219241243218,0.301008647256756,0.00988737905393878,0.291662549543925,0.00422218290216315,0.718589817697662
TCGA.BK.A6W4.01,0.602041256849319,9.93998800043813e-06,5.17584265370875e-06,0.394727777449407,0.0032158498706204,0.429374435667812
TCGA.EO.A1Y7.01,0.40178877142877,0.106078834158296,0.000102199576747439,0.491974840280342,5.53545558440573e-05,0.593257533811298
TCGA.BK.A13B.01,0.241481815769151,0.0345078414468467,0.00811086854353588,0.663987684257223,0.0519117899832441,0.574003406558769
TCGA.QS.A5YQ.01,0.188953766177419,0.144671591269271,0.00562607820430264,0.65955823102495,0.00119033332405777,0.563050710375587
TCGA.EO.A3AU.01,0.641255313929659,0.000358696587258666,0.00512102574143668,0.156328491935659,0.196936471805987,0.57466898223181
TCGA.AJ.A3NE.01,0.66029297190425,0.000251843841091402,0.00153710392743574,0.188841730044252,0.14907635028297,0.549645056182352
TCGA.B5.A3FH.01,0.31223232736065,1.22365117138664e-06,2.55065143823933e-06,0.662506146607187,0.0252577517295535,0.453061722838479
TCGA.B5.A3FA.01,0.753605029764785,0.0387487317859061,0.0128864010004302,0.16737225039109,0.0273875870577885,0.492678325712551
TCGA.AX.A3G8.01,0.173971908986808,0.291075295976859,0.00423521559013603,0.357430316023714,0.173287263422483,0.843835611889684
TCGA.A5.AB3J.01,0.507985049965812,0.00512613719515425,0.00561359910724641,0.449082069615852,0.0321931441159357,0.540755953014287
TCGA.DF.A2L0.01,8.27447608421052e-06,0.578754961418722,0.0109762406144406,0.410220990832786,3.95326579674186e-05,0.454855160804948
TCGA.4E.A92E.01,0.521886639789202,0.00103041540741345,0.00215554703207218,0.448911147420347,0.0260162503509646,0.505883179513492
TCGA.AJ.A3BF.01,0.884865286638862,0.093977222681201,0.0174740071891566,9.18916667410106e-08,0.00368339159911371,0.26209507631277
TCGA.EY.A2OP.01,0.777640993072963,0.00475534312515967,0.00700230219196319,0.179137209245827,0.0314641523640867,0.417923286239488
TCGA.AJ.A23N.01,0.977238622558839,0.0227320969473735,1.71387500775294e-06,3.67543123431887e-06,2.38911875450174e-05,0.0676267706810066
TCGA.QS.A744.01,0.905418182969538,0.0203071748798003,1.89806169116293e-05,0.033224400963432,0.0410312605703182,0.256885604160501
TCGA.2E.A9G8.01,0.802689153235317,0.112161753773904,0.0243475803371727,0.0607774740415032,2.4038612103599e-05,0.424206800019815
TCGA.PG.A6IB.01,0.818438565007037,0.100504304220123,0.00721030144376599,0.0723439690748833,0.00150286025419101,0.391580667211762
TCGA.AJ.A3BG.01,2.34357002716182e-05,0.0244210363778774,0.0659714337221118,0.909538597598207,4.54966015318272e-05,0.221785025096904
TCGA.EO.A3AV.01,0.551566090348313,7.19326175866611e-05,0.0385025193448236,0.383989161255239,0.0258702964340375,0.569358606819204
TCGA.B5.A3F9.01,0.452622721062026,0.0366419864632326,9.1097248007999e-05,0.510547626338401,9.65688883331167e-05,0.512550496345826
TCGA.QF.A5YS.01,0.469464533049121,0.0980370967236465,3.27770397931215e-06,0.414509235796074,0.0179858567271793,0.633778460588306
TCGA.EY.A72D.01,0.81479881261163,0.0298379342914922,0.00502880596216058,0.132668686525285,0.0176657606094332,0.396142287232833
TCGA.AJ.A5DW.01,0.61347185869049,4.85136663289823e-05,0.000618825050039946,0.381397185635466,0.00446361695767556,0.432821309734045
TCGA.AX.A3G7.01,0.676003837057653,0.117573117066915,0.0168904653410115,0.18952282473967,9.75579475110462e-06,0.559603803285368
TCGA.AJ.A6NU.01,0.722755507242394,0.000250865092166805,0.0507668602610168,0.223274772469463,0.00295199493495943,0.459801558750038
TCGA.EO.A3L0.01,0.585609487612865,0.0385933157448742,1.19809360718007e-10,0.359777614556934,0.0160195819655169,0.542414981112017
TCGA.AX.A3G6.01,0.788076712512874,0.0715587101165946,0.00625385127692208,0.123003056215668,0.0111076698779414,0.444804639248937
TCGA.B5.A1MW.01,0.816016944455313,1.42209359495234e-05,0.0069795684040004,0.128253352912887,0.0487359132918494,0.379866218018681
TCGA.FI.A3PX.01,0.926283864374639,0.0374818564195507,0.0171729175620908,0.0180493508220445,0.00101201082167513,0.213276156783724
TCGA.D1.A3DG.01,0.795532750316393,0.0728121974634933,0.00744537076092739,0.124205744347336,3.93711185022017e-06,0.415259396917976
TCGA.EY.A1GO.01,0.799765147066078,0.0732004791499783,0.0185859805851675,0.102758420510603,0.00568997268817274,0.439520554558488
TCGA.BS.A0V4.01,2.17309774300556e-06,0.308830546239288,0.0189190174913093,0.650557296420431,0.0216909667512282,0.497528977200664
TCGA.AJ.A3OL.01,0.806441374951578,0.012346529168782,0.000344940693004209,0.172578056469515,0.00828909871712128,0.356286924492388
TCGA.AJ.A3NG.01,0.86036844491318,2.58445715642198e-09,0.000246477144972531,0.130630165655715,0.00875490970167511,0.272646281159412
TCGA.AJ.A8CT.01,0.138610117275378,0.0123480978561525,0.00272483177767388,0.845207689250342,0.00110926384045374,0.306906132772927
TCGA.EY.A5W2.01,0.188356217586289,0.186274459990917,5.09268524238249e-05,0.618877825417578,0.00644057015279213,0.594897246211265
TCGA.DI.A2QT.01,0.525710155036902,0.27544480209141,0.157003799058105,0.0406071608916335,0.00123408292194925,0.697285163548569
TCGA.KP.A3VZ.01,0.899699462152763,0.0908014662969576,0.00949847318750988,3.05846645353241e-07,2.92516123792979e-07,0.221924101974963
TCGA.EY.A548.01,0.166064900060882,0.0606662432080508,0.00129928878475864,0.771793364532622,0.000176203413687101,0.421414441106467
TCGA.B5.A3S1.01,0.813041830145735,0.0508167670284231,0.130041038820128,4.72551555438185e-08,0.00610031675055775,0.382784407223177
TCGA.PG.A917.01,0.535927922203354,0.0344589374940799,0.00425194332523263,0.4235123513361,0.00184884564123393,0.527555527681288
TCGA.EO.A3B1.01,0.964704241765214,0.0352709051151462,2.10766538390252e-06,2.96484056302353e-06,1.97806136925348e-05,0.0950116887098874
TCGA.AJ.A3BD.01,0.643030927574676,0.17580958901749,0.0174337113056854,0.161224175446642,0.00250159665550642,0.60230157181315
TCGA.DF.A2KV.01,0.409090488033057,0.0925209613891046,5.64105249035447e-05,0.492147375341176,0.00618476471175955,0.600712218184412
TCGA.EO.A22X.01,0.862836762350843,0.0324440809940537,0.00119479621320939,0.0809748697528792,0.0225494906890145,0.332792717597277
TCGA.AJ.A3EK.01,0.589316186728714,0.000210856294718893,0.0256221921657059,0.38482802296375,2.27418471117532e-05,0.481556955205766
TCGA.D1.A3DA.01,0.643361192674846,0.0569229307046229,0.00355393921979333,0.218559986817361,0.077601950583376,0.619885702196403
TCGA.KP.A3W3.01,0.79516527069006,0.079855911279561,0.0182826886767906,0.106207002877004,0.000489126476584887,0.434401061402338
TCGA.AJ.A3IA.01,0.952955782529465,0.0400831648073949,0.00691929337450941,3.76772285133568e-05,4.08206011727012e-06,0.130297972878733
TCGA.AJ.A8CW.01,0.600614104971296,0.0133713358857438,1.35518132008417e-05,0.382327816354726,0.00367319097503385,0.46738858017529
TCGA.H5.A2HR.01,0.564680288416233,0.424404089773483,0.0102171736862371,0.000508069985414985,0.000190378138632258,0.459025355525881
TCGA.EY.A547.01,0.336734288042465,0.33292154382802,0.00194784731493992,0.327991831320255,0.000404489494320206,0.691941293028209
TCGA.BK.A6W3.01,0.511105365284346,0.000160050610842311,0.00188309295059672,0.463225285010071,0.0236262061441438,0.497825460988992
TCGA.BK.A56F.01,0.493486645269668,5.18785663082061e-05,0.000125301663584201,0.506332518779824,3.65572061550084e-06,0.431705730425472
TCGA.EO.A3AY.01,0.175403182914643,0.356277260058999,0.0186570586812546,0.423794656385074,0.0258678419600298,0.749123570992116
